CustomerID,Age,Gender,Location,Annual_Income,Purchase_Frequency,Avg_Order_Value,Total_Annual_Spend,Top_Category,Preferred_Channel,Days_Since_Last_Purchase,Returns_Count,Satisfaction_Score,Loyalty_Score
CUST00001,43,Female,New York,45431,14,56.6,792.4,Sports,Online,1,3,3.5,5.2
CUST00002,31,Male,Los Angeles,36722,8,10.71,85.68,Automotive,Online,15,1,4.2,3.8
CUST00003,27,Male,New York,22544,11,69.91,769.01,Clothing,Online,29,0,3.3,4.5
CUST00004,24,Female,New York,60272,10,43.76,437.6,Automotive,Online,4,1,4.7,4.3
CUST00005,35,Female,Dallas,60726,14,466.3,6528.2,Books,Online,5,6,3.7,7.6
CUST00006,25,Female,New York,20520,10,30.22,302.2,Groceries,In-Store,59,0,4.1,3.9
CUST00007,44,Male,Chicago,79878,14,57.68,807.52,Home & Garden,Mobile App,3,2,3.4,5.2
CUST00008,35,Male,Los Angeles,39116,10,119.62,1196.2,Books,Online,23,0,4.1,4.5
CUST00009,49,Female,San Jose,75930,13,706.7,9187.1,Sports,Mobile App,15,0,3.5,8.5
CUST00010,20,Female,Dallas,86974,12,45.87,550.44,Clothing,Mobile App,42,0,3.3,4.5
CUST00011,35,Male,Dallas,38763,12,53.7,644.4,Sports,Mobile App,3,0,4.3,4.8
CUST00012,53,Female,Philadelphia,41748,16,10.4,166.4,Health,Online,5,0,4.2,5.3
CUST00013,43,Male,Houston,44741,10,34.46,344.6,Sports,Mobile App,130,1,4.5,3.5
CUST00014,18,Female,Los Angeles,48311,10,69.56,695.6,Books,Online,1,0,5.0,4.5
CUST00015,35,Female,Philadelphia,57864,8,148.41,1187.28,Groceries,Online,12,1,4.1,4.2
CUST00016,54,Male,Phoenix,105427,12,47.21,566.52,Clothing,In-Store,6,0,4.5,4.7
CUST00017,58,Male,Houston,79258,9,97.07,873.63,Groceries,Online,19,1,3.3,4.2
CUST00018,28,Male,Dallas,41063,9,78.2,703.8,Home & Garden,In-Store,30,0,4.7,4.1
CUST00019,41,Female,New York,75357,10,96.1,961.0,Home & Garden,Mobile App,79,2,3.7,4.1
CUST00020,41,Female,San Antonio,33093,12,28.96,347.52,Sports,Online,37,1,4.2,4.4
CUST00021,47,Female,San Jose,98480,16,36.33,581.28,Beauty,Online,10,1,3.9,5.4
CUST00022,37,Female,San Diego,59138,17,67.3,1144.1,Groceries,Online,18,1,4.6,5.8
CUST00023,26,Male,Dallas,83905,11,61.14,672.54,Automotive,Online,112,2,4.0,3.9
CUST00024,50,Female,San Jose,40612,10,109.63,1096.3,Books,Online,43,1,3.8,4.4
CUST00025,38,Non-binary,Chicago,26143,14,25.42,355.88,Automotive,Online,43,4,3.0,4.8
CUST00026,44,Female,Los Angeles,91542,14,53.48,748.72,Groceries,In-Store,12,0,4.4,5.1
CUST00027,32,Female,San Antonio,51278,12,107.81,1293.72,Health,Online,1,0,3.2,5.1
CUST00028,32,Male,San Diego,89225,7,40.42,282.94,Automotive,Online,50,0,4.3,3.4
CUST00029,38,Female,New York,34256,12,16.16,193.92,Clothing,In-Store,48,1,3.9,4.3
CUST00030,28,Female,Phoenix,122236,8,83.3,666.4,Beauty,Online,57,1,2.9,3.7
CUST00031,63,Male,San Diego,86496,11,161.88,1780.68,Electronics,Mobile App,1,0,3.6,5.1
CUST00032,43,Female,Phoenix,75060,12,10,120,Automotive,In-Store,5,1,3.3,4.5
CUST00033,56,Female,Los Angeles,101498,4,69.47,277.88,Sports,Mobile App,177,1,4.7,2.1
CUST00034,40,Female,Houston,35238,19,202.39,3845.41,Groceries,Online,11,5,2.9,7.3
CUST00035,32,Male,Dallas,54950,10,43.14,431.4,Electronics,In-Store,43,4,3.0,4.1
CUST00036,44,Female,Los Angeles,33170,11,41.74,459.14,Beauty,Mobile App,88,3,4.0,4.0
CUST00037,53,Female,Phoenix,49590,10,83.67,836.7,Home & Garden,Online,109,2,3.5,3.8
CUST00038,25,Female,Los Angeles,25139,14,103.22,1445.08,Clothing,In-Store,2,1,4.2,5.5
CUST00039,18,Female,Dallas,129798,17,102.48,1742.16,Groceries,Online,2,0,4.7,6.1
CUST00040,32,Male,Dallas,54836,6,149.61,897.66,Groceries,Online,178,2,3.1,2.7
CUST00041,18,Female,San Antonio,116252,17,53.97,917.49,Home & Garden,Mobile App,13,0,4.0,5.7
CUST00042,53,Female,Houston,74904,11,52.44,576.84,Sports,Online,109,0,4.2,3.9
CUST00043,38,Female,Philadelphia,84198,12,49.29,591.48,Toys,Mobile App,30,2,4.6,4.6
CUST00044,36,Male,Houston,83865,13,59.72,776.36,Home & Garden,Online,12,1,3.2,5.0
CUST00045,42,Male,Dallas,137570,10,35.56,355.6,Home & Garden,In-Store,88,4,3.4,3.8
CUST00046,52,Male,New York,37871,13,61.55,800.15,Home & Garden,Online,15,1,4.5,4.9
CUST00047,41,Male,Philadelphia,57889,13,53.56,696.28,Clothing,In-Store,3,2,2.9,5.0
CUST00048,50,Male,San Diego,114434,10,79.01,790.1,Home & Garden,In-Store,54,2,4.6,4.2
CUST00049,50,Female,San Jose,53709,11,189.11,2080.21,Health,Online,7,0,4.4,5.2
CUST00050,18,Female,San Antonio,108487,11,76.71,843.81,Home & Garden,Online,50,1,2.7,4.4
CUST00051,18,Female,Philadelphia,47545,12,26.76,321.12,Books,Online,2,0,4.3,4.6
CUST00052,42,Female,New York,29233,8,63.82,510.56,Clothing,Online,50,0,4.5,3.7
CUST00053,31,Female,Los Angeles,31695,8,61.87,494.96,Home & Garden,Online,10,0,3.5,4.0
CUST00054,61,Female,Chicago,49980,13,61.64,801.32,Books,Online,46,1,3.7,4.7
CUST00055,31,Male,Los Angeles,24948,12,43.01,516.12,Toys,Mobile App,41,0,2.9,4.5
CUST00056,48,Female,Los Angeles,28470,17,33.76,573.92,Electronics,In-Store,12,1,3.9,5.6
CUST00057,28,Female,New York,22421,9,217.24,1955.16,Clothing,Mobile App,63,1,4.2,4.4
CUST00058,66,Female,Chicago,85647,15,50.82,762.3,Books,Online,10,2,3.4,5.3
CUST00059,38,Male,San Antonio,52577,9,48.39,435.51,Electronics,Online,7,0,3.7,4.1
CUST00060,28,Male,San Antonio,36321,17,11.57,196.69,Sports,Mobile App,86,0,4.3,4.9
CUST00061,42,Female,Phoenix,46784,16,40.17,642.72,Books,In-Store,25,3,3.4,5.3
CUST00062,30,Female,Dallas,67092,10,21.34,213.4,Toys,Online,4,1,3.8,4.2
CUST00063,24,Male,New York,56798,12,60.1,721.2,Health,In-Store,4,0,3.8,4.8
CUST00064,30,Male,Philadelphia,74468,14,40.19,562.66,Electronics,Online,13,4,4.6,5.0
CUST00065,40,Male,Dallas,51491,8,93.84,750.72,Groceries,Online,84,0,4.8,3.6
CUST00066,30,Female,Chicago,67750,8,97.56,780.48,Clothing,In-Store,33,0,4.5,3.9
CUST00067,34,Female,Houston,82552,16,41.53,664.48,Books,Online,8,2,2.6,5.5
CUST00068,35,Female,Houston,77088,12,35.9,430.8,Health,In-Store,85,1,4.0,4.2
CUST00069,42,Female,San Antonio,39010,13,75.74,984.62,Health,In-Store,4,1,4.0,5.1
CUST00070,56,Male,Phoenix,61152,17,164.17,2790.89,Home & Garden,In-Store,3,2,3.5,6.6
CUST00071,54,Male,Phoenix,85368,12,31.79,381.48,Books,Online,72,1,3.6,4.2
CUST00072,45,Female,San Diego,47544,8,369.45,2955.6,Beauty,Mobile App,1,3,3.3,5.1
CUST00073,40,Female,New York,62515,8,26.08,208.64,Toys,In-Store,60,3,4.2,3.5
CUST00074,38,Female,Los Angeles,89483,13,59.7,776.1,Clothing,In-Store,45,0,3.8,4.7
CUST00075,25,Female,Chicago,20000,12,27.03,324.36,Beauty,Mobile App,40,1,3.2,4.4
CUST00076,24,Female,Philadelphia,45162,8,117.11,936.88,Sports,Online,20,1,3.7,4.1
CUST00077,34,Female,Phoenix,26673,12,67.34,808.08,Health,Mobile App,7,1,3.8,4.8
CUST00078,68,Female,Dallas,26664,11,15.57,171.27,Electronics,In-Store,27,0,3.4,4.2
CUST00079,41,Female,Los Angeles,42610,19,119.49,2270.31,Groceries,Online,10,0,3.3,6.7
CUST00080,43,Female,Dallas,32049,14,40.73,570.22,Groceries,Online,29,0,3.6,4.9
CUST00081,39,Female,Philadelphia,45629,8,52.17,417.36,Home & Garden,In-Store,12,3,3.1,3.9
CUST00082,25,Female,Dallas,68786,10,83.79,837.9,Toys,Online,19,2,3.0,4.4
CUST00083,29,Female,New York,22591,13,27.21,353.73,Clothing,In-Store,22,1,4.7,4.7
CUST00084,49,Female,New York,48193,15,301.47,4522.05,Electronics,Online,7,0,4.3,6.9
CUST00085,22,Male,Phoenix,51815,9,21.31,191.79,Groceries,In-Store,32,2,3.8,3.9
CUST00086,57,Female,San Antonio,116281,14,59.7,835.8,Automotive,Online,12,1,4.3,5.2
CUST00087,44,Male,Chicago,32887,6,43.46,260.76,Automotive,Online,20,0,3.3,3.4
CUST00088,26,Male,Dallas,87509,13,94.19,1224.47,Groceries,Online,37,1,3.9,5.0
CUST00089,45,Male,Philadelphia,21257,13,52.12,677.56,Electronics,Mobile App,2,3,3.7,5.0
CUST00090,46,Male,Houston,35977,15,103.06,1545.9,Clothing,Online,10,0,3.2,5.6
CUST00091,37,Female,San Antonio,68966,8,87.02,696.16,Health,In-Store,74,3,3.6,3.6
CUST00092,19,Female,Houston,47484,18,118.27,2128.86,Groceries,Mobile App,1,5,3.5,6.5
CUST00093,38,Female,San Antonio,49829,10,71.33,713.3,Electronics,Online,9,0,3.8,4.4
CUST00094,40,Female,San Antonio,37672,10,58.51,585.1,Home & Garden,Online,28,1,3.6,4.2
CUST00095,48,Female,Los Angeles,57277,13,109.88,1428.44,Books,Mobile App,45,3,3.6,5.0
CUST00096,65,Female,Houston,40152,15,201.48,3022.2,Home & Garden,Mobile App,6,0,3.7,6.3
CUST00097,21,Male,Phoenix,29576,10,65.09,650.9,Home & Garden,Online,17,1,3.9,4.3
CUST00098,36,Female,San Antonio,31130,12,150.95,1811.4,Beauty,Online,21,0,4.8,5.2
CUST00099,31,Male,Phoenix,35263,10,51.35,513.5,Beauty,In-Store,51,1,3.2,4.1
CUST00100,31,Male,Dallas,69432,9,197.01,1773.09,Beauty,Mobile App,3,1,4.7,4.7
CUST00101,44,Male,Phoenix,88963,12,19.61,235.32,Groceries,In-Store,9,2,3.0,4.6
CUST00102,46,Non-binary,New York,27352,12,155.08,1860.96,Clothing,In-Store,13,2,3.8,5.2
CUST00103,40,Male,Philadelphia,57991,16,94.79,1516.64,Books,In-Store,26,2,4.2,5.7
CUST00104,33,Female,San Antonio,30993,15,89.37,1340.55,Health,Online,17,0,4.2,5.5
CUST00105,47,Male,San Antonio,21608,9,189.92,1709.28,Electronics,In-Store,4,3,3.4,4.7
CUST00106,45,Female,Houston,54319,14,141.39,1979.46,Beauty,Online,1,2,3.2,5.7
CUST00107,31,Female,Philadelphia,60322,15,199.51,2992.65,Health,Online,27,1,3.8,6.2
CUST00108,23,Female,Phoenix,44455,15,146.25,2193.75,Automotive,Online,7,1,4.5,5.9
CUST00109,45,Male,San Antonio,46418,11,22.92,252.12,Sports,In-Store,137,2,3.3,3.6
CUST00110,22,Male,San Antonio,108452,16,84.77,1356.32,Groceries,In-Store,33,3,3.9,5.6
CUST00111,52,Male,Dallas,64233,12,86.7,1040.4,Electronics,Online,17,0,3.6,4.9
CUST00112,29,Male,San Jose,48637,13,42.77,556.01,Health,In-Store,17,0,4.5,4.8
CUST00113,35,Male,San Diego,33574,12,136.52,1638.24,Home & Garden,In-Store,59,1,3.3,4.8
CUST00114,26,Female,Chicago,47751,8,191.02,1528.16,Clothing,Online,37,0,4.4,4.2
CUST00115,40,Female,San Jose,20000,6,33.08,198.48,Beauty,Online,50,2,3.2,3.2
CUST00116,54,Female,Houston,81515,14,139.03,1946.42,Sports,Online,2,3,3.3,5.7
CUST00117,42,Male,New York,162816,14,32.39,453.46,Electronics,Online,40,2,3.4,4.8
CUST00118,26,Male,Los Angeles,74185,14,46.92,656.88,Toys,Online,1,1,4.0,5.1
CUST00119,42,Female,Houston,69979,15,28.27,424.05,Books,Online,106,0,3.3,4.6
CUST00120,40,Male,New York,87195,11,141.89,1560.79,Clothing,In-Store,76,1,3.8,4.5
CUST00121,47,Male,Dallas,54100,9,174.82,1573.38,Toys,Online,5,2,3.9,4.6
CUST00122,41,Male,Los Angeles,41759,12,59.76,717.12,Toys,Online,21,1,4.4,4.7
CUST00123,33,Male,Dallas,26480,22,26.94,592.68,Automotive,In-Store,24,2,4.4,6.4
CUST00124,38,Female,San Diego,24205,10,22.43,224.3,Health,Mobile App,35,1,3.6,4.0
CUST00125,48,Female,San Antonio,96026,12,85.96,1031.52,Automotive,Online,61,0,4.6,4.6
CUST00126,34,Male,San Diego,36205,5,60.85,304.25,Toys,Online,198,0,3.5,2.2
CUST00127,30,Male,Phoenix,49271,21,73.52,1543.92,Automotive,Online,35,3,3.9,6.5
CUST00128,51,Male,San Diego,27668,9,43.09,387.81,Clothing,In-Store,82,0,5.0,3.6
CUST00129,48,Male,Philadelphia,64384,19,358.67,6814.73,Beauty,Mobile App,39,1,3.9,8.4
CUST00130,40,Male,Chicago,62760,14,31.1,435.4,Home & Garden,Online,27,0,4.8,4.9
CUST00131,50,Male,Houston,42667,15,99.0,1485.0,Clothing,Online,12,3,3.8,5.6
CUST00132,34,Male,San Diego,104468,16,59.08,945.28,Books,Online,8,1,3.9,5.6
CUST00133,27,Female,San Antonio,115140,11,26.97,296.67,Health,Mobile App,2,2,3.3,4.5
CUST00134,18,Male,San Jose,33669,16,48.52,776.32,Books,Online,9,2,3.7,5.5
CUST00135,65,Female,Phoenix,73045,17,58.43,993.31,Books,Mobile App,2,1,4.2,5.8
CUST00136,26,Female,San Antonio,26716,15,126.83,1902.45,Automotive,In-Store,30,1,3.1,5.7
CUST00137,36,Female,San Jose,44910,14,242.9,3400.6,Home & Garden,Online,2,1,4.0,6.3
CUST00138,37,Male,San Diego,66427,15,72.8,1092.0,Electronics,Online,73,3,3.4,5.1
CUST00139,43,Female,San Antonio,24028,11,55.0,605.0,Groceries,Mobile App,8,1,4.2,4.6
CUST00140,34,Female,San Jose,97368,14,37.16,520.24,Automotive,Online,23,0,5.0,4.9
CUST00141,45,Male,San Jose,61549,9,68.76,618.84,Electronics,Online,37,1,3.7,4.0
CUST00142,55,Male,San Diego,20000,11,132.09,1452.99,Groceries,Online,157,0,4.6,4.0
CUST00143,41,Male,Houston,36542,13,30.86,401.18,Toys,Online,12,0,3.6,4.8
CUST00144,28,Female,San Antonio,49931,15,137.24,2058.6,Sports,In-Store,25,2,3.8,5.8
CUST00145,46,Female,Phoenix,142999,14,71.34,998.76,Clothing,Online,82,0,3.7,4.8
CUST00146,26,Female,New York,69298,12,202.03,2424.36,Beauty,Online,12,3,3.3,5.5
CUST00147,24,Male,New York,41191,12,338.16,4057.92,Electronics,Mobile App,2,1,4.0,6.2
CUST00148,44,Male,New York,67529,14,31.52,441.28,Health,Online,11,0,3.6,5.0
CUST00149,39,Male,Los Angeles,72362,10,301.58,3015.8,Health,Mobile App,26,4,2.6,5.3
CUST00150,32,Male,Phoenix,93103,15,46.76,701.4,Beauty,Online,12,1,3.7,5.3
CUST00151,38,Female,Los Angeles,48775,13,65.53,851.89,Groceries,Mobile App,26,1,4.3,4.9
CUST00152,18,Male,New York,50775,8,95.15,761.2,Sports,In-Store,25,0,4.0,4.0
CUST00153,18,Female,San Antonio,57601,7,97.33,681.31,Books,Mobile App,54,0,3.4,3.6
CUST00154,29,Male,San Jose,47360,9,51.57,464.13,Home & Garden,Online,4,1,3.4,4.2
CUST00155,39,Female,San Jose,49102,16,129.63,2074.08,Clothing,In-Store,17,1,3.1,6.0
CUST00156,36,Female,New York,84470,8,155.32,1242.56,Beauty,In-Store,60,1,3.6,4.0
CUST00157,31,Female,Los Angeles,20000,15,23.68,355.2,Automotive,In-Store,1,4,3.6,5.2
CUST00158,39,Male,San Antonio,28704,11,65.42,719.62,Toys,Online,5,1,3.4,4.6
CUST00159,18,Female,San Diego,38379,11,81.4,895.4,Groceries,Online,103,1,3.9,4.1
CUST00160,30,Female,Phoenix,133827,12,112.11,1345.32,Health,Mobile App,30,1,4.0,4.9
CUST00161,23,Female,San Diego,50740,15,56.81,852.15,Toys,Online,2,1,3.9,5.4
CUST00162,21,Female,Phoenix,28727,10,32.05,320.5,Beauty,Mobile App,6,0,4.3,4.3
CUST00163,52,Female,Los Angeles,72796,9,133.92,1205.28,Sports,Mobile App,39,1,3.4,4.3
CUST00164,41,Male,San Diego,29463,15,44.33,664.95,Health,In-Store,84,3,3.6,4.8
CUST00165,56,Male,New York,64816,7,32.09,224.63,Toys,Mobile App,30,2,2.4,3.5
CUST00166,35,Male,Houston,42097,17,121.79,2070.43,Beauty,In-Store,42,4,3.2,6.0
CUST00167,43,Male,San Jose,73436,15,75.7,1135.5,Sports,In-Store,101,1,3.2,4.9
CUST00168,36,Female,Houston,46758,14,68.12,953.68,Clothing,Online,47,3,2.8,5.0
CUST00169,44,Male,Dallas,20000,13,60.53,786.89,Home & Garden,In-Store,1,1,3.2,5.0
CUST00170,53,Female,San Diego,38849,9,110.38,993.42,Toys,In-Store,8,1,4.5,4.4
CUST00171,36,Male,Houston,49418,15,38.5,577.5,Books,In-Store,77,1,4.2,4.8
CUST00172,32,Male,San Jose,31219,11,100.72,1107.92,Beauty,Online,29,1,4.0,4.6
CUST00173,19,Female,San Antonio,98166,15,45.32,679.8,Automotive,Online,25,0,5.0,5.2
CUST00174,56,Female,Phoenix,147760,13,136.57,1775.41,Sports,Online,8,2,4.0,5.4
CUST00175,35,Male,Houston,38205,15,70.94,1064.1,Beauty,Online,14,0,4.7,5.4
CUST00176,29,Female,Chicago,20000,6,192.37,1154.22,Home & Garden,Online,365,2,3.6,1.7
CUST00177,52,Female,San Jose,67518,7,51.39,359.73,Automotive,In-Store,44,1,4.3,3.5
CUST00178,21,Non-binary,Houston,25694,16,17.69,283.04,Sports,Online,64,1,4.0,4.9
CUST00179,44,Male,New York,36571,11,65.41,719.51,Automotive,Online,19,2,4.5,4.5
CUST00180,26,Male,New York,57871,15,62.17,932.55,Automotive,Online,7,2,3.6,5.4
CUST00181,48,Female,San Diego,31516,11,65.7,722.7,Clothing,Mobile App,1,0,3.6,4.6
CUST00182,18,Female,San Diego,79715,10,69.89,698.9,Toys,Online,100,0,4.3,3.8
CUST00183,19,Male,New York,36644,9,81.9,737.1,Sports,Mobile App,25,2,2.9,4.1
CUST00184,29,Male,Los Angeles,31393,16,32.75,524.0,Books,Online,44,1,3.9,5.2
CUST00185,42,Female,New York,132763,6,27.48,164.88,Groceries,Online,177,2,3.3,2.4
CUST00186,59,Female,Phoenix,27752,12,177.34,2128.08,Clothing,Mobile App,18,0,4.0,5.3
CUST00187,30,Male,San Antonio,68279,9,150.41,1353.69,Health,In-Store,29,0,3.6,4.4
CUST00188,33,Female,Dallas,64943,15,63.9,958.5,Books,Online,58,2,3.4,5.1
CUST00189,50,Male,San Jose,64730,11,18.51,203.61,Books,Online,52,3,3.6,4.1
CUST00190,38,Female,San Jose,78356,8,42.5,340.0,Clothing,Mobile App,88,1,4.3,3.4
CUST00191,31,Male,Houston,36914,17,57.99,985.83,Sports,In-Store,20,0,3.4,5.7
CUST00192,40,Male,Chicago,55976,14,29.01,406.14,Automotive,Online,1,4,3.3,5.0
CUST00193,28,Male,San Diego,68053,12,53.92,647.04,Health,Online,52,1,2.9,4.5
CUST00194,53,Male,Phoenix,48408,10,120.11,1201.1,Sports,In-Store,3,0,4.3,4.7
CUST00195,33,Male,Houston,29515,11,156.34,1719.74,Sports,In-Store,14,3,4.2,5.0
CUST00196,42,Female,Houston,31744,10,50.33,503.3,Books,Online,66,0,4.3,4.0
CUST00197,54,Male,Chicago,85553,12,137.01,1644.12,Sports,Mobile App,84,4,2.7,4.7
CUST00198,41,Male,Chicago,70102,13,20.22,262.86,Sports,In-Store,56,1,2.7,4.5
CUST00199,31,Female,Phoenix,46639,10,95.5,955.0,Toys,Online,51,1,3.7,4.3
CUST00200,48,Female,San Antonio,36690,10,84.58,845.8,Sports,In-Store,28,0,3.7,4.4
CUST00201,18,Female,Los Angeles,41649,13,139.08,1808.04,Health,Online,1,5,2.8,5.5
CUST00202,36,Male,Philadelphia,44674,15,70.04,1050.6,Health,Online,1,2,4.3,5.5
CUST00203,49,Male,San Jose,64576,17,10.05,170.85,Health,Mobile App,8,4,3.9,5.4
CUST00204,57,Non-binary,Phoenix,101033,13,70.3,913.9,Health,Online,3,1,3.0,5.1
CUST00205,43,Female,San Diego,53041,13,331.5,4309.5,Automotive,In-Store,2,1,3.9,6.5
CUST00206,30,Female,Chicago,48032,8,24.92,199.36,Health,Online,43,0,4.0,3.6
CUST00207,38,Female,Los Angeles,21990,9,53.71,483.39,Toys,Online,65,1,3.4,3.8
CUST00208,42,Male,Los Angeles,44388,11,35.86,394.46,Groceries,Online,14,2,3.8,4.4
CUST00209,33,Female,Phoenix,34231,11,119.34,1312.74,Books,Mobile App,41,1,3.7,4.6
CUST00210,32,Female,San Diego,53142,9,206.14,1855.26,Clothing,Online,4,1,4.2,4.8
CUST00211,27,Male,San Antonio,41407,11,95.43,1049.73,Automotive,Mobile App,36,1,3.7,4.6
CUST00212,36,Male,Dallas,49531,13,43.44,564.72,Toys,Online,65,0,4.2,4.5
CUST00213,24,Male,Philadelphia,52036,10,45.42,454.2,Health,In-Store,4,1,3.8,4.3
CUST00214,48,Female,New York,99511,16,241.81,3868.96,Home & Garden,Online,7,2,3.4,6.8
CUST00215,44,Male,Phoenix,64137,11,18.45,202.95,Toys,Mobile App,30,2,4.2,4.2
CUST00216,34,Female,New York,25135,8,33.95,271.6,Health,In-Store,1,2,3.3,3.9
CUST00217,36,Female,Phoenix,33104,10,21.32,213.2,Automotive,Online,8,3,4.0,4.2
CUST00218,32,Male,Houston,48632,11,62.69,689.59,Clothing,Online,5,0,3.8,4.6
CUST00219,34,Male,Chicago,118096,10,108.62,1086.2,Toys,Mobile App,33,2,3.4,4.4
CUST00220,36,Male,Phoenix,62707,11,28.91,318.01,Books,Mobile App,26,3,3.5,4.3
CUST00221,25,Non-binary,Houston,30321,8,27.58,220.64,Toys,In-Store,154,1,3.3,2.9
CUST00222,25,Male,San Jose,55914,11,11.35,124.85,Automotive,In-Store,168,3,3.3,3.3
CUST00223,32,Male,Los Angeles,24301,12,80.33,963.96,Sports,In-Store,62,0,4.9,4.5
CUST00224,33,Female,Philadelphia,57186,15,61.12,916.8,Automotive,Online,96,3,3.0,4.8
CUST00225,27,Male,Phoenix,34215,15,14.95,224.25,Health,In-Store,20,5,4.9,5.0
CUST00226,51,Female,Chicago,43807,17,60.66,1031.22,Toys,In-Store,15,2,4.3,5.7
CUST00227,61,Male,Dallas,42925,14,50.05,700.7,Automotive,Online,11,2,3.3,5.1
CUST00228,31,Female,Houston,78522,8,108.63,869.04,Home & Garden,In-Store,66,2,4.1,3.8
CUST00229,28,Male,San Antonio,48377,11,58.34,641.74,Electronics,Online,3,2,3.4,4.6
CUST00230,38,Male,San Antonio,68509,10,184.66,1846.6,Books,Mobile App,44,0,4.0,4.7
CUST00231,36,Female,Chicago,33181,10,122.86,1228.6,Toys,Mobile App,96,2,3.3,4.1
CUST00232,19,Male,San Jose,45575,13,36.66,476.58,Beauty,Mobile App,61,2,3.9,4.5
CUST00233,30,Female,San Diego,54393,14,120.34,1684.76,Clothing,In-Store,42,2,4.0,5.3
CUST00234,29,Male,Chicago,79973,12,84.32,1011.84,Books,Mobile App,1,2,3.2,4.9
CUST00235,30,Female,Los Angeles,49437,9,36.56,329.04,Toys,In-Store,4,1,4.3,4.1
CUST00236,32,Male,San Jose,79293,11,87.65,964.15,Books,In-Store,3,2,3.6,4.7
CUST00237,55,Female,Dallas,81586,14,70.96,993.44,Books,Mobile App,9,0,4.1,5.2
CUST00238,45,Female,San Diego,95047,20,24.27,485.4,Automotive,Online,4,2,2.7,6.1
CUST00239,32,Male,Phoenix,108973,9,138.02,1242.18,Home & Garden,In-Store,9,2,3.5,4.5
CUST00240,42,Male,Los Angeles,29847,15,29.0,435.0,Clothing,Online,30,2,4.6,5.0
CUST00241,31,Female,New York,44822,7,112.01,784.07,Electronics,Online,1,0,3.7,4.0
CUST00242,35,Male,Philadelphia,28370,12,360.98,4331.76,Beauty,Online,1,2,4.1,6.4
CUST00243,23,Male,San Antonio,90479,7,106.8,747.6,Health,In-Store,6,0,4.3,3.9
CUST00244,39,Male,Chicago,114916,10,74.84,748.4,Clothing,In-Store,68,0,4.0,4.1
CUST00245,40,Male,Houston,56059,15,21.74,326.1,Toys,Mobile App,1,1,3.5,5.2
CUST00246,58,Male,San Diego,46204,12,97.12,1165.44,Sports,Online,2,1,3.9,5.0
CUST00247,33,Female,San Diego,41161,13,30.63,398.19,Sports,In-Store,46,2,3.8,4.6
CUST00248,28,Male,San Diego,24546,18,133.1,2395.8,Beauty,Mobile App,24,0,4.0,6.4
CUST00249,27,Male,San Antonio,154700,12,274.93,3299.16,Sports,Online,2,1,3.8,5.9
CUST00250,64,Male,San Antonio,20000,11,57.94,637.34,Toys,Online,7,0,3.4,4.6
CUST00251,43,Male,Philadelphia,60120,9,40.38,363.42,Health,Online,39,1,3.9,3.9
CUST00252,43,Female,New York,49539,15,235.81,3537.15,Books,Online,6,2,3.6,6.5
CUST00253,55,Female,New York,59610,12,27.79,333.48,Health,In-Store,11,2,4.0,4.6
CUST00254,32,Female,Phoenix,47269,12,51.89,622.68,Home & Garden,In-Store,15,2,3.3,4.7
CUST00255,30,Male,Houston,101388,11,18.05,198.55,Health,Online,51,0,4.5,4.1
CUST00256,18,Female,Chicago,80091,14,67.36,943.04,Clothing,Mobile App,6,0,3.5,5.2
CUST00257,33,Female,Phoenix,71501,20,266.0,5320.0,Toys,Online,13,2,3.0,8.1
CUST00258,35,Male,Chicago,81381,15,24.15,362.25,Clothing,Mobile App,21,1,3.9,5.1
CUST00259,33,Male,San Antonio,62575,6,67.21,403.26,Groceries,Online,32,2,3.7,3.4
CUST00260,50,Female,Philadelphia,73668,14,72.0,1008.0,Automotive,In-Store,8,1,4.4,5.3
CUST00261,42,Male,Chicago,37497,12,31.15,373.8,Sports,Mobile App,7,0,3.5,4.6
CUST00262,46,Female,Phoenix,26060,11,153.83,1692.13,Beauty,Mobile App,56,0,3.5,4.7
CUST00263,47,Male,Los Angeles,42687,15,225.25,3378.75,Groceries,In-Store,1,2,4.2,6.5
CUST00264,43,Male,San Antonio,105966,20,105.14,2102.8,Automotive,Online,6,2,3.0,6.8
CUST00265,61,Female,New York,271157,11,96.95,1066.45,Sports,In-Store,41,3,3.9,4.5
CUST00266,32,Male,Phoenix,71120,15,26.86,402.9,Health,Online,93,5,2.7,4.6
CUST00267,24,Female,Philadelphia,39620,15,54.28,814.2,Clothing,In-Store,44,0,4.0,5.1
CUST00268,19,Male,San Jose,40280,14,94.68,1325.52,Automotive,Online,1,3,3.6,5.4
CUST00269,40,Female,Los Angeles,105105,11,30.51,335.61,Toys,Mobile App,68,2,3.1,4.1
CUST00270,51,Male,San Antonio,142071,10,159.95,1599.5,Clothing,Online,14,1,3.0,4.8
CUST00271,31,Female,Phoenix,20000,14,59.79,837.06,Toys,Online,75,3,3.3,4.8
CUST00272,56,Male,Dallas,37341,7,46.76,327.32,Groceries,Online,204,0,3.2,2.5
CUST00273,22,Male,Dallas,51154,22,192.39,4232.58,Books,In-Store,20,2,3.5,8.0
CUST00274,28,Female,San Antonio,34046,12,129.53,1554.36,Clothing,Mobile App,105,1,3.2,4.5
CUST00275,31,Female,Phoenix,42217,13,26.85,349.05,Electronics,In-Store,1,2,4.1,4.8
CUST00276,47,Male,San Diego,114217,10,135.96,1359.6,Home & Garden,Mobile App,107,0,4.1,4.1
CUST00277,44,Male,Philadelphia,59119,9,138.81,1249.29,Automotive,Mobile App,21,0,4.6,4.4
CUST00278,19,Female,New York,65045,11,99.01,1089.11,Books,Online,125,0,3.5,4.0
CUST00279,37,Female,San Diego,44538,18,49.12,884.16,Clothing,In-Store,26,0,3.2,5.8
CUST00280,58,Female,San Jose,104799,13,46.9,609.7,Electronics,Online,6,2,3.8,4.9
CUST00281,28,Male,Chicago,33530,9,63.62,572.58,Health,Online,53,2,3.2,3.9
CUST00282,43,Female,Dallas,63551,18,93.46,1682.28,Home & Garden,In-Store,27,2,3.2,6.1
CUST00283,46,Female,Houston,43690,13,38.47,500.11,Beauty,In-Store,63,3,2.8,4.5
CUST00284,47,Female,San Jose,28014,11,97.21,1069.31,Electronics,Online,2,1,3.9,4.8
CUST00285,33,Non-binary,Chicago,47811,10,66.04,660.4,Automotive,Online,95,0,3.7,3.9
CUST00286,32,Male,New York,108444,14,54.86,768.04,Groceries,Online,1,0,3.9,5.2
CUST00287,47,Female,Houston,59102,7,31.2,218.4,Health,Online,37,1,3.3,3.5
CUST00288,50,Male,New York,37920,15,29.91,448.65,Groceries,In-Store,17,2,3.1,5.1
CUST00289,50,Female,Los Angeles,20000,12,89.33,1071.96,Toys,Online,55,3,3.9,4.6
CUST00290,43,Male,San Jose,29451,8,49.79,398.32,Clothing,Online,8,0,3.9,3.9
CUST00291,49,Male,San Jose,81238,12,40.58,486.96,Electronics,In-Store,3,0,3.4,4.7
CUST00292,67,Female,Dallas,62201,9,25.42,228.78,Sports,Online,10,2,3.3,4.0
CUST00293,18,Female,New York,20000,12,36.31,435.72,Toys,Mobile App,21,2,3.9,4.6
CUST00294,25,Male,Los Angeles,51386,13,35.63,463.19,Toys,In-Store,33,0,3.8,4.7
CUST00295,48,Male,Los Angeles,43086,9,54.07,486.63,Beauty,In-Store,63,0,4.0,3.8
CUST00296,69,Male,Phoenix,26593,13,81.16,1055.08,Health,In-Store,50,3,4.4,4.8
CUST00297,35,Female,Philadelphia,107644,17,58.6,996.2,Books,Mobile App,34,2,3.4,5.6
CUST00298,34,Female,San Diego,82238,6,54.25,325.5,Automotive,In-Store,357,1,4.3,1.4
CUST00299,30,Male,Los Angeles,25480,11,43.67,480.37,Automotive,In-Store,42,2,2.5,4.3
CUST00300,45,Male,San Diego,26219,12,101.41,1216.92,Home & Garden,Online,24,0,4.3,4.9
CUST00301,43,Female,San Antonio,109174,15,88.84,1332.6,Books,In-Store,23,1,3.4,5.5
CUST00302,39,Male,Philadelphia,45943,15,115.46,1731.9,Sports,Online,21,1,4.0,5.7
CUST00303,59,Male,San Diego,43480,9,31.1,279.9,Clothing,Online,9,2,3.2,4.1
CUST00304,27,Male,San Antonio,113052,15,31.05,465.75,Clothing,In-Store,68,2,4.2,4.8
CUST00305,45,Male,Chicago,29097,9,120.75,1086.75,Automotive,Online,68,2,2.9,4.0
CUST00306,41,Female,Dallas,36447,11,85.18,936.98,Beauty,In-Store,1,1,3.0,4.7
CUST00307,46,Male,San Antonio,41741,16,40.65,650.4,Electronics,Mobile App,2,6,3.3,5.5
CUST00308,36,Female,Philadelphia,37157,7,156.08,1092.56,Clothing,In-Store,43,0,3.7,3.8
CUST00309,23,Male,San Diego,71720,13,141.17,1835.21,Home & Garden,Mobile App,27,5,4.2,5.3
CUST00310,28,Male,Dallas,113868,9,86.26,776.34,Beauty,Online,9,5,1.8,4.3
CUST00311,37,Male,Houston,34228,14,98.57,1379.98,Books,Mobile App,4,3,3.5,5.4
CUST00312,29,Non-binary,San Jose,37536,13,98.89,1285.57,Health,In-Store,17,2,3.3,5.1
CUST00313,56,Female,San Jose,78408,21,11.35,238.35,Sports,Online,2,4,3.5,6.2
CUST00314,32,Male,Phoenix,45118,6,30.22,181.32,Beauty,Online,120,1,4.0,2.8
CUST00315,27,Male,Chicago,84779,12,58.69,704.28,Health,In-Store,2,4,3.1,4.8
CUST00316,30,Male,New York,44456,9,19.87,178.83,Clothing,In-Store,4,0,3.9,4.0
CUST00317,18,Male,San Antonio,38004,15,32.77,491.55,Toys,Online,3,1,3.5,5.2
CUST00318,32,Male,Philadelphia,54164,9,49.94,449.46,Health,In-Store,81,0,3.5,3.7
CUST00319,37,Female,Chicago,30741,10,51.85,518.5,Groceries,In-Store,31,1,4.0,4.2
CUST00320,20,Male,Los Angeles,75338,12,17.81,213.72,Sports,Online,52,0,3.8,4.3
CUST00321,23,Male,San Jose,20000,14,147.03,2058.42,Toys,Online,51,1,4.2,5.4
CUST00322,34,Male,Dallas,78029,8,64.28,514.24,Clothing,Online,30,1,4.6,3.8
CUST00323,34,Male,San Jose,87547,10,47.27,472.7,Toys,In-Store,7,1,4.0,4.3
CUST00324,60,Male,Houston,119883,12,82.02,984.24,Books,Mobile App,14,1,3.1,4.9
CUST00325,22,Male,Houston,57524,9,90.87,817.83,Sports,Mobile App,13,3,3.1,4.3
CUST00326,52,Female,Phoenix,36965,11,152.29,1675.19,Sports,Online,52,0,4.1,4.7
CUST00327,24,Male,San Antonio,71306,9,37.08,333.72,Groceries,Online,1,3,2.9,4.1
CUST00328,36,Female,Houston,25562,10,119.15,1191.5,Automotive,In-Store,1,0,4.0,4.7
CUST00329,30,Female,Philadelphia,32758,18,203.1,3655.8,Clothing,Online,3,4,3.5,7.1
CUST00330,52,Female,San Antonio,40097,8,43.84,350.72,Electronics,Online,32,2,2.9,3.8
CUST00331,30,Male,Philadelphia,49070,11,22.48,247.28,Health,Online,1,1,3.7,4.4
CUST00332,19,Male,San Antonio,74073,8,48.67,389.36,Sports,Online,63,0,4.6,3.6
CUST00333,29,Male,Philadelphia,74373,14,58.97,825.58,Groceries,Mobile App,1,0,4.3,5.2
CUST00334,39,Female,Philadelphia,99980,15,58.19,872.85,Clothing,Online,79,3,3.6,4.9
CUST00335,23,Male,San Antonio,92114,9,133.47,1201.23,Health,Online,39,1,4.3,4.3
CUST00336,30,Male,Phoenix,43206,11,133.97,1473.67,Beauty,Online,90,0,3.8,4.4
CUST00337,45,Female,Los Angeles,44144,5,83.67,418.35,Automotive,In-Store,11,1,3.0,3.4
CUST00338,18,Female,Houston,49287,12,118.79,1425.48,Beauty,Online,26,3,3.9,5.0
CUST00339,26,Female,Chicago,128161,11,147.66,1624.26,Home & Garden,Online,10,0,3.4,5.0
CUST00340,31,Male,Chicago,27416,11,85.35,938.85,Health,Online,25,1,3.5,4.6
CUST00341,47,Female,Los Angeles,20057,11,72.67,799.37,Groceries,Mobile App,77,1,3.3,4.2
CUST00342,44,Female,San Diego,54715,16,111.36,1781.76,Health,In-Store,11,1,4.0,5.9
CUST00343,43,Male,San Jose,64763,7,32.47,227.29,Health,Online,205,0,4.0,2.4
CUST00344,39,Non-binary,Philadelphia,33735,15,89.69,1345.35,Groceries,Online,2,1,4.9,5.6
CUST00345,42,Male,Phoenix,45008,11,49.92,549.12,Sports,In-Store,8,1,4.8,4.5
CUST00346,18,Male,Los Angeles,86315,12,149.53,1794.36,Sports,Online,12,0,3.7,5.2
CUST00347,37,Male,Philadelphia,30691,12,45.2,542.4,Sports,Online,50,2,3.0,4.4
CUST00348,42,Female,Los Angeles,44234,14,65.45,916.3,Health,In-Store,13,0,3.7,5.2
CUST00349,39,Male,San Jose,50479,13,60.68,788.84,Automotive,Mobile App,3,3,3.2,5.0
CUST00350,46,Female,New York,20000,11,89.82,988.02,Toys,Mobile App,15,0,4.6,4.7
CUST00351,34,Female,Houston,31854,11,45.2,497.2,Beauty,In-Store,16,0,4.1,4.5
CUST00352,41,Female,New York,40819,4,23.1,92.4,Toys,Online,63,2,3.2,2.8
CUST00353,40,Female,Philadelphia,71753,13,76.83,998.79,Clothing,In-Store,31,3,4.4,4.9
CUST00354,39,Male,Houston,97747,16,111.34,1781.44,Toys,Mobile App,6,3,3.5,5.9
CUST00355,18,Female,San Jose,74446,21,36.43,765.03,Groceries,Online,19,4,4.3,6.3
CUST00356,57,Female,San Antonio,88330,14,26.97,377.58,Books,In-Store,9,2,4.0,5.0
CUST00357,34,Female,New York,25204,6,138.95,833.7,Beauty,Online,10,0,4.8,3.8
CUST00358,43,Male,San Antonio,40258,18,17.52,315.36,Sports,Online,1,1,4.5,5.7
CUST00359,29,Female,San Jose,85180,12,32.67,392.04,Groceries,Online,71,1,4.3,4.2
CUST00360,36,Female,Chicago,35187,9,61.72,555.48,Beauty,Online,16,1,3.3,4.1
CUST00361,46,Female,San Antonio,32007,11,106.83,1175.13,Groceries,In-Store,5,3,2.3,4.8
CUST00362,32,Female,Phoenix,33455,10,50.76,507.6,Automotive,Online,1,1,3.9,4.4
CUST00363,44,Female,Chicago,26218,17,48.02,816.34,Automotive,Online,5,4,2.8,5.7
CUST00364,43,Female,Dallas,33432,10,51.23,512.3,Beauty,Online,178,0,3.9,3.3
CUST00365,45,Male,Houston,90534,13,54.81,712.53,Beauty,Mobile App,27,1,2.9,4.8
CUST00366,46,Female,Houston,20000,16,75.92,1214.72,Groceries,Online,39,2,4.0,5.5
CUST00367,26,Male,Los Angeles,33780,15,125.25,1878.75,Automotive,In-Store,9,4,3.7,5.8
CUST00368,18,Female,Dallas,36737,15,31.97,479.55,Electronics,In-Store,23,1,4.2,5.1
CUST00369,50,Female,San Jose,58629,10,57.61,576.1,Groceries,In-Store,22,0,4.3,4.3
CUST00370,35,Male,Chicago,41071,11,45.51,500.61,Health,Mobile App,36,1,3.4,4.3
CUST00371,40,Male,San Diego,82113,13,20.74,269.62,Electronics,Online,69,1,4.4,4.4
CUST00372,26,Female,Houston,86695,12,72.09,865.08,Toys,In-Store,34,2,3.7,4.7
CUST00373,45,Female,San Diego,26219,13,150.73,1959.49,Home & Garden,In-Store,22,1,3.2,5.4
CUST00374,40,Male,San Diego,69952,7,123.59,865.13,Home & Garden,Online,6,0,4.4,4.0
CUST00375,27,Female,San Diego,103310,9,151.28,1361.52,Toys,In-Store,128,1,3.8,3.8
CUST00376,39,Female,Dallas,30855,11,25.22,277.42,Automotive,Online,3,1,3.5,4.4
CUST00377,55,Male,Houston,20000,13,28.65,372.45,Health,Online,14,2,3.2,4.8
CUST00378,42,Male,San Diego,29264,7,144.11,1008.77,Beauty,In-Store,73,2,4.0,3.6
CUST00379,23,Male,Dallas,62768,11,51.78,569.58,Clothing,Online,4,1,4.0,4.6
CUST00380,68,Female,Phoenix,34433,12,152.37,1828.44,Toys,Mobile App,8,2,4.8,5.2
CUST00381,61,Male,San Antonio,48498,9,119.75,1077.75,Clothing,Mobile App,67,2,3.7,4.0
CUST00382,31,Male,San Diego,161168,8,16.15,129.2,Beauty,Mobile App,110,0,4.4,3.2
CUST00383,33,Male,San Antonio,45000,15,157.06,2355.9,Automotive,Online,12,2,3.1,6.0
CUST00384,40,Male,Los Angeles,28614,22,58.73,1292.06,Beauty,Online,11,3,3.5,6.8
CUST00385,24,Male,Los Angeles,20000,11,40.6,446.6,Beauty,In-Store,34,0,5.0,4.3
CUST00386,42,Male,Phoenix,52684,8,184.13,1473.04,Toys,In-Store,23,0,4.9,4.3
CUST00387,34,Male,San Diego,28839,8,303.55,2428.4,Toys,In-Store,93,1,4.3,4.3
CUST00388,40,Female,New York,105335,6,57.8,346.8,Sports,Online,21,0,4.4,3.5
CUST00389,35,Male,San Jose,26051,13,154.74,2011.62,Automotive,Online,2,3,3.7,5.5
CUST00390,40,Female,Houston,46426,22,90.48,1990.56,Sports,Online,14,5,2.3,7.0
CUST00391,30,Male,San Jose,77991,7,27.51,192.57,Toys,Online,2,2,4.2,3.7
CUST00392,34,Female,San Diego,22088,16,148.27,2372.32,Health,In-Store,18,4,3.2,6.1
CUST00393,38,Female,San Jose,67321,13,144.32,1876.16,Home & Garden,In-Store,5,0,5.0,5.5
CUST00394,54,Male,New York,66491,12,44.05,528.6,Health,Online,17,0,4.1,4.6
CUST00395,31,Female,Chicago,36261,11,81.48,896.28,Clothing,In-Store,21,2,2.4,4.6
CUST00396,29,Male,Dallas,49276,6,135.56,813.36,Automotive,In-Store,49,1,3.8,3.5
CUST00397,40,Non-binary,Dallas,23501,13,48.51,630.63,Electronics,Online,5,0,3.9,4.9
CUST00398,38,Male,San Antonio,27355,9,132.22,1189.98,Beauty,Online,3,0,2.9,4.5
CUST00399,51,Male,Los Angeles,105081,11,51.78,569.58,Beauty,Online,13,0,4.0,4.5
CUST00400,56,Female,Los Angeles,70665,10,53.04,530.4,Health,In-Store,7,2,3.5,4.4
CUST00401,47,Male,New York,47741,6,152.39,914.34,Beauty,In-Store,297,0,3.7,2.0
CUST00402,38,Female,Chicago,50420,9,83.6,752.4,Toys,Mobile App,8,1,3.7,4.3
CUST00403,31,Male,Chicago,118129,13,84.59,1099.67,Groceries,Online,1,1,4.0,5.2
CUST00404,53,Female,San Diego,20000,11,33.92,373.12,Electronics,Online,4,0,4.8,4.5
CUST00405,31,Male,Houston,25703,14,18.5,259.0,Electronics,Online,23,1,3.3,4.8
CUST00406,68,Male,San Antonio,23224,13,154.98,2014.74,Automotive,Online,23,1,3.5,5.4
CUST00407,54,Male,Houston,58233,15,30.63,459.45,Sports,Online,7,2,3.7,5.2
CUST00408,18,Female,Philadelphia,48158,15,104.42,1566.3,Sports,Online,4,1,3.9,5.7
CUST00409,48,Male,San Antonio,157363,11,64.93,714.23,Toys,Mobile App,1,3,3.5,4.6
CUST00410,34,Male,Chicago,100870,13,37.25,484.25,Toys,In-Store,7,1,3.5,4.9
CUST00411,19,Male,Dallas,136558,13,23.51,305.63,Sports,Mobile App,9,2,3.7,4.8
CUST00412,54,Female,Los Angeles,93939,17,252.73,4296.41,Books,In-Store,24,5,3.8,7.1
CUST00413,42,Female,Dallas,43255,9,280.02,2520.18,Sports,Online,11,2,3.6,5.0
CUST00414,21,Male,Phoenix,39012,19,108.31,2057.89,Sports,Online,22,2,4.2,6.5
CUST00415,52,Female,Chicago,80182,13,16.7,217.1,Toys,Online,15,2,3.7,4.7
CUST00416,19,Male,Philadelphia,34613,18,89.58,1612.44,Health,Mobile App,37,2,3.9,6.0
CUST00417,32,Male,New York,44337,12,37.8,453.6,Clothing,In-Store,50,2,3.1,4.4
CUST00418,42,Male,Dallas,66365,8,74.04,592.32,Groceries,Mobile App,18,1,3.9,4.0
CUST00419,25,Male,San Jose,49811,10,60.93,609.3,Toys,Online,39,3,3.6,4.2
CUST00420,50,Male,Philadelphia,79203,14,63.73,892.22,Beauty,Online,1,3,3.6,5.2
CUST00421,42,Female,San Jose,40791,12,71.08,852.96,Groceries,In-Store,28,3,4.4,4.7
CUST00422,52,Female,Philadelphia,87689,10,44.69,446.9,Toys,In-Store,19,1,4.0,4.2
CUST00423,38,Female,Dallas,54339,13,133.96,1741.48,Beauty,Online,14,0,3.6,5.3
CUST00424,38,Female,Houston,42391,10,10,100,Clothing,Online,77,1,4.3,3.7
CUST00425,35,Male,Dallas,46236,14,21.19,296.66,Books,Mobile App,40,1,3.0,4.7
CUST00426,26,Male,Phoenix,133919,11,70.74,778.14,Toys,Online,12,2,4.5,4.6
CUST00427,35,Female,San Diego,68933,5,24.87,124.35,Home & Garden,Online,1,3,2.6,3.3
CUST00428,41,Female,San Diego,53767,11,14.53,159.83,Groceries,Mobile App,15,2,3.7,4.3
CUST00429,53,Male,Los Angeles,38310,10,71.69,716.9,Beauty,In-Store,72,1,4.8,4.0
CUST00430,35,Female,Dallas,112119,9,81.6,734.4,Automotive,Online,17,0,3.7,4.2
CUST00431,20,Male,Chicago,36885,16,31.67,506.72,Groceries,In-Store,6,0,3.6,5.4
CUST00432,40,Female,Los Angeles,23642,10,126.98,1269.8,Home & Garden,In-Store,86,1,3.6,4.2
CUST00433,36,Male,San Diego,40958,10,92.3,923.0,Electronics,Online,4,1,3.5,4.5
CUST00434,43,Female,San Diego,37899,12,57.86,694.32,Automotive,Online,58,0,4.1,4.5
CUST00435,56,Female,Los Angeles,50906,8,36.73,293.84,Sports,Online,22,1,3.0,3.8
CUST00436,27,Female,San Diego,65022,10,105.48,1054.8,Automotive,Online,37,0,4.4,4.4
CUST00437,27,Male,San Jose,51726,11,51.01,561.11,Clothing,Online,6,2,3.6,4.5
CUST00438,33,Male,Los Angeles,56846,15,29.27,439.05,Toys,Online,3,5,3.6,5.2
CUST00439,23,Female,Chicago,26651,13,82.13,1067.69,Automotive,In-Store,47,1,3.3,4.9
CUST00440,30,Male,Chicago,33177,10,205.64,2056.4,Books,In-Store,16,1,4.2,4.9
CUST00441,54,Female,Los Angeles,45261,8,53.01,424.08,Automotive,Online,52,0,4.4,3.7
CUST00442,24,Male,Philadelphia,92123,5,43.69,218.45,Home & Garden,Online,6,0,3.3,3.3
CUST00443,31,Female,Phoenix,42394,18,31.72,570.96,Clothing,Online,7,3,3.6,5.8
CUST00444,41,Female,Dallas,121721,17,25.2,428.4,Sports,Online,3,2,3.8,5.6
CUST00445,29,Male,Dallas,94423,4,22.81,91.24,Clothing,In-Store,124,1,3.4,2.4
CUST00446,41,Male,San Jose,46353,11,108.73,1196.03,Groceries,Online,27,2,3.5,4.7
CUST00447,51,Female,San Jose,43457,10,74.57,745.7,Beauty,Mobile App,49,2,3.9,4.2
CUST00448,36,Female,New York,35847,14,39.67,555.38,Clothing,Online,26,1,4.5,4.9
CUST00449,21,Female,San Jose,55281,10,23.35,233.5,Sports,In-Store,124,2,3.6,3.5
CUST00450,49,Female,San Antonio,47444,12,52.33,627.96,Health,In-Store,4,0,3.2,4.8
CUST00451,49,Female,Dallas,63219,12,106.71,1280.52,Sports,In-Store,39,3,4.3,4.8
CUST00452,31,Male,Houston,54617,17,135.04,2295.68,Books,Online,19,3,3.4,6.3
CUST00453,44,Male,New York,62038,8,95.65,765.2,Groceries,Online,34,1,3.3,3.9
CUST00454,45,Female,Houston,20000,16,100.69,1611.04,Beauty,In-Store,28,2,3.7,5.7
CUST00455,33,Male,Philadelphia,33267,12,29.81,357.72,Beauty,Mobile App,14,5,3.3,4.6
CUST00456,44,Male,Philadelphia,27520,13,605.73,7874.49,Automotive,In-Store,11,1,3.3,8.0
CUST00457,31,Male,San Diego,64781,6,39.17,235.02,Clothing,Online,19,1,4.6,3.4
CUST00458,18,Male,Los Angeles,49794,15,15.57,233.55,Electronics,Online,61,0,3.8,4.8
CUST00459,57,Male,San Jose,59775,12,67.53,810.36,Books,Online,28,0,4.2,4.7
CUST00460,18,Female,Chicago,34667,6,47.38,284.28,Beauty,Mobile App,13,1,4.0,3.5
CUST00461,39,Female,Houston,33833,7,152.06,1064.42,Groceries,Online,15,0,3.9,4.0
CUST00462,37,Female,San Diego,36183,13,28.09,365.17,Sports,Online,3,1,3.3,4.8
CUST00463,57,Male,San Antonio,76204,10,29.79,297.9,Automotive,Online,51,0,2.6,4.0
CUST00464,44,Male,San Jose,43397,5,76.96,384.8,Beauty,Online,57,0,4.4,3.1
CUST00465,49,Male,San Jose,39014,13,61.99,805.87,Toys,Online,25,0,4.2,4.9
CUST00466,43,Male,Los Angeles,54565,13,185.59,2412.67,Books,Online,14,4,3.6,5.6
CUST00467,26,Male,Philadelphia,34610,14,99.52,1393.28,Books,Online,16,1,3.5,5.4
CUST00468,36,Male,San Jose,42820,12,54.43,653.16,Automotive,Online,44,2,3.5,4.5
CUST00469,37,Female,Los Angeles,37132,6,57.73,346.38,Books,In-Store,107,0,4.4,2.9
CUST00470,40,Female,Phoenix,61670,9,135.96,1223.64,Health,In-Store,107,0,4.4,3.8
CUST00471,45,Male,Los Angeles,76585,5,33.57,167.85,Books,Online,297,1,3.1,1.5
CUST00472,37,Non-binary,Dallas,56034,15,57.96,869.4,Beauty,In-Store,71,1,4.0,5.0
CUST00473,30,Male,Dallas,106940,13,37.02,481.26,Books,In-Store,1,1,4.2,4.9
CUST00474,32,Male,Chicago,27670,11,130.38,1434.18,Beauty,Mobile App,5,2,3.7,4.9
CUST00475,29,Female,Chicago,121894,12,141.07,1692.84,Health,Mobile App,1,2,4.3,5.2
CUST00476,48,Male,San Jose,49134,14,87.09,1219.26,Beauty,Online,15,1,4.0,5.3
CUST00477,28,Non-binary,Phoenix,48098,12,55.99,671.88,Health,Online,53,1,4.0,4.5
CUST00478,38,Female,Dallas,63825,10,49.26,492.6,Toys,In-Store,7,0,4.4,4.3
CUST00479,49,Male,New York,33137,12,47.52,570.24,Beauty,Online,85,2,3.2,4.2
CUST00480,59,Male,San Antonio,40595,7,36.88,258.16,Health,Online,2,0,3.7,3.7
CUST00481,32,Female,New York,59737,12,49.82,597.84,Health,Online,46,0,4.0,4.5
CUST00482,42,Female,San Jose,56667,11,12.54,137.94,Health,Online,72,2,3.4,4.0
CUST00483,18,Male,San Diego,67114,8,33.45,267.6,Groceries,In-Store,23,1,3.3,3.8
CUST00484,28,Female,San Antonio,53217,8,20.22,161.76,Groceries,Mobile App,17,0,4.0,3.8
CUST00485,36,Male,San Jose,62102,19,53.29,1012.51,Clothing,Online,5,4,3.6,6.2
CUST00486,61,Male,San Antonio,171832,11,386.87,4255.57,Groceries,Online,8,2,3.6,6.1
CUST00487,53,Male,Dallas,35049,8,36.75,294.0,Health,Mobile App,69,2,2.5,3.5
CUST00488,50,Female,New York,36288,9,20.05,180.45,Groceries,In-Store,1,1,3.8,4.1
CUST00489,43,Female,San Diego,47494,13,77.22,1003.86,Automotive,Online,56,2,3.1,4.8
CUST00490,36,Female,San Diego,30083,11,113.48,1248.28,Automotive,Online,112,1,3.7,4.2
CUST00491,61,Male,Phoenix,56903,9,22.17,199.53,Health,Online,15,1,3.2,4.0
CUST00492,30,Female,Phoenix,28807,11,150.14,1651.54,Automotive,Online,31,0,4.5,4.9
CUST00493,32,Female,Phoenix,54291,13,95.2,1237.6,Sports,In-Store,1,2,3.5,5.2
CUST00494,52,Female,San Diego,21164,12,33.47,401.64,Beauty,Online,7,2,3.3,4.6
CUST00495,22,Female,Phoenix,20356,15,58.1,871.5,Sports,Online,7,4,3.2,5.4
CUST00496,24,Female,San Antonio,91158,10,39.1,391.0,Books,Mobile App,60,0,4.5,4.0
CUST00497,58,Female,Chicago,39301,9,113.1,1017.9,Sports,Online,6,2,3.7,4.4
CUST00498,18,Female,Los Angeles,41169,13,42.19,548.47,Beauty,Mobile App,7,1,3.9,4.9
CUST00499,38,Female,San Diego,23405,10,30.88,308.8,Home & Garden,Online,95,2,3.5,3.7
CUST00500,45,Female,Dallas,67506,15,137.63,2064.45,Sports,Online,20,2,4.0,5.8
CUST00501,39,Female,San Jose,41020,6,88.0,528.0,Home & Garden,Online,8,2,2.4,3.6
CUST00502,38,Female,Dallas,87522,12,124.23,1490.76,Home & Garden,In-Store,53,1,4.0,4.8
CUST00503,30,Male,San Antonio,39245,9,73.85,664.65,Beauty,In-Store,73,1,4.1,3.8
CUST00504,27,Male,Chicago,82521,13,83.48,1085.24,Electronics,Mobile App,1,5,3.1,5.2
CUST00505,43,Non-binary,Chicago,88394,14,61.09,855.26,Books,In-Store,1,3,4.0,5.2
CUST00506,36,Female,San Diego,34575,13,39.53,513.89,Toys,In-Store,100,1,3.9,4.3
CUST00507,54,Female,Phoenix,26975,14,35.5,497.0,Beauty,Online,3,1,3.3,5.1
CUST00508,50,Male,Los Angeles,56699,17,38.02,646.34,Health,Online,23,2,3.7,5.5
CUST00509,41,Female,New York,20572,8,57.47,459.76,Groceries,Online,19,1,4.3,3.9
CUST00510,43,Female,New York,111657,8,149.12,1192.96,Books,In-Store,1,0,4.1,4.3
CUST00511,53,Male,Phoenix,57457,10,22.51,225.1,Electronics,Online,1,2,3.9,4.3
CUST00512,48,Female,Los Angeles,92926,9,120.91,1088.19,Beauty,Online,133,1,4.0,3.6
CUST00513,60,Non-binary,Dallas,97127,15,104.21,1563.15,Automotive,Online,8,3,3.8,5.7
CUST00514,23,Female,Dallas,57365,14,65.12,911.68,Toys,Online,64,1,3.1,4.9
CUST00515,38,Female,Philadelphia,119634,18,28.06,505.08,Groceries,In-Store,3,3,4.0,5.8
CUST00516,18,Female,Chicago,25417,10,22.01,220.1,Electronics,In-Store,90,0,4.2,3.7
CUST00517,46,Female,San Jose,56731,14,44.15,618.1,Home & Garden,Online,2,0,3.5,5.1
CUST00518,35,Female,San Antonio,29671,15,85.1,1276.5,Books,In-Store,5,0,3.6,5.6
CUST00519,32,Male,Los Angeles,88511,14,152.34,2132.76,Groceries,Mobile App,25,1,4.4,5.6
CUST00520,49,Male,Houston,46129,13,143.07,1859.91,Electronics,Online,109,2,4.3,4.8
CUST00521,35,Male,Phoenix,52891,11,19.97,219.67,Beauty,Online,12,3,2.5,4.4
CUST00522,42,Female,New York,67600,9,88.89,800.01,Sports,In-Store,40,1,3.7,4.1
CUST00523,55,Female,New York,22373,8,108.79,870.32,Clothing,Online,23,1,3.1,4.0
CUST00524,47,Male,Dallas,35815,9,184.28,1658.52,Sports,In-Store,5,2,3.6,4.7
CUST00525,30,Female,Phoenix,41583,11,29.26,321.86,Beauty,In-Store,6,2,4.5,4.4
CUST00526,40,Male,Chicago,28524,18,58.45,1052.1,Toys,Online,25,2,4.4,5.9
CUST00527,30,Female,San Jose,54607,10,66.31,663.1,Beauty,Online,61,2,3.7,4.1
CUST00528,35,Female,San Diego,82093,13,31.05,403.65,Automotive,Mobile App,2,0,3.9,4.9
CUST00529,33,Female,Houston,64157,9,69.93,629.37,Health,Mobile App,7,3,2.3,4.2
CUST00530,31,Male,San Diego,61598,13,56.39,733.07,Automotive,In-Store,15,3,3.5,4.9
CUST00531,42,Male,San Jose,98109,9,143.63,1292.67,Clothing,Online,21,0,4.2,4.4
CUST00532,42,Female,Dallas,77712,11,96.18,1057.98,Home & Garden,In-Store,14,2,3.0,4.7
CUST00533,47,Male,Philadelphia,52614,15,104.18,1562.7,Automotive,Online,16,1,4.7,5.6
CUST00534,41,Female,San Jose,44577,12,31.42,377.04,Toys,Online,14,0,4.1,4.6
CUST00535,27,Female,New York,156203,15,53.17,797.55,Toys,Online,63,2,3.2,5.0
CUST00536,23,Male,San Jose,83004,13,27.64,359.32,Electronics,In-Store,35,4,3.8,4.6
CUST00537,23,Female,Phoenix,31768,9,42.24,380.16,Electronics,Online,10,0,3.2,4.1
CUST00538,22,Female,Houston,24685,16,90.33,1445.28,Health,Online,21,0,3.7,5.7
CUST00539,20,Male,Los Angeles,83091,11,50.46,555.06,Automotive,Mobile App,97,2,4.3,4.0
CUST00540,43,Female,Los Angeles,66251,16,72.86,1165.76,Toys,Online,19,1,3.3,5.6
CUST00541,46,Male,Chicago,52129,12,77.28,927.36,Books,Online,21,2,3.4,4.8
CUST00542,25,Female,San Diego,63600,12,25.65,307.8,Books,Online,49,3,3.9,4.3
CUST00543,31,Female,Dallas,60486,12,59.41,712.92,Groceries,In-Store,58,1,3.4,4.5
CUST00544,35,Male,Chicago,39191,17,45.86,779.62,Automotive,Online,20,2,3.9,5.6
CUST00545,22,Male,Houston,70817,13,29.13,378.69,Electronics,In-Store,33,1,3.7,4.7
CUST00546,54,Non-binary,San Diego,49741,19,69.08,1312.52,Automotive,Online,9,3,4.0,6.3
CUST00547,41,Male,Houston,57547,11,458.82,5047.02,Home & Garden,Online,9,2,3.5,6.4
CUST00548,34,Male,Houston,39342,20,60.03,1200.6,Clothing,Online,6,0,3.4,6.4
CUST00549,43,Female,San Jose,20000,12,95.1,1141.2,Electronics,Online,14,1,3.8,4.9
CUST00550,56,Male,San Jose,42546,9,64.08,576.72,Electronics,Online,60,0,3.8,3.9
CUST00551,21,Female,New York,57816,15,52.01,780.15,Home & Garden,In-Store,50,2,3.9,5.1
CUST00552,37,Male,Houston,23607,6,107.36,644.16,Automotive,Online,47,0,3.9,3.4
CUST00553,50,Female,New York,99227,14,69.09,967.26,Groceries,In-Store,9,0,4.7,5.2
CUST00554,27,Male,San Jose,22091,15,58.04,870.6,Beauty,In-Store,65,3,3.2,5.0
CUST00555,31,Female,Philadelphia,63808,12,96.71,1160.52,Home & Garden,Online,26,1,3.9,4.9
CUST00556,29,Male,Dallas,61608,16,32.05,512.8,Home & Garden,Online,10,1,3.5,5.4
CUST00557,40,Male,Dallas,48050,5,73.91,369.55,Health,Mobile App,4,1,3.3,3.4
CUST00558,69,Female,San Antonio,91642,8,122.49,979.92,Automotive,Online,10,0,3.2,4.2
CUST00559,45,Non-binary,San Antonio,68708,10,91.06,910.6,Automotive,Online,37,3,3.0,4.3
CUST00560,45,Male,Chicago,37767,9,38.85,349.65,Sports,Online,102,1,4.6,3.5
CUST00561,25,Female,San Diego,20000,7,155.44,1088.08,Home & Garden,Mobile App,84,0,3.7,3.6
CUST00562,21,Male,Chicago,22074,8,35.48,283.84,Toys,Mobile App,20,0,4.3,3.8
CUST00563,27,Female,San Antonio,57924,11,72.16,793.76,Automotive,In-Store,6,2,4.1,4.6
CUST00564,48,Male,Phoenix,59949,6,122.2,733.2,Home & Garden,Online,56,0,4.4,3.4
CUST00565,45,Male,San Diego,79631,6,46.92,281.52,Beauty,Online,1,0,3.5,3.6
CUST00566,63,Female,Houston,80183,9,58.63,527.67,Electronics,Online,149,3,3.4,3.3
CUST00567,49,Female,San Jose,22696,13,39.73,516.49,Electronics,Mobile App,52,0,3.3,4.6
CUST00568,40,Male,San Jose,97657,15,83.83,1257.45,Automotive,Online,49,3,2.9,5.3
CUST00569,44,Male,Philadelphia,45687,10,53.06,530.6,Sports,Mobile App,3,1,4.2,4.4
CUST00570,34,Male,Houston,108990,12,32.92,395.04,Clothing,In-Store,14,1,2.8,4.6
CUST00571,31,Female,Houston,91809,12,34.86,418.32,Health,In-Store,82,3,3.0,4.2
CUST00572,40,Male,Houston,182710,12,61.54,738.48,Automotive,Online,19,0,4.3,4.7
CUST00573,46,Male,San Diego,271604,9,49.57,446.13,Automotive,In-Store,25,0,3.8,4.0
CUST00574,46,Male,Philadelphia,24322,11,204.14,2245.54,Automotive,Mobile App,1,1,4.2,5.3
CUST00575,47,Male,San Diego,52640,14,21.85,305.9,Beauty,Mobile App,16,2,3.6,4.9
CUST00576,38,Male,San Antonio,24486,16,95.2,1523.2,Electronics,In-Store,55,1,3.8,5.5
CUST00577,46,Male,Chicago,65916,13,307.84,4001.92,Electronics,Online,22,1,3.5,6.3
CUST00578,27,Female,San Jose,52734,11,66.0,726.0,Books,Online,13,2,2.7,4.6
CUST00579,35,Male,Houston,57367,17,53.09,902.53,Books,In-Store,8,2,4.1,5.7
CUST00580,49,Male,Dallas,39567,11,17.61,193.71,Beauty,Online,81,3,2.8,3.9
CUST00581,23,Female,San Diego,43441,19,102.17,1941.23,Toys,Online,24,6,2.6,6.4
CUST00582,39,Female,Chicago,27225,9,130.24,1172.16,Groceries,In-Store,140,1,4.9,3.6
CUST00583,52,Female,Dallas,54197,10,91.51,915.1,Electronics,In-Store,18,0,3.4,4.4
CUST00584,22,Female,Los Angeles,31050,9,69.43,624.87,Electronics,In-Store,2,4,2.8,4.2
CUST00585,38,Male,Houston,76349,7,79.26,554.82,Clothing,In-Store,34,1,3.2,3.7
CUST00586,37,Male,Dallas,22644,20,215.15,4303.0,Toys,Online,16,2,3.5,7.7
CUST00587,34,Female,San Jose,47178,9,55.06,495.54,Toys,In-Store,3,4,3.1,4.2
CUST00588,42,Male,Dallas,62910,12,93.28,1119.36,Automotive,Online,120,0,4.4,4.2
CUST00589,29,Male,Phoenix,34116,15,137.51,2062.65,Automotive,Mobile App,19,2,3.5,5.8
CUST00590,36,Male,San Antonio,43640,12,95.84,1150.08,Groceries,Online,104,1,3.6,4.4
CUST00591,39,Male,Chicago,30927,12,17.26,207.12,Home & Garden,Online,22,1,3.5,4.5
CUST00592,47,Female,Philadelphia,83741,11,39.01,429.11,Sports,In-Store,6,1,3.3,4.5
CUST00593,54,Male,San Antonio,28298,13,197.88,2572.44,Toys,In-Store,1,0,3.0,5.8
CUST00594,43,Non-binary,Houston,55524,9,133.52,1201.68,Sports,In-Store,115,1,3.9,3.8
CUST00595,26,Female,New York,127025,12,98.42,1181.04,Clothing,Online,18,1,3.5,4.9
CUST00596,43,Male,San Diego,68943,9,80.22,721.98,Electronics,In-Store,35,1,3.7,4.1
CUST00597,51,Female,Los Angeles,37112,12,71.88,862.56,Toys,Mobile App,83,2,3.1,4.4
CUST00598,41,Female,Philadelphia,37091,8,232.61,1860.88,Health,Mobile App,5,1,3.8,4.6
CUST00599,53,Non-binary,Dallas,53806,14,39.86,558.04,Electronics,Online,3,3,4.4,5.1
CUST00600,40,Female,San Jose,77715,6,112.8,676.8,Toys,Online,41,1,4.0,3.5
CUST00601,48,Female,Phoenix,43992,17,50.37,856.29,Automotive,In-Store,4,1,4.3,5.7
CUST00602,28,Male,Philadelphia,26275,7,21.35,149.45,Electronics,Mobile App,22,3,4.2,3.6
CUST00603,30,Female,San Antonio,63218,7,43.66,305.62,Clothing,Online,3,0,4.4,3.8
CUST00604,42,Female,San Jose,83487,9,292.98,2636.82,Books,In-Store,10,1,4.0,5.1
CUST00605,20,Female,San Antonio,24476,12,42.57,510.84,Groceries,In-Store,34,3,3.8,4.5
CUST00606,51,Female,Los Angeles,36740,10,41.23,412.3,Automotive,In-Store,13,3,4.1,4.3
CUST00607,46,Male,Los Angeles,57144,7,121.57,850.99,Books,Online,101,0,4.3,3.4
CUST00608,36,Male,San Jose,30686,9,55.11,495.99,Health,Mobile App,36,0,4.6,4.0
CUST00609,30,Male,Philadelphia,42481,12,58.23,698.76,Electronics,In-Store,5,2,3.9,4.8
CUST00610,51,Female,San Diego,55031,14,93.03,1302.42,Toys,Online,9,0,3.1,5.4
CUST00611,41,Female,San Antonio,94496,10,46.58,465.8,Books,Online,57,2,3.2,4.0
CUST00612,33,Female,San Antonio,74902,13,20.26,263.38,Clothing,In-Store,37,2,3.4,4.6
CUST00613,34,Male,Houston,20000,12,102.48,1229.76,Clothing,Online,84,4,3.5,4.5
CUST00614,18,Male,Chicago,29800,12,64.56,774.72,Books,Online,3,1,3.9,4.8
CUST00615,35,Male,New York,40936,12,104.57,1254.84,Sports,Online,16,1,4.2,5.0
CUST00616,24,Female,Los Angeles,47224,16,403.59,6457.44,Groceries,Online,84,3,2.5,7.4
CUST00617,45,Male,Dallas,27166,11,67.85,746.35,Automotive,In-Store,83,1,3.4,4.1
CUST00618,54,Male,Los Angeles,21335,18,26.27,472.86,Beauty,In-Store,18,0,2.9,5.7
CUST00619,39,Female,Philadelphia,53217,13,78.87,1025.31,Books,Online,2,2,4.1,5.1
CUST00620,18,Male,Los Angeles,58181,11,96.94,1066.34,Automotive,Mobile App,23,0,4.0,4.7
CUST00621,19,Non-binary,San Jose,92285,16,46.13,738.08,Automotive,Online,33,2,3.5,5.3
CUST00622,33,Male,Chicago,20000,9,68.29,614.61,Sports,Online,25,2,3.0,4.1
CUST00623,49,Female,Los Angeles,48481,15,38.87,583.05,Groceries,Online,6,1,3.0,5.3
CUST00624,22,Male,San Diego,75837,4,89.39,357.56,Clothing,Online,60,0,4.2,2.9
CUST00625,29,Female,San Diego,29006,8,77.53,620.24,Health,In-Store,24,1,4.1,3.9
CUST00626,41,Male,Chicago,22610,13,219.91,2858.83,Sports,Online,33,1,3.3,5.7
CUST00627,36,Male,San Jose,30531,12,66.12,793.44,Books,Mobile App,11,3,4.3,4.8
CUST00628,56,Male,Philadelphia,60473,7,59.21,414.47,Books,Mobile App,30,0,4.8,3.6
CUST00629,32,Female,San Jose,89719,12,70.66,847.92,Groceries,Online,23,3,3.5,4.7
CUST00630,54,Female,Houston,25217,12,43.02,516.24,Toys,Online,16,2,3.7,4.6
CUST00631,44,Female,Philadelphia,68892,10,28.41,284.1,Sports,In-Store,1,1,3.7,4.3
CUST00632,35,Female,San Jose,45344,18,104.2,1875.6,Home & Garden,Online,8,1,4.0,6.3
CUST00633,43,Male,San Antonio,38961,15,102.5,1537.5,Beauty,Online,1,1,2.7,5.7
CUST00634,47,Female,San Jose,34961,10,145.92,1459.2,Automotive,Online,10,0,4.0,4.7
CUST00635,53,Female,New York,32466,12,59.6,715.2,Toys,Mobile App,1,2,4.9,4.8
CUST00636,23,Male,Phoenix,82772,13,157.08,2042.04,Clothing,Mobile App,8,2,3.6,5.5
CUST00637,32,Female,San Antonio,101765,13,59.1,768.3,Toys,Online,36,0,4.3,4.8
CUST00638,37,Male,Phoenix,22070,17,65.34,1110.78,Groceries,In-Store,14,0,4.4,5.8
CUST00639,30,Female,Los Angeles,73927,19,142.79,2713.01,Toys,Mobile App,2,1,4.2,6.9
CUST00640,23,Male,San Antonio,48789,8,265.87,2126.96,Automotive,In-Store,3,1,3.2,4.7
CUST00641,60,Female,San Antonio,86049,13,151.0,1963.0,Automotive,Online,15,2,3.3,5.4
CUST00642,52,Female,Dallas,114368,10,39.34,393.4,Health,In-Store,16,2,3.8,4.2
CUST00643,42,Male,Houston,42101,20,58.46,1169.2,Beauty,Online,1,2,3.7,6.4
CUST00644,43,Female,San Jose,55343,11,125.09,1375.99,Books,Mobile App,54,0,4.0,4.6
CUST00645,45,Male,San Antonio,129518,17,137.97,2345.49,Clothing,Online,11,1,3.9,6.3
CUST00646,26,Male,Dallas,25562,19,269.27,5116.13,Automotive,In-Store,3,5,3.2,7.9
CUST00647,29,Female,Houston,78877,15,286.95,4304.25,Toys,Online,35,0,3.5,6.7
CUST00648,47,Male,San Jose,36035,12,113.56,1362.72,Automotive,Online,39,2,2.8,4.9
CUST00649,35,Non-binary,San Diego,51310,16,36.12,577.92,Clothing,Online,15,3,3.2,5.4
CUST00650,40,Female,Los Angeles,48694,15,21.96,329.4,Clothing,Mobile App,12,2,3.7,5.1
CUST00651,39,Female,Philadelphia,73865,11,152.31,1675.41,Sports,Online,22,1,4.9,4.9
CUST00652,40,Female,Dallas,102727,18,34.27,616.86,Toys,Online,14,0,3.8,5.8
CUST00653,31,Male,San Diego,21553,11,27.45,301.95,Beauty,Online,10,1,3.7,4.4
CUST00654,52,Male,Los Angeles,147484,9,103.59,932.31,Electronics,Mobile App,145,1,3.6,3.5
CUST00655,36,Female,Chicago,68667,10,131.84,1318.4,Home & Garden,In-Store,39,3,3.5,4.5
CUST00656,18,Female,Philadelphia,56782,16,85.9,1374.4,Automotive,Online,56,2,3.9,5.5
CUST00657,30,Male,San Antonio,51030,11,99.21,1091.31,Groceries,Online,1,1,3.3,4.8
CUST00658,32,Female,San Antonio,25130,12,73.34,880.08,Electronics,In-Store,31,0,4.0,4.7
CUST00659,50,Female,San Diego,44145,10,100.04,1000.4,Health,Online,30,0,4.7,4.4
CUST00660,42,Male,Houston,28398,9,19.33,173.97,Home & Garden,Online,120,2,3.7,3.3
CUST00661,37,Female,Los Angeles,28652,8,176.56,1412.48,Health,Online,6,1,3.1,4.4
CUST00662,49,Female,Chicago,33793,12,44.23,530.76,Beauty,Online,138,0,3.9,3.9
CUST00663,29,Male,Phoenix,145207,19,22.41,425.79,Toys,In-Store,23,0,5.0,5.8
CUST00664,31,Female,San Jose,34921,15,24.84,372.6,Books,In-Store,48,3,3.8,4.9
CUST00665,43,Female,Philadelphia,155441,19,61.88,1175.72,Beauty,Mobile App,13,2,4.8,6.2
CUST00666,41,Female,Phoenix,52929,10,583.36,5833.6,Health,In-Store,6,3,3.3,6.6
CUST00667,42,Female,Philadelphia,71858,11,63.6,699.6,Clothing,Online,15,2,4.2,4.5
CUST00668,41,Male,Philadelphia,70961,13,34.39,447.07,Groceries,In-Store,2,2,3.8,4.9
CUST00669,36,Male,Chicago,30834,13,42.33,550.29,Health,Online,104,1,3.7,4.3
CUST00670,36,Male,Dallas,49956,16,56.51,904.16,Groceries,In-Store,4,3,3.6,5.6
CUST00671,46,Female,Chicago,129817,11,106.01,1166.11,Groceries,Online,117,0,3.4,4.1
CUST00672,20,Male,New York,136791,11,63.97,703.67,Beauty,Mobile App,26,1,4.5,4.5
CUST00673,40,Female,Houston,37850,8,25.35,202.8,Books,Mobile App,28,0,3.1,3.7
CUST00674,34,Female,San Diego,34638,14,52.75,738.5,Books,In-Store,5,1,3.0,5.2
CUST00675,36,Male,San Diego,55252,9,84.3,758.7,Toys,Online,3,0,3.6,4.3
CUST00676,21,Female,Houston,96306,14,115.44,1616.16,Sports,Online,3,2,3.1,5.5
CUST00677,49,Male,Phoenix,57022,11,60.34,663.74,Groceries,In-Store,15,2,2.8,4.5
CUST00678,51,Female,San Diego,39757,14,136.42,1909.88,Automotive,In-Store,1,2,3.4,5.7
CUST00679,63,Female,Phoenix,48075,11,58.64,645.04,Automotive,Mobile App,22,2,3.1,4.5
CUST00680,39,Male,New York,63466,15,20.98,314.7,Toys,In-Store,20,1,3.3,5.1
CUST00681,45,Non-binary,Los Angeles,26783,12,104.68,1256.16,Home & Garden,Online,16,1,3.9,5.0
CUST00682,41,Non-binary,San Diego,29926,16,112.43,1798.88,Sports,Online,1,2,3.4,6.0
CUST00683,27,Female,San Diego,101436,13,287.61,3738.93,Clothing,In-Store,8,0,4.4,6.2
CUST00684,34,Male,San Jose,39258,12,131.63,1579.56,Beauty,Mobile App,13,1,4.2,5.1
CUST00685,39,Female,San Antonio,49710,8,40.38,323.04,Groceries,In-Store,80,2,3.9,3.5
CUST00686,32,Female,Houston,151690,13,68.33,888.29,Electronics,In-Store,21,3,2.9,4.9
CUST00687,38,Female,San Jose,132585,12,81.86,982.32,Automotive,Online,38,3,2.9,4.7
CUST00688,61,Non-binary,Phoenix,60846,11,38.17,419.87,Sports,In-Store,7,3,3.5,4.5
CUST00689,49,Female,Dallas,25016,8,54.63,437.04,Clothing,Online,50,0,4.3,3.7
CUST00690,20,Female,San Antonio,91933,9,24.42,219.78,Electronics,Mobile App,24,0,3.7,3.9
CUST00691,51,Female,Chicago,44188,13,73.44,954.72,Groceries,Online,29,4,4.4,4.9
CUST00692,18,Female,Houston,83480,4,45.28,181.12,Books,Online,2,0,4.1,3.2
CUST00693,29,Female,Phoenix,20000,9,74.13,667.17,Books,Online,9,0,5.0,4.2
CUST00694,29,Male,Los Angeles,53334,8,100.69,805.52,Books,In-Store,63,2,3.9,3.8
CUST00695,33,Male,Philadelphia,52059,13,13.89,180.57,Toys,Mobile App,9,3,3.5,4.7
CUST00696,42,Male,New York,111876,17,423.86,7205.62,Clothing,In-Store,29,1,4.2,8.3
CUST00697,65,Male,Philadelphia,68316,12,113.66,1363.92,Clothing,In-Store,11,2,4.1,5.0
CUST00698,33,Male,San Antonio,65775,14,31.49,440.86,Home & Garden,Online,8,3,4.2,5.0
CUST00699,56,Male,Phoenix,58461,12,62.39,748.68,Beauty,In-Store,8,1,3.7,4.8
CUST00700,36,Male,San Diego,74964,18,88.14,1586.52,Beauty,Mobile App,3,0,4.1,6.2
CUST00701,46,Female,New York,45831,12,109.33,1311.96,Clothing,In-Store,7,1,3.9,5.0
CUST00702,24,Female,New York,59424,15,342.57,5138.55,Clothing,Mobile App,4,2,3.3,7.2
CUST00703,43,Male,San Diego,30328,7,118.59,830.13,Electronics,Mobile App,15,2,3.0,3.9
CUST00704,28,Male,Chicago,55033,11,151.45,1665.95,Sports,Online,11,1,4.6,5.0
CUST00705,38,Female,Phoenix,133136,14,29.37,411.18,Clothing,In-Store,1,3,3.0,5.0
CUST00706,32,Male,Philadelphia,47798,17,65.92,1120.64,Groceries,Online,8,1,4.2,5.8
CUST00707,53,Female,Houston,165222,9,164.58,1481.22,Books,In-Store,1,1,4.2,4.6
CUST00708,28,Female,New York,30366,3,110.74,332.22,Home & Garden,Online,36,0,4.2,2.9
CUST00709,36,Male,Houston,29586,9,73.73,663.57,Automotive,In-Store,17,1,4.2,4.2
CUST00710,33,Male,Philadelphia,125631,10,26.04,260.4,Clothing,Mobile App,76,0,3.8,3.8
CUST00711,64,Male,Chicago,29248,14,76.43,1070.02,Toys,Online,15,0,4.5,5.2
CUST00712,53,Male,Los Angeles,45267,13,32.21,418.73,Clothing,Online,1,2,3.7,4.9
CUST00713,37,Female,Chicago,20000,11,46.65,513.15,Books,In-Store,7,0,3.8,4.5
CUST00714,20,Female,Chicago,86024,23,27.53,633.19,Groceries,Online,1,1,3.2,6.7
CUST00715,65,Female,San Jose,136913,14,50.42,705.88,Groceries,Online,1,3,3.6,5.2
CUST00716,31,Female,Chicago,66726,11,31.18,342.98,Books,In-Store,23,2,3.5,4.3
CUST00717,43,Male,Houston,75698,12,76.33,915.96,Clothing,Mobile App,7,1,4.3,4.9
CUST00718,41,Male,Los Angeles,40136,11,57.1,628.1,Health,In-Store,25,0,4.5,4.5
CUST00719,28,Male,San Antonio,59769,7,169.49,1186.43,Beauty,In-Store,10,0,4.5,4.1
CUST00720,30,Male,Los Angeles,64458,13,44.76,581.88,Home & Garden,In-Store,20,2,3.5,4.8
CUST00721,54,Female,San Jose,23391,17,33.04,561.68,Sports,In-Store,21,4,3.4,5.5
CUST00722,30,Female,Phoenix,52934,17,131.24,2231.08,Home & Garden,In-Store,3,0,4.2,6.3
CUST00723,33,Female,San Antonio,73717,7,50.28,351.96,Sports,In-Store,16,0,4.0,3.7
CUST00724,48,Female,Houston,44314,12,72.2,866.4,Toys,Online,40,1,3.9,4.6
CUST00725,45,Male,San Jose,27956,9,106.56,959.04,Clothing,In-Store,24,3,3.7,4.2
CUST00726,26,Non-binary,Philadelphia,26272,7,57.1,399.7,Beauty,Online,124,0,3.3,3.0
CUST00727,49,Female,San Jose,91146,13,37.81,491.53,Books,Online,33,0,4.4,4.7
CUST00728,35,Female,San Diego,95479,13,144.16,1874.08,Clothing,Online,17,3,3.9,5.4
CUST00729,42,Male,Phoenix,63030,11,154.04,1694.44,Home & Garden,Online,8,2,3.5,5.0
CUST00730,22,Male,San Antonio,72721,7,54.82,383.74,Automotive,Online,100,0,3.8,3.2
CUST00731,32,Female,San Antonio,132478,7,131.81,922.67,Books,In-Store,26,0,4.3,3.9
CUST00732,36,Male,Dallas,20517,12,66.07,792.84,Automotive,In-Store,12,2,3.5,4.8
CUST00733,56,Male,Phoenix,35714,9,18.81,169.29,Clothing,In-Store,26,0,4.6,3.9
CUST00734,33,Male,Chicago,38059,7,87.97,615.79,Automotive,Online,68,0,4.1,3.5
CUST00735,63,Female,Los Angeles,22880,17,55.73,947.41,Sports,In-Store,18,3,3.0,5.7
CUST00736,43,Female,Houston,98457,8,120.27,962.16,Electronics,Online,31,0,4.4,4.0
CUST00737,18,Female,Los Angeles,34011,14,72.37,1013.18,Toys,In-Store,8,1,3.2,5.3
CUST00738,22,Male,Chicago,81442,9,85.78,772.02,Clothing,Online,18,1,3.8,4.2
CUST00739,43,Male,New York,46440,12,86.07,1032.84,Groceries,Online,31,2,3.3,4.8
CUST00740,43,Male,Dallas,43217,10,165.97,1659.7,Sports,Online,3,2,3.7,4.9
CUST00741,28,Male,Phoenix,111911,11,42.95,472.45,Clothing,In-Store,15,1,2.5,4.5
CUST00742,30,Male,San Antonio,134071,15,130.27,1954.05,Sports,In-Store,8,2,3.0,5.8
CUST00743,32,Male,San Jose,35331,19,125.44,2383.36,Clothing,Online,9,1,3.7,6.7
CUST00744,19,Female,New York,28215,14,40.9,572.6,Toys,Mobile App,5,2,3.8,5.1
CUST00745,23,Male,Chicago,76497,7,36.79,257.53,Sports,In-Store,9,1,3.5,3.7
CUST00746,18,Female,Los Angeles,84654,12,30.11,361.32,Home & Garden,In-Store,40,1,3.3,4.4
CUST00747,46,Male,New York,20000,10,109.09,1090.9,Home & Garden,Online,8,2,4.8,4.6
CUST00748,39,Male,Chicago,29772,14,32.52,455.28,Groceries,Mobile App,32,1,4.0,4.9
CUST00749,18,Female,Dallas,29527,14,116.61,1632.54,Books,Online,41,2,3.8,5.3
CUST00750,22,Male,Philadelphia,130957,16,69.03,1104.48,Sports,Mobile App,35,0,4.1,5.5
CUST00751,44,Female,Los Angeles,33429,10,32.23,322.3,Automotive,In-Store,4,0,4.6,4.3
CUST00752,45,Male,Houston,198236,15,18.17,272.55,Automotive,Mobile App,1,3,2.9,5.2
CUST00753,51,Female,Los Angeles,57278,11,67.61,743.71,Toys,Mobile App,115,1,3.4,3.9
CUST00754,44,Female,Phoenix,34081,16,57.07,913.12,Beauty,Online,40,2,3.8,5.4
CUST00755,31,Male,Philadelphia,37401,10,10,100,Home & Garden,Online,11,0,4.6,4.1
CUST00756,19,Female,San Jose,116027,10,102.67,1026.7,Home & Garden,Online,24,0,4.2,4.5
CUST00757,26,Female,San Diego,70246,11,60.47,665.17,Home & Garden,In-Store,77,3,3.5,4.1
CUST00758,34,Female,Houston,102780,15,65.67,985.05,Groceries,Online,15,3,4.0,5.4
CUST00759,44,Male,Houston,48095,12,29.79,357.48,Automotive,Online,23,0,3.5,4.5
CUST00760,42,Female,New York,39147,7,138.83,971.81,Beauty,Online,75,1,2.3,3.6
CUST00761,27,Female,Phoenix,56843,8,186.58,1492.64,Clothing,Online,39,1,3.4,4.2
CUST00762,42,Non-binary,San Antonio,22051,11,94.12,1035.32,Toys,Mobile App,63,0,3.5,4.4
CUST00763,43,Non-binary,Chicago,48806,10,76.94,769.4,Sports,Online,3,4,2.8,4.5
CUST00764,51,Female,Dallas,44955,20,73.36,1467.2,Books,In-Store,14,2,4.2,6.5
CUST00765,38,Male,Los Angeles,20083,11,31.09,341.99,Health,Online,1,3,3.4,4.5
CUST00766,19,Male,San Antonio,63036,9,50.63,455.67,Clothing,In-Store,5,1,3.4,4.2
CUST00767,34,Male,Chicago,40680,13,53.51,695.63,Home & Garden,Online,1,2,2.9,5.0
CUST00768,45,Female,San Antonio,26237,11,103.14,1134.54,Beauty,Online,64,0,4.9,4.4
CUST00769,45,Male,Los Angeles,89023,7,105.24,736.68,Home & Garden,Online,7,1,3.7,3.9
CUST00770,36,Female,Los Angeles,57785,9,122.12,1099.08,Groceries,Online,14,0,2.6,4.4
CUST00771,29,Male,Philadelphia,29488,11,87.36,960.96,Books,Online,2,3,3.8,4.7
CUST00772,39,Male,Houston,46789,18,55.27,994.86,Toys,Online,14,1,4.0,5.9
CUST00773,34,Male,Los Angeles,56807,8,19.52,156.16,Clothing,Online,15,1,3.4,3.8
CUST00774,47,Female,San Jose,54095,10,167.08,1670.8,Electronics,Online,42,1,4.3,4.6
CUST00775,52,Female,Chicago,45217,11,56.01,616.11,Clothing,In-Store,25,0,3.4,4.4
CUST00776,55,Female,San Antonio,41783,14,182.0,2548.0,Automotive,Online,20,1,4.0,5.8
CUST00777,37,Male,Chicago,85009,17,137.53,2338.01,Electronics,Mobile App,23,3,3.9,6.2
CUST00778,28,Female,Dallas,43351,18,32.09,577.62,Automotive,Online,10,1,4.8,5.8
CUST00779,54,Male,Chicago,63979,16,81.73,1307.68,Clothing,Online,48,4,3.9,5.5
CUST00780,29,Female,Houston,21404,11,105.82,1164.02,Groceries,Online,2,1,3.6,4.8
CUST00781,31,Male,Los Angeles,44412,9,55.41,498.69,Health,In-Store,25,2,3.7,4.0
CUST00782,62,Female,Los Angeles,53474,16,118.37,1893.92,Electronics,Mobile App,30,2,3.7,5.8
CUST00783,63,Male,San Diego,57246,11,65.21,717.31,Groceries,Online,19,2,3.7,4.5
CUST00784,48,Female,Philadelphia,58584,11,154.68,1701.48,Clothing,Online,1,1,3.8,5.1
CUST00785,32,Male,Chicago,72299,14,21.44,300.16,Health,Online,43,3,3.2,4.7
CUST00786,34,Female,San Diego,96460,9,12.87,115.83,Electronics,Online,23,0,4.8,3.9
CUST00787,27,Male,Philadelphia,71850,8,90.85,726.8,Home & Garden,Mobile App,21,1,3.0,4.0
CUST00788,32,Male,San Diego,39253,17,48.12,818.04,Groceries,Online,14,3,3.6,5.7
CUST00789,46,Female,Houston,35291,19,23.41,444.79,Sports,Online,1,1,3.9,5.9
CUST00790,41,Female,San Diego,133826,8,47.49,379.92,Electronics,Online,42,0,4.2,3.7
CUST00791,18,Male,San Antonio,76047,6,54.04,324.24,Home & Garden,In-Store,65,0,3.3,3.2
CUST00792,38,Female,Houston,41392,13,112.0,1456.0,Automotive,In-Store,49,1,3.9,5.0
CUST00793,38,Non-binary,Philadelphia,20000,15,74.14,1112.1,Toys,In-Store,39,2,3.6,5.3
CUST00794,61,Female,San Jose,56455,17,143.5,2439.5,Automotive,Online,5,3,3.2,6.4
CUST00795,30,Male,New York,25412,10,36.49,364.9,Beauty,In-Store,22,2,4.0,4.2
CUST00796,58,Male,Phoenix,114677,11,67.86,746.46,Electronics,Mobile App,23,0,3.7,4.5
CUST00797,40,Male,Philadelphia,30901,8,50.0,400.0,Health,Mobile App,18,0,4.3,3.9
CUST00798,33,Non-binary,Los Angeles,48839,14,99.53,1393.42,Home & Garden,In-Store,3,1,4.2,5.4
CUST00799,27,Male,New York,30037,13,41.24,536.12,Home & Garden,In-Store,4,2,4.3,4.9
CUST00800,24,Non-binary,San Antonio,200441,12,79.85,958.2,Beauty,Mobile App,68,0,3.7,4.5
CUST00801,43,Non-binary,Chicago,33042,11,67.68,744.48,Groceries,Online,4,2,3.1,4.6
CUST00802,40,Male,Philadelphia,48760,11,49.37,543.07,Health,Online,62,1,3.2,4.2
CUST00803,46,Female,San Jose,121234,10,42.66,426.6,Health,Online,180,0,3.9,3.2
CUST00804,50,Female,San Diego,23567,10,37.41,374.1,Automotive,Online,19,3,2.8,4.2
CUST00805,70,Female,Los Angeles,51711,18,145.72,2622.96,Electronics,Online,5,1,4.0,6.7
CUST00806,40,Male,Dallas,52465,14,47.67,667.38,Toys,Online,30,1,3.8,5.0
CUST00807,60,Female,Houston,92988,12,83.49,1001.88,Groceries,Online,1,2,4.2,4.9
CUST00808,22,Male,Philadelphia,100729,18,54.94,988.92,Electronics,Online,9,2,3.4,5.9
CUST00809,37,Female,Chicago,47483,14,42.88,600.32,Clothing,Mobile App,8,3,3.4,5.1
CUST00810,33,Female,Los Angeles,30889,13,59.6,774.8,Beauty,In-Store,68,4,3.6,4.6
CUST00811,48,Female,San Jose,154349,9,320.78,2887.02,Clothing,Online,71,1,2.4,4.8
CUST00812,31,Male,Chicago,49908,13,82.87,1077.31,Books,In-Store,25,0,3.4,5.0
CUST00813,21,Female,Philadelphia,36587,8,205.15,1641.2,Groceries,In-Store,4,1,4.4,4.5
CUST00814,33,Female,San Jose,20000,11,58.0,638.0,Beauty,Online,66,2,3.9,4.2
CUST00815,18,Female,Chicago,66567,16,17.53,280.48,Books,Online,8,4,3.9,5.3
CUST00816,18,Female,Chicago,89680,14,93.69,1311.66,Groceries,In-Store,1,0,4.8,5.4
CUST00817,19,Female,San Jose,70705,6,17.29,103.74,Books,Mobile App,77,1,4.0,3.0
CUST00818,46,Female,San Jose,97732,13,98.6,1281.8,Electronics,Online,47,1,3.8,4.9
CUST00819,30,Male,San Jose,26653,12,27.52,330.24,Home & Garden,In-Store,115,0,4.0,3.9
CUST00820,59,Male,San Diego,54706,11,27.2,299.2,Groceries,Online,28,2,3.1,4.3
CUST00821,29,Male,Philadelphia,43343,4,27.64,110.56,Beauty,Online,187,0,4.4,2.0
CUST00822,40,Female,Los Angeles,20000,11,18.01,198.11,Beauty,Online,41,2,3.2,4.2
CUST00823,31,Male,Houston,58378,9,54.13,487.17,Clothing,Online,1,1,3.0,4.2
CUST00824,38,Female,New York,69126,16,63.3,1012.8,Electronics,Online,19,3,3.5,5.5
CUST00825,42,Female,Chicago,65513,11,20.98,230.78,Books,Online,23,0,3.9,4.3
CUST00826,32,Male,Dallas,113823,12,119.06,1428.72,Books,Online,43,1,4.2,4.9
CUST00827,33,Male,San Jose,20000,10,36.67,366.7,Home & Garden,Online,18,1,3.6,4.2
CUST00828,23,Male,New York,146363,6,72.74,436.44,Sports,Online,125,0,4.9,2.9
CUST00829,52,Male,Los Angeles,20000,15,40.87,613.05,Clothing,Online,8,0,4.2,5.3
CUST00830,31,Female,Chicago,69575,12,16.66,199.92,Clothing,In-Store,19,5,2.9,4.5
CUST00831,46,Female,Los Angeles,57747,11,73.53,808.83,Beauty,In-Store,9,2,3.7,4.6
CUST00832,41,Female,San Diego,111221,14,349.74,4896.36,Electronics,Online,13,2,3.5,6.9
CUST00833,30,Female,San Jose,115307,10,144.71,1447.1,Books,Online,28,1,2.7,4.6
CUST00834,22,Male,Houston,48611,13,117.46,1526.98,Home & Garden,Online,28,4,3.3,5.2
CUST00835,31,Female,Dallas,32009,10,58.46,584.6,Sports,In-Store,8,0,3.8,4.4
CUST00836,41,Male,Los Angeles,104577,11,153.43,1687.73,Electronics,Online,42,1,4.3,4.8
CUST00837,46,Female,San Diego,133368,19,44.3,841.7,Groceries,Online,51,0,5.0,5.8
CUST00838,61,Male,Los Angeles,49342,15,60.16,902.4,Sports,Mobile App,1,2,3.4,5.4
CUST00839,40,Female,San Diego,30981,12,125.65,1507.8,Home & Garden,Online,14,2,3.6,5.1
CUST00840,37,Male,Phoenix,74868,15,264.24,3963.6,Clothing,Online,9,4,3.4,6.7
CUST00841,18,Male,San Antonio,34442,8,72.64,581.12,Toys,Online,13,0,3.8,4.0
CUST00842,29,Female,Los Angeles,90837,9,48.44,435.96,Automotive,Online,24,2,3.7,4.0
CUST00843,25,Male,San Antonio,28716,8,78.0,624.0,Beauty,Online,49,0,3.0,3.8
CUST00844,26,Male,San Diego,97137,10,104.04,1040.4,Toys,Online,46,0,3.9,4.3
CUST00845,43,Female,San Jose,72343,13,25.46,330.98,Electronics,Online,20,2,3.5,4.7
CUST00846,40,Female,Los Angeles,57859,19,65.0,1235.0,Clothing,In-Store,36,2,2.9,6.1
CUST00847,48,Female,San Antonio,29722,8,37.51,300.08,Health,Online,56,0,3.4,3.6
CUST00848,27,Male,San Antonio,52551,15,166.97,2504.55,Automotive,Online,5,3,4.0,6.1
CUST00849,30,Female,San Diego,26619,15,38.48,577.2,Health,Mobile App,5,3,4.3,5.3
CUST00850,43,Male,Los Angeles,145043,7,56.02,392.14,Books,Mobile App,4,2,3.6,3.8
CUST00851,43,Female,Dallas,77516,12,26.7,320.4,Health,Mobile App,10,2,3.5,4.6
CUST00852,42,Female,San Jose,103884,15,61.75,926.25,Groceries,Online,28,2,3.6,5.3
CUST00853,18,Female,Chicago,93806,12,56.89,682.68,Groceries,Mobile App,18,3,3.7,4.7
CUST00854,28,Female,Chicago,107896,12,95.54,1146.48,Electronics,Online,10,0,3.1,4.9
CUST00855,20,Non-binary,San Antonio,37363,12,28.22,338.64,Home & Garden,Mobile App,33,1,3.8,4.5
CUST00856,28,Female,San Jose,47482,13,229.39,2982.07,Sports,Online,72,2,5.0,5.5
CUST00857,47,Female,Los Angeles,37565,11,48.39,532.29,Clothing,Online,40,1,4.1,4.3
CUST00858,50,Male,Philadelphia,29139,9,37.53,337.77,Sports,In-Store,4,0,4.3,4.1
CUST00859,32,Female,New York,20000,14,45.71,639.94,Health,In-Store,25,0,3.0,5.0
CUST00860,42,Female,Los Angeles,41695,9,86.29,776.61,Books,Online,16,1,4.2,4.2
CUST00861,36,Female,San Jose,126966,12,255.45,3065.4,Clothing,Mobile App,65,0,3.8,5.4
CUST00862,31,Female,Los Angeles,41289,7,157.62,1103.34,Sports,Mobile App,119,1,3.9,3.4
CUST00863,38,Female,San Antonio,20000,4,94.1,376.4,Sports,Online,56,0,3.5,2.9
CUST00864,44,Female,San Jose,46694,9,88.12,793.08,Toys,Online,107,1,4.6,3.7
CUST00865,40,Male,Chicago,31997,10,226.2,2262.0,Health,In-Store,2,2,4.8,5.1
CUST00866,59,Female,New York,42785,12,132.92,1595.04,Books,Mobile App,85,1,3.0,4.7
CUST00867,49,Male,Houston,46439,19,58.54,1112.26,Electronics,In-Store,35,3,4.0,6.0
CUST00868,39,Female,Philadelphia,38478,8,49.3,394.4,Electronics,Online,18,0,2.9,3.9
CUST00869,45,Female,Phoenix,47956,15,139.87,2098.05,Sports,Mobile App,2,4,3.7,5.9
CUST00870,42,Female,Los Angeles,140715,11,121.35,1334.85,Home & Garden,Online,22,2,3.8,4.8
CUST00871,19,Non-binary,San Diego,26351,14,85.98,1203.72,Beauty,Online,4,0,3.1,5.4
CUST00872,33,Male,Los Angeles,24990,10,31.19,311.9,Home & Garden,Online,49,1,3.8,4.0
CUST00873,37,Female,San Antonio,20000,10,55.69,556.9,Toys,In-Store,54,0,4.0,4.1
CUST00874,39,Female,New York,39993,12,124.36,1492.32,Automotive,In-Store,8,1,4.4,5.1
CUST00875,42,Male,Dallas,53817,14,39.3,550.2,Books,Online,12,2,3.7,5.0
CUST00876,49,Female,San Jose,56393,8,82.6,660.8,Electronics,Online,15,0,3.6,4.0
CUST00877,33,Female,Houston,47721,12,37.89,454.68,Electronics,Online,14,3,3.3,4.6
CUST00878,30,Male,Philadelphia,29786,8,71.96,575.68,Home & Garden,Online,37,1,3.0,3.8
CUST00879,51,Female,Dallas,64253,13,141.32,1837.16,Books,In-Store,1,1,3.4,5.5
CUST00880,35,Male,New York,110376,14,52.72,738.08,Home & Garden,Online,22,1,3.3,5.0
CUST00881,18,Female,Chicago,51491,12,129.25,1551.0,Toys,In-Store,24,1,3.6,5.0
CUST00882,27,Male,Chicago,21352,11,56.28,619.08,Sports,In-Store,26,0,4.6,4.4
CUST00883,40,Female,Phoenix,122955,9,44.66,401.94,Electronics,Online,7,0,4.6,4.1
CUST00884,18,Male,San Jose,33682,13,49.64,645.32,Home & Garden,Mobile App,7,2,4.0,4.9
CUST00885,28,Female,Houston,36572,14,234.72,3286.08,Sports,In-Store,34,0,3.8,6.1
CUST00886,31,Female,New York,36664,7,57.89,405.23,Toys,Mobile App,79,2,4.3,3.3
CUST00887,24,Female,San Jose,79862,14,58.16,814.24,Electronics,Online,2,2,4.0,5.2
CUST00888,27,Female,Phoenix,31371,19,99.89,1897.91,Sports,Online,27,3,3.1,6.4
CUST00889,34,Male,Philadelphia,24843,15,74.86,1122.9,Toys,Online,12,2,3.7,5.5
CUST00890,42,Male,Dallas,53721,12,50.25,603.0,Health,Online,8,1,3.8,4.7
CUST00891,39,Male,Dallas,20000,13,52.32,680.16,Beauty,In-Store,31,3,3.4,4.8
CUST00892,38,Female,Phoenix,58356,9,69.26,623.34,Sports,In-Store,36,1,3.8,4.0
CUST00893,53,Female,Philadelphia,22678,15,65.38,980.7,Sports,In-Store,38,3,2.9,5.2
CUST00894,48,Female,Phoenix,43809,7,54.42,380.94,Sports,Online,68,3,3.4,3.4
CUST00895,30,Female,Houston,59364,11,155.37,1709.07,Electronics,Mobile App,23,2,2.8,4.9
CUST00896,50,Female,San Jose,55283,12,17.52,210.24,Books,In-Store,5,4,3.7,4.6
CUST00897,31,Female,New York,30962,12,91.51,1098.12,Toys,Mobile App,2,0,3.3,5.0
CUST00898,55,Male,San Antonio,31185,13,16.76,217.88,Books,Online,77,0,4.5,4.3
CUST00899,46,Male,San Jose,58439,15,138.93,2083.95,Home & Garden,Online,2,3,3.1,5.9
CUST00900,49,Female,Dallas,93067,16,64.0,1024.0,Toys,Mobile App,3,4,3.4,5.6
CUST00901,45,Female,Dallas,42249,7,109.12,763.84,Sports,Mobile App,6,0,4.0,3.9
CUST00902,37,Female,Dallas,38317,13,35.73,464.49,Groceries,Online,16,4,3.4,4.8
CUST00903,30,Male,Phoenix,40959,12,85.81,1029.72,Automotive,In-Store,84,0,4.3,4.4
CUST00904,25,Male,Philadelphia,30628,10,10,100,Clothing,Online,26,1,4.1,4.0
CUST00905,29,Male,Phoenix,36998,10,113.8,1138.0,Books,In-Store,9,2,4.2,4.6
CUST00906,32,Male,Phoenix,253338,13,82.11,1067.43,Health,Online,4,0,3.8,5.1
CUST00907,36,Female,San Diego,33563,8,24.75,198.0,Electronics,Mobile App,42,0,4.7,3.6
CUST00908,18,Female,San Jose,69306,10,57.67,576.7,Clothing,Online,14,2,4.3,4.3
CUST00909,36,Male,Los Angeles,67259,9,33.12,298.08,Books,In-Store,37,2,3.3,3.9
CUST00910,53,Male,Chicago,71516,10,51.5,515.0,Groceries,Mobile App,11,0,3.9,4.3
CUST00911,41,Male,San Jose,74770,14,82.23,1151.22,Toys,Online,11,2,4.1,5.3
CUST00912,33,Female,Chicago,37196,13,26.2,340.6,Clothing,Online,1,5,3.5,4.8
CUST00913,18,Female,Chicago,185410,11,16.77,184.47,Beauty,In-Store,9,0,4.1,4.4
CUST00914,20,Male,Phoenix,62609,8,146.16,1169.28,Home & Garden,In-Store,31,4,3.4,4.1
CUST00915,34,Male,Chicago,22825,13,64.79,842.27,Toys,In-Store,1,2,4.8,5.0
CUST00916,28,Female,Chicago,73452,9,137.16,1234.44,Health,Online,71,1,3.6,4.1
CUST00917,26,Male,San Antonio,76348,10,40.04,400.4,Toys,Online,26,1,3.4,4.2
CUST00918,37,Male,Houston,138566,6,78.78,472.68,Beauty,Mobile App,6,1,3.2,3.6
CUST00919,43,Female,Dallas,41688,14,65.35,914.9,Home & Garden,Online,48,3,4.2,5.0
CUST00920,29,Male,Houston,165284,3,83.84,251.52,Home & Garden,In-Store,101,0,3.6,2.4
CUST00921,37,Male,Chicago,37160,18,163.12,2936.16,Clothing,Online,31,4,3.8,6.6
CUST00922,36,Female,Chicago,47537,15,39.92,598.8,Clothing,Mobile App,56,3,3.2,5.0
CUST00923,47,Male,Phoenix,43988,7,65.5,458.5,Toys,In-Store,31,1,2.6,3.6
CUST00924,18,Female,Philadelphia,51307,8,49.88,399.04,Books,Mobile App,44,2,4.3,3.7
CUST00925,19,Non-binary,Philadelphia,22652,13,57.88,752.44,Toys,Online,27,1,3.8,4.8
CUST00926,34,Male,San Antonio,60103,18,40.32,725.76,Electronics,Online,5,1,4.2,5.9
CUST00927,25,Female,Chicago,25653,8,45.76,366.08,Home & Garden,In-Store,1,2,3.7,4.0
CUST00928,40,Female,Chicago,28414,17,23.29,395.93,Clothing,Online,16,0,4.5,5.5
CUST00929,51,Female,New York,81562,21,68.31,1434.51,Books,Mobile App,21,2,3.6,6.6
CUST00930,18,Male,Dallas,53354,16,85.74,1371.84,Health,Online,33,2,4.4,5.6
CUST00931,20,Non-binary,Los Angeles,55788,12,90.76,1089.12,Electronics,Online,126,0,3.7,4.2
CUST00932,25,Male,San Diego,78070,19,68.67,1304.73,Books,Online,39,0,5.0,6.1
CUST00933,51,Male,Chicago,92912,16,12.46,199.36,Home & Garden,In-Store,8,2,3.4,5.3
CUST00934,37,Female,Phoenix,76904,13,33.97,441.61,Books,In-Store,14,3,2.6,4.8
CUST00935,35,Female,Phoenix,29277,7,70.17,491.19,Health,In-Store,1,0,3.4,3.8
CUST00936,35,Male,Los Angeles,149294,10,57.87,578.7,Automotive,In-Store,225,0,4.1,3.0
CUST00937,43,Male,Los Angeles,56470,10,71.54,715.4,Clothing,Online,27,1,3.7,4.3
CUST00938,27,Female,Phoenix,68340,12,42.9,514.8,Automotive,Mobile App,16,0,3.6,4.6
CUST00939,51,Male,San Antonio,48346,14,80.21,1122.94,Sports,Online,4,2,3.4,5.3
CUST00940,49,Female,Houston,39644,7,90.48,633.36,Toys,Online,122,1,3.3,3.1
CUST00941,38,Male,Los Angeles,75616,12,41.86,502.32,Clothing,Mobile App,52,1,4.0,4.4
CUST00942,31,Female,Chicago,98235,7,47.96,335.72,Clothing,In-Store,47,1,4.3,3.5
CUST00943,38,Male,Los Angeles,81344,12,172.97,2075.64,Sports,In-Store,45,2,3.7,5.1
CUST00944,34,Male,Phoenix,42497,12,42.65,511.8,Sports,Online,41,2,3.7,4.5
CUST00945,22,Male,Chicago,48156,9,47.89,431.01,Electronics,Mobile App,36,1,3.4,3.9
CUST00946,45,Male,Philadelphia,69762,9,46.78,421.02,Books,In-Store,21,1,3.9,4.0
CUST00947,64,Male,New York,26612,10,47.86,478.6,Electronics,Mobile App,66,0,4.5,4.0
CUST00948,34,Female,Chicago,56192,6,124.78,748.68,Beauty,Online,27,0,4.0,3.6
CUST00949,18,Male,San Jose,50442,10,100.47,1004.7,Sports,Mobile App,131,0,4.2,3.8
CUST00950,28,Male,Philadelphia,114130,14,21.22,297.08,Groceries,Online,12,0,3.9,4.9
CUST00951,46,Male,San Diego,300000,18,30.96,557.28,Sports,Mobile App,9,5,2.5,5.8
CUST00952,31,Female,San Diego,126134,10,14.14,141.4,Books,In-Store,10,2,3.5,4.2
CUST00953,20,Female,Los Angeles,87709,9,45.95,413.55,Groceries,In-Store,38,0,3.8,3.9
CUST00954,67,Male,Chicago,75344,10,36.42,364.2,Clothing,Online,58,1,4.4,4.0
CUST00955,60,Female,San Jose,52117,9,17.47,157.23,Toys,Online,23,1,4.1,3.9
CUST00956,47,Male,Philadelphia,163526,12,58.49,701.88,Health,Online,16,2,4.2,4.7
CUST00957,47,Female,Chicago,76035,20,24.61,492.2,Toys,Mobile App,7,0,5.0,6.1
CUST00958,27,Male,San Antonio,216226,7,122.09,854.63,Toys,Online,122,0,4.4,3.2
CUST00959,28,Male,Philadelphia,37380,11,236.36,2599.96,Electronics,In-Store,45,1,4.6,5.2
CUST00960,32,Female,San Jose,76439,22,115.76,2546.72,Health,Online,9,5,3.8,7.3
CUST00961,39,Female,Philadelphia,44614,12,16.56,198.72,Automotive,In-Store,2,2,3.8,4.6
CUST00962,45,Female,Los Angeles,99335,11,90.03,990.33,Books,In-Store,26,1,4.2,4.6
CUST00963,21,Male,Philadelphia,45931,9,58.5,526.5,Books,Online,9,4,3.5,4.2
CUST00964,30,Female,San Jose,61504,10,115.21,1152.1,Electronics,Online,75,0,4.0,4.2
CUST00965,32,Female,Dallas,27286,10,133.62,1336.2,Toys,Mobile App,27,0,4.2,4.6
CUST00966,69,Female,Los Angeles,94294,15,24.75,371.25,Toys,Online,77,3,2.9,4.7
CUST00967,49,Male,Phoenix,53785,9,78.55,706.95,Electronics,In-Store,19,2,4.1,4.2
CUST00968,62,Female,San Antonio,20000,12,60.19,722.28,Books,Mobile App,27,0,4.5,4.7
CUST00969,31,Male,San Diego,57660,18,45.38,816.84,Health,Online,1,3,3.4,5.9
CUST00970,35,Female,San Diego,20000,20,49.21,984.2,Beauty,Online,6,1,4.7,6.3
CUST00971,30,Female,New York,73685,14,74.47,1042.58,Clothing,Online,89,2,3.8,4.8
CUST00972,35,Male,Dallas,23828,13,38.45,499.85,Electronics,Mobile App,22,2,3.9,4.8
CUST00973,27,Female,San Jose,34764,14,134.98,1889.72,Sports,Mobile App,30,1,3.9,5.5
CUST00974,22,Female,San Diego,44458,13,90.5,1176.5,Beauty,Online,26,1,4.1,5.0
CUST00975,37,Male,Houston,114193,9,93.2,838.8,Toys,Online,10,1,3.5,4.3
CUST00976,49,Female,San Jose,55043,17,64.74,1100.58,Toys,In-Store,20,2,3.6,5.7
CUST00977,24,Male,San Diego,64595,15,62.17,932.55,Clothing,Online,12,1,3.9,5.4
CUST00978,44,Female,New York,95316,13,385.22,5007.86,Beauty,Online,17,2,3.5,6.7
CUST00979,50,Female,Phoenix,30915,15,66.83,1002.45,Automotive,In-Store,60,2,4.0,5.1
CUST00980,26,Female,New York,99572,15,56.63,849.45,Groceries,Online,4,1,4.0,5.4
CUST00981,52,Female,San Antonio,33314,7,55.72,390.04,Clothing,Online,24,2,3.2,3.7
CUST00982,32,Male,Los Angeles,58448,14,56.51,791.14,Books,Online,1,1,2.5,5.2
CUST00983,38,Female,Houston,141415,16,49.18,786.88,Beauty,Online,10,1,3.7,5.5
CUST00984,38,Male,San Jose,63502,17,150.77,2563.09,Clothing,In-Store,13,2,3.7,6.4
CUST00985,41,Male,San Jose,89040,5,183.27,916.35,Automotive,Online,115,0,3.3,3.0
CUST00986,59,Female,Dallas,63855,10,36.34,363.4,Electronics,In-Store,127,0,4.0,3.5
CUST00987,39,Male,San Jose,120440,11,161.0,1771.0,Toys,Mobile App,10,2,4.5,5.0
CUST00988,26,Female,Chicago,51836,18,58.17,1047.06,Health,Online,18,2,3.4,5.9
CUST00989,48,Female,Los Angeles,35796,10,50.13,501.3,Books,In-Store,13,2,3.4,4.3
CUST00990,51,Female,Philadelphia,119034,11,148.78,1636.58,Automotive,Mobile App,8,0,3.9,5.0
CUST00991,24,Male,San Jose,67303,6,374.09,2244.54,Home & Garden,Online,19,1,3.6,4.3
CUST00992,28,Female,Phoenix,71757,16,136.37,2181.92,Toys,Mobile App,45,1,4.0,5.9
CUST00993,33,Male,San Jose,109748,8,69.02,552.16,Automotive,Online,49,0,3.9,3.7
CUST00994,24,Female,Philadelphia,24317,14,40.28,563.92,Automotive,In-Store,2,4,3.8,5.1
CUST00995,32,Male,San Jose,77978,12,116.25,1395.0,Sports,In-Store,5,0,3.9,5.1
CUST00996,60,Female,Chicago,80354,8,154.05,1232.4,Groceries,In-Store,27,2,3.9,4.2
CUST00997,59,Female,Philadelphia,69707,10,148.76,1487.6,Clothing,In-Store,34,3,4.0,4.6
CUST00998,40,Female,San Jose,62637,9,30.36,273.24,Health,Mobile App,36,0,4.1,3.9
CUST00999,48,Female,Dallas,58685,14,277.56,3885.84,Sports,Mobile App,84,3,3.6,6.0
CUST01000,36,Male,New York,71091,12,30.0,360.0,Automotive,Online,19,1,3.9,4.6
CUST01001,57,Male,New York,35480,13,226.11,2939.43,Electronics,Online,72,2,4.0,5.5
CUST01002,36,Female,Chicago,38216,11,144.81,1592.91,Sports,In-Store,147,1,4.1,4.1
CUST01003,49,Male,New York,76998,16,72.43,1158.88,Sports,Online,17,2,2.7,5.6
CUST01004,37,Female,Philadelphia,45010,12,42.33,507.96,Toys,Online,52,2,3.5,4.4
CUST01005,55,Female,Dallas,75926,11,19.76,217.36,Home & Garden,In-Store,34,2,4.7,4.2
CUST01006,33,Female,Houston,20000,10,97.77,977.7,Automotive,In-Store,165,0,4.4,3.5
CUST01007,42,Female,Phoenix,63480,10,74.82,748.2,Electronics,Mobile App,27,0,3.9,4.3
CUST01008,53,Male,Philadelphia,104504,9,244.75,2202.75,Automotive,Online,84,3,2.4,4.4
CUST01009,28,Female,Houston,70355,11,52.44,576.84,Health,Mobile App,19,2,4.2,4.5
CUST01010,52,Female,San Diego,25833,13,103.6,1346.8,Home & Garden,Mobile App,32,3,3.4,5.1
CUST01011,33,Female,Philadelphia,149313,10,21.87,218.7,Health,In-Store,19,1,4.5,4.1
CUST01012,53,Female,Houston,94206,9,94.41,849.69,Sports,Online,16,1,4.1,4.3
CUST01013,37,Non-binary,Los Angeles,21877,13,68.52,890.76,Groceries,Mobile App,1,4,3.4,5.1
CUST01014,23,Female,Los Angeles,82612,13,50.35,654.55,Books,Online,27,0,3.8,4.8
CUST01015,46,Male,Phoenix,36962,10,191.83,1918.3,Groceries,Online,51,3,2.6,4.7
CUST01016,37,Female,New York,41860,8,52.42,419.36,Beauty,Online,82,0,4.1,3.5
CUST01017,60,Female,New York,32374,11,60.02,660.22,Groceries,Mobile App,48,2,3.3,4.3
CUST01018,41,Female,San Jose,52811,9,92.76,834.84,Sports,Online,4,1,4.4,4.3
CUST01019,75,Female,Philadelphia,90046,17,34.74,590.58,Clothing,In-Store,44,1,3.5,5.4
CUST01020,44,Male,Houston,34315,12,132.53,1590.36,Groceries,In-Store,24,3,3.3,5.0
CUST01021,47,Female,Chicago,42551,9,123.36,1110.24,Books,In-Store,23,3,2.6,4.3
CUST01022,36,Male,Philadelphia,55148,8,33.66,269.28,Home & Garden,Mobile App,6,0,4.1,3.9
CUST01023,46,Female,Philadelphia,21041,9,57.05,513.45,Beauty,Online,119,1,3.9,3.5
CUST01024,46,Female,San Jose,121227,10,65.6,656.0,Automotive,Online,5,1,3.7,4.4
CUST01025,21,Female,New York,41561,12,51.6,619.2,Clothing,In-Store,3,1,3.9,4.8
CUST01026,43,Male,San Jose,103168,11,73.12,804.32,Health,Online,28,0,4.3,4.5
CUST01027,31,Male,Philadelphia,20000,8,39.43,315.44,Books,Mobile App,38,0,4.3,3.7
CUST01028,41,Female,San Antonio,42632,11,50.45,554.95,Sports,In-Store,68,3,2.9,4.2
CUST01029,41,Male,Dallas,43232,11,106.37,1170.07,Beauty,In-Store,53,0,3.2,4.5
CUST01030,44,Female,San Diego,111426,15,42.04,630.6,Electronics,Online,6,3,4.3,5.3
CUST01031,46,Female,Philadelphia,34523,11,209.39,2303.29,Automotive,Online,20,0,3.8,5.2
CUST01032,34,Male,Dallas,23417,15,30.39,455.85,Automotive,Online,15,0,4.5,5.1
CUST01033,36,Male,Houston,48359,8,164.9,1319.2,Books,Mobile App,13,2,3.8,4.3
CUST01034,24,Male,San Antonio,53216,11,151.27,1663.97,Clothing,In-Store,29,0,3.9,4.9
CUST01035,40,Male,San Diego,214998,11,39.98,439.78,Beauty,Online,3,1,3.7,4.5
CUST01036,35,Male,Chicago,70702,15,32.3,484.5,Sports,In-Store,69,2,4.2,4.8
CUST01037,41,Female,Houston,33735,8,65.33,522.64,Sports,Online,77,1,3.9,3.6
CUST01038,29,Male,San Antonio,83517,12,38.24,458.88,Books,Online,54,2,2.3,4.4
CUST01039,35,Male,Los Angeles,56033,13,75.12,976.56,Automotive,Online,2,1,3.8,5.1
CUST01040,35,Female,Los Angeles,46017,13,62.09,807.17,Health,Online,4,1,3.9,5.0
CUST01041,59,Female,Philadelphia,35682,8,34.8,278.4,Automotive,Online,80,1,4.3,3.4
CUST01042,62,Female,Phoenix,114524,8,31.63,253.04,Health,Online,65,2,2.7,3.5
CUST01043,54,Female,San Diego,39251,12,60.84,730.08,Books,Online,9,3,3.2,4.8
CUST01044,44,Female,San Diego,20000,8,53.71,429.68,Groceries,In-Store,41,1,3.7,3.7
CUST01045,46,Male,San Antonio,104608,11,113.44,1247.84,Automotive,Online,38,0,4.2,4.6
CUST01046,56,Female,Phoenix,61777,13,140.26,1823.38,Beauty,Mobile App,66,3,3.4,5.1
CUST01047,40,Male,Dallas,43249,12,83.96,1007.52,Groceries,Online,88,2,2.3,4.4
CUST01048,47,Male,San Jose,68117,14,143.64,2010.96,Books,In-Store,44,0,4.1,5.5
CUST01049,34,Female,Phoenix,90641,11,34.4,378.4,Home & Garden,In-Store,46,1,3.8,4.2
CUST01050,35,Female,Philadelphia,37647,15,105.75,1586.25,Home & Garden,Online,27,1,4.0,5.6
CUST01051,43,Female,Dallas,42012,14,34.88,488.32,Groceries,Online,1,4,4.3,5.1
CUST01052,46,Male,Phoenix,39615,15,53.22,798.3,Home & Garden,Online,25,4,3.3,5.2
CUST01053,30,Female,San Jose,93220,8,117.29,938.32,Electronics,Mobile App,12,0,3.9,4.1
CUST01054,30,Female,Dallas,88066,7,55.9,391.3,Toys,In-Store,2,0,3.9,3.8
CUST01055,18,Male,Los Angeles,43998,11,79.69,876.59,Sports,Online,71,1,4.1,4.3
CUST01056,56,Female,San Diego,106698,12,213.78,2565.36,Beauty,Online,9,0,3.8,5.6
CUST01057,24,Female,Houston,20000,10,79.29,792.9,Clothing,Online,109,2,4.0,3.8
CUST01058,52,Male,Houston,65715,15,155.18,2327.7,Beauty,Online,28,0,4.1,5.9
CUST01059,27,Male,Phoenix,39050,10,23.43,234.3,Health,Online,6,0,4.1,4.2
CUST01060,18,Female,Philadelphia,49550,19,69.98,1329.62,Books,Online,7,3,3.6,6.3
CUST01061,36,Male,Houston,56131,10,33.6,336.0,Books,Online,15,0,4.0,4.2
CUST01062,43,Male,Philadelphia,53091,13,85.38,1109.94,Toys,Online,14,0,3.6,5.1
CUST01063,29,Male,Phoenix,44724,14,39.98,559.72,Toys,In-Store,52,2,3.5,4.8
CUST01064,22,Male,San Jose,39925,15,82.81,1242.15,Clothing,Mobile App,5,1,3.6,5.5
CUST01065,59,Female,Chicago,38611,13,33.09,430.17,Automotive,Online,10,1,4.4,4.8
CUST01066,39,Female,Los Angeles,28161,16,47.84,765.44,Clothing,Mobile App,16,5,2.7,5.4
CUST01067,19,Female,New York,61322,11,39.18,430.98,Health,In-Store,143,1,3.5,3.6
CUST01068,51,Female,Houston,53067,14,223.08,3123.12,Electronics,In-Store,33,4,3.7,6.0
CUST01069,51,Female,Dallas,64142,8,52.88,423.04,Toys,In-Store,29,0,4.2,3.8
CUST01070,23,Male,San Antonio,39674,10,84.61,846.1,Home & Garden,Mobile App,1,0,3.7,4.5
CUST01071,32,Female,Phoenix,34599,12,109.98,1319.76,Groceries,Online,11,3,3.1,5.0
CUST01072,31,Female,San Antonio,79176,8,176.62,1412.96,Beauty,In-Store,67,2,3.4,4.0
CUST01073,54,Female,San Jose,62613,6,68.15,408.9,Groceries,In-Store,132,2,3.3,2.8
CUST01074,45,Male,Chicago,40842,13,14.69,190.97,Groceries,In-Store,44,2,3.9,4.5
CUST01075,33,Female,Chicago,58103,6,180.69,1084.14,Toys,Mobile App,263,0,4.7,2.3
CUST01076,51,Male,San Diego,21473,15,131.98,1979.7,Home & Garden,Online,16,1,4.1,5.8
CUST01077,34,Male,New York,38371,10,210.59,2105.9,Home & Garden,In-Store,2,0,3.5,5.1
CUST01078,18,Female,San Antonio,48745,10,83.0,830.0,Toys,Mobile App,4,0,4.3,4.5
CUST01079,58,Female,New York,33537,12,27.09,325.08,Beauty,Online,76,4,3.6,4.2
CUST01080,42,Female,Phoenix,59686,9,65.37,588.33,Sports,In-Store,11,2,3.4,4.2
CUST01081,33,Female,San Antonio,26640,11,35.68,392.48,Books,Online,4,0,4.0,4.5
CUST01082,31,Female,Los Angeles,84760,9,123.73,1113.57,Automotive,Online,75,2,3.8,4.0
CUST01083,32,Non-binary,Houston,78133,8,137.75,1102.0,Automotive,Online,4,0,3.9,4.3
CUST01084,33,Female,Philadelphia,55620,10,31.65,316.5,Toys,In-Store,71,2,3.8,3.9
CUST01085,29,Female,New York,38587,7,21.98,153.86,Automotive,Mobile App,10,2,3.7,3.6
CUST01086,42,Male,Houston,44732,10,61.03,610.3,Clothing,In-Store,54,2,3.5,4.1
CUST01087,36,Male,Chicago,88344,10,50.21,502.1,Groceries,Online,35,0,4.2,4.2
CUST01088,33,Female,Los Angeles,60021,6,144.56,867.36,Home & Garden,Online,222,0,4.1,2.4
CUST01089,18,Male,Los Angeles,154755,10,154.16,1541.6,Toys,In-Store,28,2,3.2,4.6
CUST01090,40,Male,San Jose,92362,9,134.5,1210.5,Groceries,In-Store,24,1,3.6,4.4
CUST01091,40,Male,Houston,47821,16,34.87,557.92,Electronics,Online,23,4,2.9,5.3
CUST01092,40,Female,Chicago,27900,13,61.27,796.51,Automotive,Online,11,3,3.9,5.0
CUST01093,24,Female,New York,42291,20,57.76,1155.2,Groceries,Online,14,0,4.1,6.3
CUST01094,43,Male,San Antonio,110188,13,122.53,1592.89,Health,Mobile App,23,2,3.0,5.2
CUST01095,31,Female,Phoenix,39397,16,48.13,770.08,Clothing,Online,47,3,3.4,5.3
CUST01096,47,Female,San Diego,37901,15,27.04,405.6,Toys,Online,2,2,3.6,5.2
CUST01097,54,Female,San Jose,45745,15,42.98,644.7,Groceries,In-Store,21,3,2.6,5.2
CUST01098,65,Female,Chicago,32742,9,156.8,1411.2,Health,In-Store,37,0,3.6,4.4
CUST01099,41,Male,Philadelphia,88349,8,57.99,463.92,Toys,In-Store,1,0,4.0,4.0
CUST01100,32,Male,San Antonio,20734,12,128.11,1537.32,Books,Online,10,0,4.8,5.1
CUST01101,35,Male,Dallas,33048,8,115.75,926.0,Automotive,In-Store,11,0,5.0,4.1
CUST01102,50,Female,San Jose,58391,15,25.62,384.3,Clothing,Online,51,0,3.3,4.9
CUST01103,36,Female,San Jose,50760,13,53.67,697.71,Electronics,Mobile App,62,2,3.4,4.6
CUST01104,49,Female,Los Angeles,87565,13,266.79,3468.27,Clothing,Online,7,2,3.0,6.1
CUST01105,54,Male,San Jose,43320,8,29.44,235.52,Automotive,Mobile App,71,0,4.6,3.5
CUST01106,18,Female,San Antonio,85071,9,79.94,719.46,Automotive,Online,165,1,3.8,3.3
CUST01107,62,Female,Dallas,46466,7,63.58,445.06,Books,Online,80,1,3.0,3.3
CUST01108,39,Female,San Antonio,31133,9,60.56,545.04,Beauty,In-Store,140,2,2.8,3.3
CUST01109,36,Female,San Jose,43432,12,20.85,250.2,Clothing,Online,25,3,3.9,4.5
CUST01110,33,Male,Houston,55540,15,61.59,923.85,Clothing,Online,22,0,3.8,5.3
CUST01111,40,Female,San Antonio,60696,10,103.33,1033.3,Sports,Online,40,1,4.5,4.4
CUST01112,18,Female,New York,34132,10,65.19,651.9,Health,In-Store,19,2,3.5,4.3
CUST01113,37,Female,San Antonio,84490,13,98.89,1285.57,Home & Garden,In-Store,24,2,3.6,5.1
CUST01114,38,Male,Philadelphia,20000,20,114.69,2293.8,Clothing,Online,20,2,4.5,6.8
CUST01115,33,Female,Phoenix,22754,8,63.71,509.68,Sports,Mobile App,159,0,4.2,3.0
CUST01116,22,Male,Philadelphia,60608,8,61.25,490.0,Health,Online,5,0,4.2,4.0
CUST01117,55,Female,Houston,49087,8,29.71,237.68,Books,In-Store,49,1,3.1,3.6
CUST01118,43,Female,Chicago,37303,5,127.25,636.25,Beauty,In-Store,21,0,4.2,3.4
CUST01119,20,Female,Phoenix,54359,8,41.37,330.96,Health,Online,45,0,4.6,3.7
CUST01120,25,Female,Chicago,58989,16,114.6,1833.6,Clothing,In-Store,1,2,3.5,6.0
CUST01121,40,Male,Chicago,58623,12,109.1,1309.2,Clothing,Online,21,1,2.9,4.9
CUST01122,45,Male,Philadelphia,32399,9,75.26,677.34,Automotive,In-Store,83,1,4.0,3.8
CUST01123,24,Female,New York,58558,12,76.33,915.96,Groceries,Online,16,2,4.5,4.8
CUST01124,47,Female,Los Angeles,58948,8,75.66,605.28,Groceries,Online,69,0,3.5,3.6
CUST01125,37,Female,Los Angeles,60261,8,128.21,1025.68,Clothing,Online,28,1,4.0,4.1
CUST01126,18,Male,San Jose,61056,20,32.83,656.6,Electronics,In-Store,5,4,3.3,6.2
CUST01127,38,Female,San Antonio,43429,10,44.65,446.5,Health,In-Store,5,0,4.5,4.3
CUST01128,18,Male,San Jose,27674,10,40.23,402.3,Electronics,Mobile App,10,0,4.5,4.3
CUST01129,39,Female,San Diego,26744,13,29.44,382.72,Toys,Online,11,2,4.2,4.8
CUST01130,21,Female,Dallas,31915,16,70.59,1129.44,Sports,Online,5,1,3.8,5.7
CUST01131,46,Female,Dallas,34440,15,36.58,548.7,Automotive,In-Store,1,6,3.0,5.3
CUST01132,44,Female,New York,27166,8,53.31,426.48,Beauty,Online,28,2,4.2,3.8
CUST01133,24,Male,Chicago,125742,13,97.62,1269.06,Clothing,Mobile App,1,1,3.3,5.2
CUST01134,59,Female,Philadelphia,80259,14,103.46,1448.44,Books,Online,6,1,3.8,5.5
CUST01135,57,Male,New York,82507,13,30.5,396.5,Clothing,Mobile App,9,3,3.5,4.8
CUST01136,48,Female,Dallas,58153,13,117.16,1523.08,Health,Online,65,3,3.0,4.9
CUST01137,25,Female,Phoenix,55537,7,20.02,140.14,Home & Garden,In-Store,1,1,4.2,3.7
CUST01138,39,Male,San Antonio,56722,16,37.25,596.0,Health,Online,33,5,3.0,5.3
CUST01139,31,Male,Dallas,132037,12,58.26,699.12,Clothing,In-Store,19,2,2.8,4.7
CUST01140,48,Female,Philadelphia,55551,9,35.77,321.93,Clothing,Mobile App,97,1,3.3,3.5
CUST01141,54,Female,Dallas,74573,9,41.06,369.54,Health,Online,99,2,2.9,3.5
CUST01142,59,Male,San Antonio,58061,9,51.8,466.2,Health,Online,55,1,4.4,3.8
CUST01143,25,Male,Philadelphia,20000,8,96.37,770.96,Toys,In-Store,22,0,4.1,4.0
CUST01144,33,Female,New York,20000,10,181.91,1819.1,Toys,Online,11,2,3.7,4.9
CUST01145,18,Male,Houston,33258,10,43.9,439.0,Home & Garden,Mobile App,14,1,3.9,4.3
CUST01146,47,Male,Philadelphia,77745,9,43.7,393.3,Automotive,In-Store,9,2,4.3,4.1
CUST01147,44,Female,Phoenix,29265,11,72.07,792.77,Home & Garden,Online,55,2,4.5,4.3
CUST01148,37,Male,Philadelphia,26330,9,40.83,367.47,Clothing,In-Store,84,0,4.2,3.6
CUST01149,35,Male,Philadelphia,106636,10,93.39,933.9,Beauty,Online,29,0,3.5,4.4
CUST01150,48,Female,Chicago,84866,5,80.88,404.4,Home & Garden,Online,190,2,3.5,2.3
CUST01151,25,Male,Houston,33411,10,45.72,457.2,Sports,Online,23,0,3.6,4.2
CUST01152,46,Male,Houston,53422,15,50.91,763.65,Health,Online,5,2,5.0,5.3
CUST01153,29,Female,Los Angeles,66168,11,57.76,635.36,Clothing,In-Store,1,2,3.5,4.6
CUST01154,34,Female,San Jose,60533,10,28.14,281.4,Electronics,In-Store,34,2,4.5,4.1
CUST01155,35,Female,New York,60167,10,29.34,293.4,Toys,Online,17,1,4.0,4.2
CUST01156,36,Male,San Jose,118127,7,178.39,1248.73,Sports,Online,1,2,3.5,4.2
CUST01157,27,Non-binary,Dallas,36299,16,40.96,655.36,Sports,Online,18,0,4.9,5.4
CUST01158,34,Female,Chicago,52463,9,384.61,3461.49,Electronics,In-Store,13,1,3.5,5.4
CUST01159,39,Male,Dallas,44638,21,29.25,614.25,Electronics,In-Store,13,3,3.7,6.3
CUST01160,27,Male,Chicago,42171,10,28.92,289.2,Toys,Mobile App,13,2,2.7,4.2
CUST01161,30,Female,San Diego,31137,16,29.41,470.56,Beauty,In-Store,13,3,3.5,5.3
CUST01162,19,Male,Houston,51603,11,15.77,173.47,Books,In-Store,7,2,3.8,4.4
CUST01163,30,Male,San Jose,26448,11,41.99,461.89,Sports,Online,6,3,4.0,4.5
CUST01164,30,Male,Phoenix,43900,20,191.76,3835.2,Toys,Mobile App,14,3,4.3,7.5
CUST01165,25,Male,Chicago,48216,6,78.97,473.82,Toys,Online,93,1,3.6,3.1
CUST01166,27,Male,Philadelphia,42352,12,52.76,633.12,Beauty,Mobile App,1,4,3.6,4.8
CUST01167,41,Male,Chicago,55147,16,192.73,3083.68,Health,Online,1,2,3.0,6.5
CUST01168,46,Female,Houston,46089,11,124.9,1373.9,Clothing,In-Store,33,3,2.1,4.7
CUST01169,52,Female,Dallas,24319,14,33.15,464.1,Books,Mobile App,29,0,3.5,4.9
CUST01170,28,Male,Chicago,79995,10,84.66,846.6,Toys,Mobile App,3,2,3.5,4.5
CUST01171,30,Male,San Diego,20000,17,49.66,844.22,Groceries,Mobile App,28,2,3.0,5.6
CUST01172,34,Female,Dallas,53281,3,37.83,113.49,Automotive,In-Store,87,0,4.3,2.4
CUST01173,35,Female,Phoenix,68783,12,55.58,666.96,Sports,In-Store,85,2,3.2,4.3
CUST01174,41,Female,San Antonio,24194,13,134.46,1747.98,Clothing,In-Store,21,3,3.7,5.3
CUST01175,39,Male,Phoenix,58262,12,44.23,530.76,Toys,Mobile App,11,1,3.5,4.7
CUST01176,43,Male,Philadelphia,146282,11,55.12,606.32,Sports,Online,34,3,4.1,4.4
CUST01177,40,Female,Phoenix,24328,18,71.47,1286.46,Beauty,Online,6,0,3.7,6.1
CUST01178,31,Male,San Jose,76573,15,156.95,2354.25,Home & Garden,In-Store,22,3,2.8,5.9
CUST01179,35,Female,Dallas,57225,13,133.23,1731.99,Groceries,Mobile App,81,1,4.1,4.9
CUST01180,60,Male,Philadelphia,45130,9,76.71,690.39,Automotive,Online,48,1,3.7,4.0
CUST01181,25,Female,Los Angeles,38110,5,24.54,122.7,Books,In-Store,26,0,3.9,3.2
CUST01182,46,Male,Chicago,82906,13,46.66,606.58,Groceries,In-Store,20,0,3.7,4.8
CUST01183,61,Female,San Antonio,21019,12,99.34,1192.08,Health,In-Store,7,1,3.9,5.0
CUST01184,39,Female,Los Angeles,32795,7,79.18,554.26,Clothing,Online,63,0,3.4,3.5
CUST01185,25,Male,Philadelphia,65908,13,38.78,504.14,Sports,In-Store,3,5,3.1,4.9
CUST01186,23,Female,San Antonio,33021,5,72.45,362.25,Sports,Mobile App,65,0,3.4,3.0
CUST01187,34,Female,Philadelphia,34254,8,83.34,666.72,Health,In-Store,25,1,4.7,3.9
CUST01188,46,Male,Chicago,30556,15,55.14,827.1,Groceries,Mobile App,2,0,3.1,5.4
CUST01189,37,Male,Houston,46947,12,49.64,595.68,Sports,Mobile App,2,4,3.9,4.8
CUST01190,25,Female,Los Angeles,36672,13,121.32,1577.16,Home & Garden,Online,27,1,3.9,5.2
CUST01191,43,Male,Los Angeles,78909,8,17.3,138.4,Toys,In-Store,49,1,3.6,3.6
CUST01192,41,Male,San Antonio,47747,11,206.76,2274.36,Automotive,In-Store,3,1,3.5,5.3
CUST01193,52,Male,Phoenix,42566,18,139.55,2511.9,Health,Online,22,1,4.4,6.5
CUST01194,31,Female,San Antonio,208524,14,27.48,384.72,Sports,Online,6,1,3.4,5.0
CUST01195,34,Female,San Diego,46461,8,152.43,1219.44,Groceries,Online,57,2,2.9,4.0
CUST01196,35,Female,New York,54524,10,199.81,1998.1,Electronics,In-Store,13,2,4.0,4.9
CUST01197,42,Female,Philadelphia,65813,9,21.68,195.12,Toys,Online,10,1,3.4,4.0
CUST01198,24,Female,Phoenix,33646,10,23.54,235.4,Automotive,Online,28,3,3.4,4.1
CUST01199,18,Female,Dallas,52566,12,66.76,801.12,Groceries,In-Store,3,0,5.0,4.8
CUST01200,50,Male,San Jose,47617,13,119.1,1548.3,Books,In-Store,16,1,2.9,5.3
CUST01201,18,Female,Phoenix,47373,8,147.14,1177.12,Beauty,Online,24,2,3.5,4.2
CUST01202,18,Male,Los Angeles,25149,16,143.77,2300.32,Toys,Online,19,2,3.2,6.1
CUST01203,38,Male,Chicago,20000,17,85.46,1452.82,Sports,Online,1,1,4.3,6.0
CUST01204,25,Female,Chicago,30407,11,23.76,261.36,Beauty,Online,32,0,3.5,4.3
CUST01205,42,Female,San Diego,60849,12,38.61,463.32,Toys,Online,25,4,4.4,4.6
CUST01206,43,Female,Phoenix,32872,11,124.15,1365.65,Health,Online,6,1,3.0,4.9
CUST01207,35,Male,Philadelphia,37660,5,31.12,155.6,Home & Garden,Online,3,0,5.0,3.3
CUST01208,32,Female,San Antonio,20000,9,118.9,1070.1,Home & Garden,Online,8,1,3.9,4.4
CUST01209,28,Female,San Antonio,46975,9,113.87,1024.83,Books,Online,64,1,4.0,4.0
CUST01210,27,Male,Houston,25533,10,92.16,921.6,Automotive,In-Store,14,2,3.5,4.5
CUST01211,54,Female,Phoenix,33722,11,49.66,546.26,Sports,In-Store,50,2,3.9,4.3
CUST01212,52,Female,Phoenix,41896,24,165.66,3975.84,Books,Online,16,4,3.3,8.2
CUST01213,41,Male,Chicago,26545,9,48.31,434.79,Sports,Online,3,1,3.8,4.2
CUST01214,42,Male,San Diego,74832,14,146.24,2047.36,Sports,In-Store,4,1,3.8,5.7
CUST01215,27,Female,Philadelphia,109097,18,181.96,3275.28,Electronics,Online,5,1,3.4,6.9
CUST01216,39,Female,New York,74157,15,60.41,906.15,Groceries,Mobile App,70,2,5.0,5.0
CUST01217,18,Male,Chicago,186449,18,43.68,786.24,Toys,In-Store,5,1,3.1,5.9
CUST01218,51,Male,Chicago,54057,16,37.24,595.84,Electronics,Online,56,2,3.8,5.1
CUST01219,18,Male,Phoenix,42498,11,46.64,513.04,Toys,Mobile App,21,1,4.3,4.4
CUST01220,35,Male,New York,58732,14,145.9,2042.6,Beauty,Online,2,2,3.8,5.7
CUST01221,45,Female,Chicago,35432,11,53.94,593.34,Electronics,Online,23,0,4.1,4.5
CUST01222,52,Male,Dallas,20000,13,23.94,311.22,Toys,Online,17,2,3.5,4.7
CUST01223,68,Female,Phoenix,130528,15,95.0,1425.0,Books,Mobile App,27,0,4.0,5.5
CUST01224,34,Male,Houston,39784,15,38.96,584.4,Books,In-Store,13,3,3.2,5.2
CUST01225,19,Male,New York,58994,8,33.48,267.84,Home & Garden,Online,1,0,2.4,3.9
CUST01226,56,Female,Dallas,28278,9,131.68,1185.12,Home & Garden,Online,16,0,4.1,4.4
CUST01227,58,Female,Phoenix,47092,7,17.7,123.9,Beauty,Online,97,1,3.6,3.1
CUST01228,37,Female,Dallas,20000,7,160.5,1123.5,Automotive,Online,98,1,4.3,3.5
CUST01229,56,Female,Phoenix,81886,12,116.32,1395.84,Home & Garden,Online,31,3,4.5,4.9
CUST01230,31,Male,Houston,139560,9,282.16,2539.44,Clothing,Online,145,1,4.5,4.2
CUST01231,29,Male,New York,76439,13,139.8,1817.4,Groceries,In-Store,16,3,3.5,5.4
CUST01232,18,Female,San Antonio,82523,17,87.51,1487.67,Home & Garden,Online,40,3,3.6,5.8
CUST01233,41,Male,San Diego,50218,10,44.58,445.8,Health,Online,52,0,4.0,4.0
CUST01234,29,Female,Houston,55518,19,48.34,918.46,Groceries,Online,56,4,3.4,5.8
CUST01235,19,Female,Philadelphia,60152,11,51.4,565.4,Electronics,Online,6,0,4.1,4.5
CUST01236,55,Female,Dallas,57326,10,210.98,2109.8,Clothing,Online,9,0,3.9,5.0
CUST01237,31,Male,Dallas,35349,10,37.32,373.2,Beauty,Mobile App,87,1,4.1,3.8
CUST01238,33,Male,Houston,69459,6,40.64,243.84,Electronics,In-Store,23,3,3.1,3.4
CUST01239,35,Male,Chicago,39633,9,83.43,750.87,Sports,Mobile App,16,1,3.1,4.2
CUST01240,34,Female,San Diego,48405,12,36.24,434.88,Automotive,Online,27,1,3.8,4.5
CUST01241,53,Female,Houston,57242,11,106.38,1170.18,Health,Online,179,0,4.5,3.7
CUST01242,21,Male,San Diego,30118,9,47.6,428.4,Sports,Mobile App,54,1,3.9,3.8
CUST01243,46,Female,Dallas,23257,12,55.12,661.44,Groceries,Online,9,1,3.3,4.7
CUST01244,26,Male,Phoenix,36554,13,62.94,818.22,Sports,In-Store,29,0,3.1,4.9
CUST01245,31,Male,Dallas,33412,13,38.08,495.04,Books,In-Store,1,1,3.8,4.9
CUST01246,42,Female,San Jose,31609,16,43.94,703.04,Beauty,In-Store,16,1,4.1,5.4
CUST01247,25,Male,Los Angeles,43699,14,29.48,412.72,Automotive,Mobile App,3,2,3.8,5.0
CUST01248,46,Male,San Diego,39376,12,30.51,366.12,Automotive,Online,11,4,2.8,4.6
CUST01249,28,Male,San Antonio,167412,15,120.38,1805.7,Beauty,Online,12,0,4.2,5.7
CUST01250,18,Female,Los Angeles,55460,12,39.5,474.0,Electronics,Mobile App,8,2,3.8,4.7
CUST01251,45,Male,New York,27877,10,240.21,2402.1,Home & Garden,Online,33,0,4.2,5.0
CUST01252,47,Male,New York,35473,13,12.94,168.22,Health,In-Store,71,0,4.1,4.3
CUST01253,33,Male,San Diego,65870,16,129.15,2066.4,Automotive,In-Store,14,5,3.5,6.0
CUST01254,40,Female,New York,26412,8,19.57,156.56,Beauty,Online,102,0,4.6,3.2
CUST01255,38,Female,New York,55022,8,50.28,402.24,Home & Garden,In-Store,90,0,4.8,3.4
CUST01256,32,Female,Los Angeles,42352,9,144.58,1301.22,Toys,Mobile App,92,6,1.4,4.0
CUST01257,58,Male,Dallas,26255,10,108.98,1089.8,Books,Mobile App,1,5,3.1,4.6
CUST01258,40,Female,New York,22488,15,20.75,311.25,Health,Online,1,1,4.4,5.2
CUST01259,32,Male,Los Angeles,71493,11,42.79,470.69,Sports,Online,3,0,3.8,4.5
CUST01260,22,Male,Dallas,60359,10,117.35,1173.5,Clothing,Online,25,1,3.7,4.5
CUST01261,35,Male,San Antonio,161806,11,87.44,961.84,Home & Garden,Online,59,1,3.8,4.4
CUST01262,29,Female,San Jose,79125,8,36.21,289.68,Groceries,In-Store,11,1,3.1,3.9
CUST01263,53,Female,Los Angeles,40950,17,187.19,3182.23,Health,Online,7,2,4.0,6.7
CUST01264,30,Male,San Antonio,54569,8,29.26,234.08,Clothing,Online,50,1,4.5,3.6
CUST01265,37,Male,San Antonio,95211,16,67.45,1079.2,Automotive,Online,14,5,3.6,5.6
CUST01266,22,Male,San Jose,54303,8,33.92,271.36,Toys,Mobile App,17,1,3.9,3.8
CUST01267,30,Female,Dallas,36250,11,100.55,1106.05,Beauty,Mobile App,16,3,3.5,4.7
CUST01268,42,Male,San Antonio,50515,14,32.7,457.8,Beauty,In-Store,39,1,3.3,4.8
CUST01269,46,Female,Houston,35780,13,19.29,250.77,Books,In-Store,10,1,4.0,4.7
CUST01270,24,Female,Phoenix,110069,13,152.87,1987.31,Beauty,Mobile App,32,0,4.4,5.3
CUST01271,22,Male,San Antonio,80902,11,32.23,354.53,Electronics,In-Store,12,0,4.6,4.4
CUST01272,45,Non-binary,San Jose,132338,10,17.12,171.2,Electronics,In-Store,26,2,4.8,4.1
CUST01273,36,Non-binary,Phoenix,46067,13,29.08,378.04,Electronics,Online,39,4,3.2,4.6
CUST01274,33,Male,Philadelphia,54082,12,113.83,1365.96,Electronics,In-Store,5,2,3.5,5.1
CUST01275,50,Female,Phoenix,66280,18,118.84,2139.12,Automotive,In-Store,1,1,3.0,6.5
CUST01276,47,Female,San Jose,39918,10,24.51,245.1,Groceries,Online,127,0,2.8,3.5
CUST01277,24,Male,Chicago,136116,5,115.35,576.75,Groceries,Online,60,0,4.5,3.2
CUST01278,41,Female,Houston,61162,13,54.62,710.06,Home & Garden,Online,3,0,4.5,5.0
CUST01279,32,Male,San Jose,34243,12,65.11,781.32,Books,In-Store,22,2,3.8,4.7
CUST01280,26,Male,Los Angeles,70314,9,92.22,829.98,Beauty,In-Store,88,2,3.3,3.8
CUST01281,32,Male,San Jose,113912,16,89.75,1436.0,Clothing,In-Store,56,2,4.0,5.5
CUST01282,36,Male,San Jose,31505,16,97.05,1552.8,Books,Online,5,1,4.3,5.9
CUST01283,34,Male,Philadelphia,68959,12,48.34,580.08,Beauty,Mobile App,6,0,3.5,4.7
CUST01284,37,Male,Los Angeles,23108,15,81.18,1217.7,Home & Garden,In-Store,28,3,4.0,5.4
CUST01285,42,Female,New York,64125,9,109.8,988.2,Books,Online,1,2,3.8,4.4
CUST01286,30,Female,Philadelphia,55872,8,34.69,277.52,Automotive,In-Store,9,0,4.2,3.9
CUST01287,28,Male,Houston,32810,11,186.99,2056.89,Groceries,Online,42,0,3.8,5.0
CUST01288,38,Female,San Antonio,43974,17,24.22,411.74,Toys,In-Store,3,1,3.4,5.6
CUST01289,34,Female,Los Angeles,38336,11,33.28,366.08,Home & Garden,Online,5,2,3.4,4.5
CUST01290,35,Female,Chicago,26335,8,61.06,488.48,Groceries,Online,14,0,3.5,3.9
CUST01291,36,Male,New York,30438,6,87.04,522.24,Automotive,Online,86,1,4.0,3.1
CUST01292,42,Male,Dallas,58535,14,20.73,290.22,Books,In-Store,4,4,3.8,5.0
CUST01293,38,Male,Chicago,175098,4,41.14,164.56,Toys,In-Store,142,0,3.9,2.3
CUST01294,52,Female,San Jose,62838,11,92.2,1014.2,Home & Garden,In-Store,8,3,4.1,4.7
CUST01295,38,Non-binary,Dallas,69248,14,169.13,2367.82,Home & Garden,Online,31,0,3.7,5.7
CUST01296,27,Male,San Antonio,51720,18,48.56,874.08,Beauty,In-Store,21,1,4.7,5.8
CUST01297,24,Female,Los Angeles,43039,16,123.65,1978.4,Books,Online,15,3,3.5,6.0
CUST01298,43,Male,Philadelphia,48292,11,57.85,636.35,Beauty,In-Store,44,3,3.4,4.3
CUST01299,22,Male,Phoenix,26947,17,82.59,1404.03,Groceries,Mobile App,107,0,3.9,5.3
CUST01300,34,Female,San Diego,85454,12,54.91,658.92,Health,Online,16,0,4.0,4.7
CUST01301,32,Male,Houston,46375,16,118.26,1892.16,Home & Garden,In-Store,31,1,3.7,5.8
CUST01302,28,Male,Los Angeles,113136,15,42.54,638.1,Clothing,In-Store,33,1,2.9,5.1
CUST01303,31,Male,San Jose,49743,12,100.88,1210.56,Groceries,Mobile App,30,2,3.6,4.8
CUST01304,31,Female,New York,22971,8,101.31,810.48,Beauty,In-Store,25,3,3.2,4.0
CUST01305,18,Male,San Diego,47512,11,58.5,643.5,Toys,Online,24,1,4.5,4.5
CUST01306,56,Male,Dallas,47220,8,96.46,771.68,Home & Garden,Online,18,0,3.8,4.0
CUST01307,23,Female,Phoenix,60423,10,86.36,863.6,Automotive,Online,33,2,2.5,4.3
CUST01308,42,Female,Chicago,37234,16,64.85,1037.6,Electronics,Online,17,1,2.6,5.6
CUST01309,35,Female,Dallas,52443,12,29.55,354.6,Electronics,Online,127,3,3.4,3.9
CUST01310,38,Male,Houston,71905,16,29.93,478.88,Health,Online,5,1,3.9,5.4
CUST01311,18,Male,New York,26749,15,37.73,565.95,Clothing,Online,32,7,3.2,5.1
CUST01312,33,Male,Philadelphia,43626,9,88.44,795.96,Clothing,Online,40,2,3.8,4.1
CUST01313,43,Female,San Antonio,80837,14,53.3,746.2,Home & Garden,Mobile App,12,3,3.8,5.1
CUST01314,48,Female,Los Angeles,41939,12,28.33,339.96,Beauty,Online,32,0,3.5,4.5
CUST01315,41,Female,Los Angeles,60882,8,28.43,227.44,Groceries,Online,14,1,3.9,3.8
CUST01316,44,Female,Dallas,162870,13,115.78,1505.14,Electronics,Online,26,2,3.5,5.2
CUST01317,18,Female,Phoenix,72595,14,93.95,1315.3,Beauty,Online,30,2,4.2,5.2
CUST01318,30,Female,New York,89302,12,29.65,355.8,Beauty,In-Store,24,2,3.7,4.5
CUST01319,31,Male,Phoenix,63643,3,46.64,139.92,Home & Garden,Mobile App,250,0,4.7,1.4
CUST01320,40,Non-binary,Phoenix,42117,8,143.69,1149.52,Electronics,In-Store,9,2,3.3,4.2
CUST01321,29,Female,New York,39329,11,67.82,746.02,Automotive,Mobile App,28,2,3.5,4.5
CUST01322,18,Male,Philadelphia,43604,5,70.16,350.8,Books,In-Store,26,0,3.7,3.3
CUST01323,51,Male,San Antonio,20577,6,82.61,495.66,Automotive,Mobile App,116,1,3.6,2.9
CUST01324,43,Female,Houston,29599,12,52.22,626.64,Books,Online,67,2,4.1,4.4
CUST01325,36,Male,Phoenix,28734,11,39.76,437.36,Health,Online,24,1,3.5,4.4
CUST01326,39,Female,Houston,115340,13,69.51,903.63,Groceries,In-Store,60,0,3.8,4.7
CUST01327,46,Female,Houston,44894,10,62.92,629.2,Groceries,Online,26,2,4.1,4.3
CUST01328,37,Female,Dallas,40089,13,111.82,1453.66,Groceries,Online,21,0,4.4,5.2
CUST01329,37,Female,Chicago,75369,10,31.43,314.3,Health,Mobile App,66,0,4.3,3.9
CUST01330,33,Male,Dallas,24665,8,19.46,155.68,Automotive,Mobile App,80,2,3.7,3.4
CUST01331,41,Male,Philadelphia,20000,9,18.04,162.36,Groceries,In-Store,18,0,3.0,3.9
CUST01332,18,Female,San Antonio,57150,9,67.77,609.93,Books,Online,47,2,3.0,4.0
CUST01333,54,Female,Phoenix,51355,11,16.97,186.67,Groceries,In-Store,47,0,3.2,4.1
CUST01334,24,Male,Chicago,33803,10,170.7,1707.0,Electronics,In-Store,56,2,3.8,4.5
CUST01335,51,Female,Phoenix,40601,14,60.23,843.22,Health,In-Store,51,3,2.9,4.9
CUST01336,45,Male,Houston,20000,7,36.87,258.09,Home & Garden,In-Store,6,0,4.9,3.7
CUST01337,33,Male,San Diego,23974,11,96.59,1062.49,Groceries,In-Store,1,2,4.3,4.8
CUST01338,31,Female,Philadelphia,65684,13,128.44,1669.72,Groceries,Mobile App,16,0,3.9,5.3
CUST01339,33,Female,Chicago,143504,6,28.28,169.68,Groceries,Online,1,0,4.1,3.5
CUST01340,36,Male,New York,45989,6,122.87,737.22,Sports,Mobile App,36,1,4.0,3.6
CUST01341,36,Male,Houston,44210,12,22.22,266.64,Home & Garden,Online,3,2,4.4,4.6
CUST01342,58,Female,San Diego,51602,12,75.65,907.8,Health,Online,18,0,4.0,4.8
CUST01343,25,Male,San Diego,44230,12,45.26,543.12,Home & Garden,Online,87,3,3.4,4.2
CUST01344,20,Female,San Jose,47168,7,63.06,441.42,Books,In-Store,31,0,3.7,3.6
CUST01345,24,Male,San Jose,55681,15,204.94,3074.1,Health,In-Store,53,3,3.9,6.0
CUST01346,43,Female,New York,58443,7,51.8,362.6,Automotive,Online,21,0,4.7,3.7
CUST01347,20,Male,New York,48078,8,214.78,1718.24,Home & Garden,In-Store,10,2,4.6,4.5
CUST01348,53,Male,New York,34437,11,109.95,1209.45,Automotive,Online,64,2,4.2,4.5
CUST01349,55,Female,New York,36012,14,73.22,1025.08,Home & Garden,Online,7,3,3.4,5.3
CUST01350,31,Male,Phoenix,34919,9,24.27,218.43,Sports,Online,2,0,4.0,4.1
CUST01351,37,Male,San Jose,59216,12,101.36,1216.32,Electronics,In-Store,9,1,3.3,5.0
CUST01352,34,Female,San Diego,54741,17,59.01,1003.17,Toys,Online,9,2,4.8,5.8
CUST01353,40,Female,Chicago,73448,15,143.49,2152.35,Health,Mobile App,13,1,3.8,5.9
CUST01354,43,Female,Chicago,28045,14,59.09,827.26,Books,Online,11,3,3.0,5.2
CUST01355,37,Male,Chicago,84382,15,29.93,448.95,Toys,In-Store,14,0,4.4,5.2
CUST01356,33,Female,Houston,43061,14,33.01,462.14,Toys,Online,75,2,3.9,4.6
CUST01357,30,Male,Chicago,49836,10,206.7,2067.0,Clothing,Online,23,1,3.3,4.9
CUST01358,33,Female,Philadelphia,42789,15,20.14,302.1,Clothing,In-Store,6,2,4.3,5.1
CUST01359,35,Male,Dallas,202634,10,41.15,411.5,Health,Mobile App,7,3,3.4,4.3
CUST01360,58,Male,San Antonio,20000,8,89.12,712.96,Electronics,In-Store,1,0,4.1,4.1
CUST01361,44,Female,San Jose,83924,17,176.42,2999.14,Groceries,Online,1,2,4.7,6.7
CUST01362,48,Male,New York,23350,12,27.69,332.28,Books,Online,127,1,3.4,3.9
CUST01363,33,Female,San Diego,56593,14,132.85,1859.9,Sports,In-Store,72,0,4.4,5.2
CUST01364,47,Male,Chicago,63118,20,273.81,5476.2,Home & Garden,Online,5,2,3.8,8.2
CUST01365,53,Female,New York,20000,11,37.27,409.97,Toys,Online,1,0,3.8,4.5
CUST01366,54,Female,New York,60970,8,37.22,297.76,Health,Mobile App,138,1,4.3,3.1
CUST01367,40,Male,San Jose,20000,6,96.08,576.48,Toys,Online,43,0,3.7,3.4
CUST01368,28,Male,San Jose,132147,12,87.09,1045.08,Health,Online,2,1,3.9,5.0
CUST01369,30,Female,Phoenix,23009,9,85.6,770.4,Health,In-Store,23,0,5.0,4.2
CUST01370,18,Female,Houston,41543,15,70.4,1056.0,Electronics,Online,47,0,4.4,5.2
CUST01371,68,Male,Philadelphia,125714,16,46.26,740.16,Electronics,Online,45,3,2.9,5.3
CUST01372,50,Male,San Jose,37821,17,110.57,1879.69,Health,Online,13,0,4.1,6.1
CUST01373,18,Female,New York,32557,13,22.28,289.64,Clothing,Online,86,0,5.0,4.3
CUST01374,44,Male,Phoenix,36850,9,24.86,223.74,Health,In-Store,57,3,3.4,3.7
CUST01375,44,Female,San Jose,92654,13,24.96,324.48,Automotive,Online,5,1,4.3,4.8
CUST01376,18,Male,San Jose,98297,15,11.13,166.95,Beauty,Mobile App,25,5,3.1,5.0
CUST01377,58,Male,Phoenix,56292,10,141.57,1415.7,Beauty,Online,14,2,4.2,4.7
CUST01378,21,Male,Los Angeles,117854,9,43.69,393.21,Books,Mobile App,37,2,3.7,3.9
CUST01379,42,Male,San Diego,40726,15,109.22,1638.3,Groceries,Online,1,2,4.1,5.7
CUST01380,25,Female,Philadelphia,62955,13,160.97,2092.61,Automotive,Online,1,1,3.9,5.6
CUST01381,40,Male,Houston,38460,11,51.89,570.79,Health,Online,27,0,4.6,4.4
CUST01382,64,Female,Dallas,44525,18,96.11,1729.98,Clothing,Online,53,2,4.5,6.0
CUST01383,36,Female,Phoenix,48719,11,190.06,2090.66,Books,In-Store,22,0,4.5,5.1
CUST01384,49,Male,Dallas,62559,14,77.54,1085.56,Health,Mobile App,10,0,3.9,5.3
CUST01385,23,Male,Chicago,71734,9,45.51,409.59,Health,In-Store,67,2,4.0,3.7
CUST01386,39,Female,San Diego,106206,14,77.13,1079.82,Toys,Mobile App,5,2,3.6,5.3
CUST01387,26,Female,Houston,25970,10,134.35,1343.5,Sports,Mobile App,13,2,3.7,4.7
CUST01388,32,Male,New York,20000,10,32.22,322.2,Toys,In-Store,45,3,3.7,4.0
CUST01389,33,Male,Houston,72245,13,41.13,534.69,Health,Mobile App,44,0,4.0,4.6
CUST01390,37,Male,Philadelphia,51234,12,16.04,192.48,Beauty,In-Store,19,1,3.6,4.5
CUST01391,49,Female,New York,20000,12,144.98,1739.76,Home & Garden,In-Store,1,2,3.6,5.3
CUST01392,32,Male,Los Angeles,91398,10,115.1,1151.0,Sports,Online,36,2,3.7,4.4
CUST01393,44,Female,New York,101760,6,76.75,460.5,Clothing,In-Store,48,1,3.5,3.4
CUST01394,22,Male,San Jose,63884,13,119.47,1553.11,Health,Mobile App,53,0,4.3,5.0
CUST01395,53,Female,Houston,26954,12,14.69,176.28,Beauty,Mobile App,15,2,4.3,4.5
CUST01396,38,Female,San Diego,52572,15,25.77,386.55,Toys,In-Store,8,4,3.4,5.2
CUST01397,36,Female,San Diego,36190,12,134.75,1617.0,Groceries,In-Store,23,0,3.8,5.1
CUST01398,45,Female,Dallas,81330,12,79.47,953.64,Beauty,Online,73,0,3.7,4.5
CUST01399,43,Female,New York,42344,10,349.97,3499.7,Automotive,Online,19,0,4.4,5.5
CUST01400,47,Female,Philadelphia,93619,13,17.06,221.78,Automotive,In-Store,3,0,4.0,4.8
CUST01401,51,Male,Philadelphia,36194,12,43.67,524.04,Beauty,Online,9,0,4.3,4.7
CUST01402,18,Male,New York,53823,8,76.38,611.04,Beauty,Mobile App,96,0,4.5,3.5
CUST01403,41,Female,Chicago,25276,12,105.56,1266.72,Health,In-Store,86,1,4.2,4.5
CUST01404,26,Male,Los Angeles,52583,10,35.49,354.9,Sports,In-Store,1,2,3.5,4.3
CUST01405,28,Male,New York,58634,10,93.26,932.6,Sports,Online,8,2,3.9,4.5
CUST01406,30,Female,Houston,76811,9,147.1,1323.9,Beauty,Online,32,2,4.1,4.4
CUST01407,48,Female,Houston,40470,10,17.57,175.7,Automotive,Online,67,2,2.7,3.8
CUST01408,49,Male,New York,20351,7,89.1,623.7,Home & Garden,Mobile App,59,0,4.0,3.5
CUST01409,38,Male,New York,38994,15,126.2,1893.0,Toys,Mobile App,8,3,3.5,5.8
CUST01410,33,Male,Philadelphia,40937,15,35.01,525.15,Toys,In-Store,12,2,4.2,5.2
CUST01411,30,Female,Philadelphia,40884,12,127.36,1528.32,Groceries,In-Store,23,0,4.3,5.0
CUST01412,31,Male,Dallas,53200,13,96.02,1248.26,Groceries,Online,67,2,3.4,4.8
CUST01413,34,Male,San Antonio,67578,16,111.98,1791.68,Automotive,Online,60,0,4.3,5.6
CUST01414,41,Male,New York,44017,8,36.92,295.36,Health,Mobile App,15,2,3.5,3.8
CUST01415,37,Male,New York,180946,10,50.57,505.7,Clothing,In-Store,8,1,3.8,4.3
CUST01416,39,Female,Phoenix,36544,12,41.08,492.96,Electronics,In-Store,40,1,4.5,4.5
CUST01417,59,Male,Houston,44757,11,113.29,1246.19,Beauty,Online,84,1,4.2,4.3
CUST01418,22,Male,Dallas,32446,15,17.46,261.9,Beauty,In-Store,30,4,2.8,5.0
CUST01419,37,Female,Phoenix,36352,16,114.54,1832.64,Groceries,Online,41,2,3.6,5.7
CUST01420,43,Male,San Jose,20000,5,92.38,461.9,Automotive,In-Store,69,1,3.0,3.1
CUST01421,28,Male,Philadelphia,42764,18,81.96,1475.28,Automotive,Online,5,2,3.5,6.2
CUST01422,28,Male,Phoenix,25428,15,97.94,1469.1,Health,Online,4,1,3.6,5.6
CUST01423,37,Male,San Jose,27386,9,14.65,131.85,Beauty,In-Store,4,0,3.2,4.0
CUST01424,32,Male,New York,41859,5,36.87,184.35,Toys,Mobile App,83,2,3.9,2.8
CUST01425,41,Male,San Antonio,60698,13,34.54,449.02,Electronics,Online,23,1,3.3,4.7
CUST01426,26,Male,San Jose,87674,11,81.88,900.68,Health,In-Store,76,3,4.1,4.2
CUST01427,35,Female,San Diego,63546,10,203.46,2034.6,Health,Online,54,0,4.3,4.7
CUST01428,22,Male,Houston,43405,14,58.43,818.02,Automotive,Online,8,2,3.9,5.2
CUST01429,27,Female,San Diego,48719,9,27.12,244.08,Health,Online,1,2,3.0,4.1
CUST01430,18,Female,San Diego,49847,8,104.37,834.96,Clothing,Online,19,2,3.0,4.1
CUST01431,52,Female,San Diego,49044,13,209.04,2717.52,Toys,Online,62,0,3.5,5.5
CUST01432,35,Male,San Jose,36932,9,42.41,381.69,Sports,Mobile App,5,1,3.5,4.1
CUST01433,30,Male,Philadelphia,32306,18,56.82,1022.76,Beauty,Online,36,1,4.0,5.8
CUST01434,53,Male,San Diego,57625,18,55.53,999.54,Clothing,Online,42,2,3.8,5.7
CUST01435,33,Male,Chicago,46068,10,63.47,634.7,Sports,In-Store,1,1,3.6,4.4
CUST01436,44,Female,Chicago,40437,11,31.53,346.83,Automotive,Online,9,1,4.0,4.4
CUST01437,36,Female,Los Angeles,149136,7,36.2,253.4,Beauty,In-Store,86,1,3.5,3.2
CUST01438,29,Male,Phoenix,50664,13,21.66,281.58,Automotive,Online,30,1,4.1,4.6
CUST01439,18,Female,Houston,42745,12,61.88,742.56,Health,Online,54,0,4.6,4.5
CUST01440,43,Male,San Diego,28725,13,147.77,1921.01,Books,Online,21,3,3.1,5.4
CUST01441,58,Male,San Jose,66730,12,40.41,484.92,Books,In-Store,22,1,3.8,4.6
CUST01442,25,Male,Philadelphia,20218,14,170.07,2380.98,Automotive,In-Store,18,2,3.6,5.8
CUST01443,36,Male,Los Angeles,87457,9,193.39,1740.51,Health,Mobile App,32,1,3.5,4.5
CUST01444,18,Male,San Jose,105036,10,191.8,1918.0,Toys,Online,51,2,3.8,4.7
CUST01445,43,Male,San Diego,68803,11,35.46,390.06,Groceries,Online,4,1,3.7,4.5
CUST01446,32,Male,San Jose,55181,9,62.33,560.97,Clothing,In-Store,34,3,3.2,4.0
CUST01447,34,Female,San Antonio,44586,15,21.98,329.7,Beauty,Online,6,7,3.2,5.2
CUST01448,57,Female,Los Angeles,77326,11,66.44,730.84,Home & Garden,Mobile App,16,2,3.8,4.6
CUST01449,38,Female,New York,35321,10,52.81,528.1,Groceries,In-Store,9,2,3.0,4.3
CUST01450,22,Male,Phoenix,28218,9,30.71,276.39,Books,In-Store,19,1,4.2,4.0
CUST01451,34,Male,Houston,79060,18,74.56,1342.08,Beauty,Online,48,0,4.0,5.8
CUST01452,36,Female,Phoenix,22113,11,25.74,283.14,Books,In-Store,74,2,3.5,4.0
CUST01453,46,Female,Los Angeles,84746,10,69.04,690.4,Health,Online,30,0,4.2,4.3
CUST01454,20,Non-binary,San Antonio,150571,10,38.91,389.1,Groceries,Mobile App,28,2,3.3,4.2
CUST01455,52,Male,Dallas,41996,11,73.86,812.46,Electronics,Online,63,2,3.4,4.3
CUST01456,20,Female,Philadelphia,163636,13,19.72,256.36,Clothing,Mobile App,4,2,3.5,4.8
CUST01457,51,Female,Houston,103670,13,75.82,985.66,Books,In-Store,143,2,4.0,4.2
CUST01458,53,Male,Philadelphia,69936,19,31.2,592.8,Books,Online,65,0,4.6,5.6
CUST01459,18,Male,Houston,46726,10,88.22,882.2,Groceries,Online,143,2,3.3,3.6
CUST01460,40,Male,San Antonio,20000,8,33.67,269.36,Beauty,Mobile App,57,1,4.2,3.6
CUST01461,37,Male,Chicago,73780,15,21.94,329.1,Groceries,Online,5,2,4.2,5.2
CUST01462,52,Female,Chicago,89534,4,36.63,146.52,Toys,In-Store,24,0,3.9,3.0
CUST01463,32,Non-binary,Chicago,125551,13,228.14,2965.82,Clothing,Online,11,3,3.9,5.9
CUST01464,31,Female,San Diego,63888,9,91.97,827.73,Health,Mobile App,13,2,3.0,4.3
CUST01465,43,Female,San Diego,27072,3,32.77,98.31,Automotive,Online,204,1,3.0,1.7
CUST01466,24,Female,San Antonio,32511,18,33.85,609.3,Beauty,Online,20,2,4.7,5.7
CUST01467,18,Male,New York,72833,8,237.03,1896.24,Health,Online,112,0,3.4,3.9
CUST01468,29,Female,Dallas,35079,12,35.23,422.76,Sports,Online,27,5,3.6,4.5
CUST01469,41,Female,Philadelphia,53372,8,76.57,612.56,Electronics,Mobile App,47,1,3.8,3.8
CUST01470,45,Female,Philadelphia,20000,11,125.75,1383.25,Clothing,In-Store,45,1,4.2,4.6
CUST01471,25,Female,Los Angeles,53837,5,132.61,663.05,Groceries,In-Store,32,0,3.8,3.4
CUST01472,33,Female,Phoenix,84685,14,42.25,591.5,Toys,In-Store,23,2,3.7,5.0
CUST01473,37,Female,San Jose,25159,6,225.65,1353.9,Clothing,Online,125,0,5.0,3.3
CUST01474,39,Female,Los Angeles,42496,10,37.25,372.5,Automotive,In-Store,35,0,3.5,4.1
CUST01475,31,Male,New York,20000,13,23.69,307.97,Beauty,In-Store,59,2,2.6,4.5
CUST01476,49,Male,San Diego,48782,10,131.06,1310.6,Automotive,Mobile App,30,2,4.0,4.5
CUST01477,27,Female,Philadelphia,98852,14,118.44,1658.16,Books,Online,19,1,3.4,5.5
CUST01478,23,Non-binary,Phoenix,157099,13,123.5,1605.5,Sports,Online,8,1,4.2,5.3
CUST01479,51,Female,San Jose,87093,14,24.05,336.7,Sports,In-Store,4,1,3.5,5.0
CUST01480,51,Female,New York,41701,8,37.69,301.52,Toys,In-Store,51,0,4.4,3.6
CUST01481,34,Female,Phoenix,59099,14,65.17,912.38,Health,Online,4,1,3.5,5.2
CUST01482,47,Female,Chicago,20000,10,48.24,482.4,Automotive,Online,3,1,4.0,4.4
CUST01483,18,Female,Phoenix,73108,15,16.75,251.25,Groceries,In-Store,25,3,3.0,5.0
CUST01484,18,Male,Phoenix,29556,7,37.68,263.76,Electronics,In-Store,18,1,3.5,3.6
CUST01485,47,Female,San Jose,112560,11,157.48,1732.28,Groceries,In-Store,14,0,3.1,5.0
CUST01486,62,Male,Chicago,28681,12,29.89,358.68,Sports,In-Store,78,1,5.0,4.2
CUST01487,44,Male,Chicago,35777,16,284.0,4544.0,Automotive,Mobile App,13,1,4.3,7.1
CUST01488,20,Male,Los Angeles,86693,8,153.23,1225.84,Groceries,In-Store,22,2,4.2,4.2
CUST01489,56,Female,San Diego,41552,12,79.51,954.12,Books,In-Store,1,1,3.8,4.9
CUST01490,33,Male,San Diego,26988,19,96.25,1828.75,Groceries,Online,32,1,5.0,6.3
CUST01491,47,Female,Philadelphia,77515,12,69.18,830.16,Electronics,In-Store,28,2,4.1,4.7
CUST01492,32,Female,Los Angeles,57437,16,255.85,4093.6,Electronics,Online,17,4,3.5,6.9
CUST01493,21,Male,Phoenix,21380,15,260.33,3904.95,Toys,In-Store,1,1,3.5,6.7
CUST01494,52,Female,Dallas,69592,11,71.48,786.28,Home & Garden,Online,8,3,3.5,4.6
CUST01495,18,Female,San Diego,58536,12,71.2,854.4,Sports,Online,12,0,3.7,4.8
CUST01496,33,Female,New York,45595,20,53.58,1071.6,Sports,Mobile App,42,4,4.2,6.1
CUST01497,29,Male,Philadelphia,38333,13,57.46,746.98,Automotive,In-Store,20,1,3.4,4.9
CUST01498,50,Male,Dallas,37347,14,65.59,918.26,Beauty,Mobile App,17,3,4.2,5.2
CUST01499,37,Male,Phoenix,42237,12,28.04,336.48,Beauty,Online,5,3,3.8,4.6
CUST01500,18,Female,Phoenix,75459,13,22.62,294.06,Health,Online,1,3,4.1,4.8
CUST01501,33,Female,Houston,66783,9,167.47,1507.23,Health,In-Store,27,1,4.9,4.5
CUST01502,30,Female,Chicago,64859,15,57.96,869.4,Beauty,In-Store,26,0,5.0,5.3
CUST01503,40,Female,Los Angeles,26447,15,49.28,739.2,Electronics,Online,32,1,5.0,5.2
CUST01504,36,Female,San Diego,56692,9,18.25,164.25,Beauty,Online,19,3,3.0,3.9
CUST01505,40,Male,Houston,109466,13,112.5,1462.5,Electronics,Online,55,3,2.9,5.0
CUST01506,53,Male,San Jose,239370,17,62.52,1062.84,Home & Garden,Mobile App,15,1,3.9,5.8
CUST01507,31,Female,Los Angeles,65151,8,139.73,1117.84,Clothing,Mobile App,25,2,4.2,4.1
CUST01508,39,Male,San Jose,23826,15,21.69,325.35,Groceries,Mobile App,34,5,3.4,5.0
CUST01509,56,Female,Phoenix,25097,18,34.47,620.46,Sports,Online,11,0,3.2,5.8
CUST01510,18,Female,San Diego,26565,13,128.0,1664.0,Sports,In-Store,87,1,4.0,4.9
CUST01511,27,Female,Philadelphia,38862,8,244.35,1954.8,Sports,Online,80,3,3.4,4.1
CUST01512,40,Male,New York,37501,11,68.4,752.4,Books,Online,56,0,3.6,4.3
CUST01513,20,Non-binary,Phoenix,52745,7,74.49,521.43,Sports,Online,1,0,3.6,3.9
CUST01514,64,Male,Houston,94947,7,57.59,403.13,Health,Online,100,4,2.9,3.2
CUST01515,50,Female,Los Angeles,67824,14,118.29,1656.06,Groceries,In-Store,1,5,3.2,5.6
CUST01516,31,Male,San Jose,77204,11,47.49,522.39,Clothing,Mobile App,15,2,2.8,4.5
CUST01517,45,Female,Los Angeles,26648,12,60.41,724.92,Electronics,Online,7,1,3.4,4.8
CUST01518,45,Female,Phoenix,74466,13,89.27,1160.51,Toys,Online,23,1,3.8,5.0
CUST01519,43,Female,New York,181957,14,58.3,816.2,Electronics,In-Store,71,2,3.4,4.8
CUST01520,18,Male,Philadelphia,32902,10,73.13,731.3,Books,In-Store,103,0,4.2,3.8
CUST01521,37,Female,San Diego,35603,11,33.76,371.36,Toys,Online,43,3,3.7,4.2
CUST01522,35,Female,Los Angeles,46514,15,35.49,532.35,Automotive,Online,1,1,3.6,5.3
CUST01523,28,Male,San Diego,30429,17,52.27,888.59,Clothing,In-Store,4,0,2.9,5.8
CUST01524,35,Female,Philadelphia,34713,20,77.65,1553.0,Beauty,In-Store,69,1,3.9,6.2
CUST01525,40,Male,Los Angeles,44677,18,114.55,2061.9,Beauty,In-Store,21,3,4.1,6.3
CUST01526,35,Female,Los Angeles,123343,10,86.57,865.7,Toys,In-Store,6,1,3.9,4.5
CUST01527,51,Male,Houston,68514,16,100.32,1605.12,Groceries,In-Store,77,0,3.8,5.4
CUST01528,68,Female,Houston,21367,6,87.26,523.56,Sports,In-Store,65,1,2.7,3.3
CUST01529,44,Female,Philadelphia,84704,17,16.01,272.17,Toys,Online,57,4,3.0,5.2
CUST01530,30,Female,Houston,42094,14,33.18,464.52,Groceries,Online,16,0,3.5,5.0
CUST01531,30,Male,San Jose,86886,14,10,140,Home & Garden,Online,10,3,4.0,4.9
CUST01532,41,Male,Dallas,206798,12,48.82,585.84,Sports,Online,25,3,3.6,4.6
CUST01533,27,Female,San Diego,53272,9,36.55,328.95,Electronics,Online,25,2,3.6,4.0
CUST01534,46,Male,New York,26663,17,80.03,1360.51,Books,Online,16,4,4.2,5.9
CUST01535,19,Female,Dallas,85191,13,52.12,677.56,Toys,Mobile App,37,3,3.0,4.8
CUST01536,39,Female,Dallas,79412,9,73.54,661.86,Groceries,In-Store,14,3,3.4,4.2
CUST01537,35,Male,Los Angeles,46908,13,72.59,943.67,Electronics,In-Store,36,5,3.1,4.9
CUST01538,41,Female,New York,73233,11,86.82,955.02,Toys,Mobile App,10,0,3.1,4.7
CUST01539,22,Female,Houston,51966,15,30.43,456.45,Groceries,Online,9,3,3.7,5.2
CUST01540,21,Female,Phoenix,69134,13,104.22,1354.86,Clothing,Online,33,4,3.8,5.1
CUST01541,27,Male,San Jose,75128,11,10,110,Clothing,Mobile App,194,2,3.8,3.2
CUST01542,42,Male,San Diego,90967,14,291.23,4077.22,Health,In-Store,23,6,3.5,6.5
CUST01543,19,Male,Houston,38957,11,104.53,1149.83,Books,Online,122,2,3.9,4.1
CUST01544,29,Female,San Antonio,34115,8,43.67,349.36,Beauty,Online,7,1,2.7,3.9
CUST01545,26,Female,Dallas,51110,15,44.17,662.55,Groceries,Online,11,0,4.8,5.3
CUST01546,59,Female,Houston,241981,12,95.62,1147.44,Electronics,In-Store,4,1,4.2,5.0
CUST01547,26,Male,Los Angeles,112866,13,68.53,890.89,Sports,Online,72,2,3.4,4.6
CUST01548,54,Male,Philadelphia,58234,12,237.88,2854.56,Automotive,Online,39,3,4.2,5.5
CUST01549,54,Male,San Jose,37642,20,17.29,345.8,Electronics,Online,4,2,4.0,6.1
CUST01550,45,Female,San Jose,65621,21,23.9,501.9,Books,In-Store,7,2,4.8,6.3
CUST01551,47,Male,San Diego,75690,11,119.5,1314.5,Clothing,Online,6,1,3.7,4.9
CUST01552,29,Male,Los Angeles,20000,12,14.02,168.24,Health,Mobile App,8,1,4.0,4.5
CUST01553,31,Male,San Diego,59315,9,27.8,250.2,Groceries,Online,63,0,3.2,3.7
CUST01554,66,Female,Dallas,50006,9,15.42,138.78,Toys,Online,67,0,4.9,3.6
CUST01555,39,Female,San Jose,84713,13,87.48,1137.24,Electronics,In-Store,39,2,4.3,4.9
CUST01556,45,Female,San Jose,20010,13,672.28,8739.64,Clothing,In-Store,36,3,4.6,8.2
CUST01557,33,Female,Philadelphia,51376,12,20.36,244.32,Books,Online,46,1,4.0,4.3
CUST01558,24,Male,Los Angeles,60469,17,37.71,641.07,Automotive,Mobile App,1,3,3.3,5.7
CUST01559,61,Female,Dallas,33565,11,36.73,404.03,Automotive,Online,50,2,3.8,4.2
CUST01560,29,Female,Houston,21613,10,96.07,960.7,Sports,Online,30,0,4.6,4.4
CUST01561,23,Male,Chicago,69285,9,116.72,1050.48,Toys,Online,18,2,3.3,4.3
CUST01562,49,Male,New York,76995,9,155.49,1399.41,Electronics,In-Store,39,2,3.2,4.3
CUST01563,44,Male,San Antonio,60754,11,136.32,1499.52,Sports,Online,2,3,3.9,5.0
CUST01564,26,Female,San Diego,48313,12,33.03,396.36,Electronics,Online,7,0,3.8,4.6
CUST01565,38,Male,Dallas,77263,11,107.21,1179.31,Groceries,Online,6,2,3.7,4.8
CUST01566,42,Male,Dallas,43980,12,29.12,349.44,Clothing,Online,82,3,4.5,4.2
CUST01567,33,Male,San Diego,42777,7,38.99,272.93,Health,In-Store,210,0,3.1,2.4
CUST01568,26,Male,Philadelphia,51619,10,60.58,605.8,Home & Garden,In-Store,2,1,4.1,4.4
CUST01569,44,Male,Los Angeles,23558,5,26.26,131.3,Home & Garden,In-Store,1,1,4.5,3.3
CUST01570,29,Female,San Antonio,89682,12,118.25,1419.0,Home & Garden,Online,35,0,3.9,4.9
CUST01571,48,Female,New York,55041,14,50.33,704.62,Books,Online,15,4,3.8,5.1
CUST01572,39,Female,San Diego,20000,12,112.44,1349.28,Groceries,Online,8,2,3.6,5.0
CUST01573,57,Male,Houston,82931,12,81.58,978.96,Beauty,Mobile App,4,1,3.7,4.9
CUST01574,61,Male,Chicago,65483,19,112.39,2135.41,Electronics,In-Store,12,4,3.6,6.6
CUST01575,58,Male,Chicago,61880,12,40.62,487.44,Clothing,Mobile App,72,2,2.5,4.3
CUST01576,41,Male,Chicago,20000,15,65.89,988.35,Beauty,Online,30,4,3.6,5.3
CUST01577,35,Male,Chicago,30234,9,92.56,833.04,Health,Mobile App,130,2,3.1,3.5
CUST01578,40,Female,Dallas,38795,13,75.03,975.39,Home & Garden,Online,42,3,3.7,4.8
CUST01579,55,Female,San Diego,43737,12,82.37,988.44,Home & Garden,In-Store,11,1,3.6,4.9
CUST01580,18,Female,Phoenix,78915,13,42.66,554.58,Electronics,In-Store,4,2,4.0,4.9
CUST01581,29,Female,Houston,90213,14,50.75,710.5,Home & Garden,Online,12,0,4.0,5.1
CUST01582,18,Female,San Jose,31347,11,164.88,1813.68,Groceries,Mobile App,15,1,3.5,5.0
CUST01583,57,Female,San Antonio,20000,20,71.14,1422.8,Electronics,Online,54,4,3.4,6.2
CUST01584,48,Male,Dallas,58571,15,300.0,4500.0,Electronics,Online,14,1,3.6,6.9
CUST01585,37,Male,Los Angeles,23894,16,15.0,240.0,Toys,Online,2,2,3.9,5.3
CUST01586,27,Male,New York,100203,9,49.83,448.47,Books,Mobile App,50,0,4.2,3.9
CUST01587,37,Male,Phoenix,78964,7,186.26,1303.82,Home & Garden,In-Store,43,0,5.0,3.9
CUST01588,50,Male,San Diego,85409,7,238.1,1666.7,Sports,Online,4,1,4.1,4.3
CUST01589,56,Male,San Jose,50105,14,89.32,1250.48,Health,Online,4,3,3.6,5.4
CUST01590,44,Male,Chicago,42162,10,33.8,338.0,Books,Online,58,3,3.5,3.9
CUST01591,53,Female,San Diego,35835,15,89.92,1348.8,Electronics,Mobile App,48,1,3.5,5.3
CUST01592,22,Male,Philadelphia,24536,10,119.51,1195.1,Automotive,Online,13,0,4.1,4.6
CUST01593,43,Male,Phoenix,71954,18,73.23,1318.14,Health,In-Store,19,2,3.2,6.0
CUST01594,63,Female,Los Angeles,42175,11,16.74,184.14,Health,Mobile App,12,1,3.5,4.3
CUST01595,49,Female,New York,62813,10,53.34,533.4,Automotive,Mobile App,48,0,3.5,4.1
CUST01596,18,Female,New York,119317,7,111.93,783.51,Clothing,Online,6,0,4.7,3.9
CUST01597,51,Male,New York,64603,10,46.28,462.8,Beauty,Online,1,2,3.1,4.4
CUST01598,48,Female,Los Angeles,65822,10,164.95,1649.5,Automotive,In-Store,2,1,3.4,4.9
CUST01599,30,Male,Philadelphia,40775,13,96.59,1255.67,Home & Garden,In-Store,17,3,3.4,5.1
CUST01600,63,Female,San Jose,28209,10,36.25,362.5,Home & Garden,In-Store,115,1,3.4,3.6
CUST01601,25,Female,Philadelphia,84671,8,108.18,865.44,Beauty,Mobile App,5,1,3.0,4.2
CUST01602,32,Female,San Antonio,66690,16,40.33,645.28,Sports,Online,2,2,4.7,5.5
CUST01603,54,Male,San Diego,24396,9,65.96,593.64,Toys,In-Store,22,0,3.9,4.1
CUST01604,36,Female,San Diego,34701,15,63.13,946.95,Automotive,In-Store,113,1,4.0,4.7
CUST01605,22,Female,Phoenix,23423,12,67.07,804.84,Toys,In-Store,36,1,3.9,4.6
CUST01606,28,Female,Los Angeles,37855,15,56.53,847.95,Home & Garden,Mobile App,17,1,3.6,5.3
CUST01607,49,Male,Los Angeles,29517,13,63.76,828.88,Books,Mobile App,15,2,2.8,5.0
CUST01608,25,Male,Los Angeles,65928,12,191.45,2297.4,Clothing,Online,44,2,3.7,5.2
CUST01609,25,Male,Chicago,59878,14,68.99,965.86,Toys,Online,12,0,4.5,5.2
CUST01610,47,Male,New York,43052,18,241.08,4339.44,Sports,Online,12,1,3.0,7.3
CUST01611,46,Female,Chicago,54379,7,150.96,1056.72,Toys,Online,16,1,3.5,4.0
CUST01612,39,Male,New York,71079,14,45.0,630.0,Sports,Online,1,3,3.8,5.1
CUST01613,25,Male,Houston,54818,14,26.94,377.16,Automotive,In-Store,25,2,4.4,4.9
CUST01614,55,Male,Philadelphia,20000,11,76.28,839.08,Beauty,Online,2,2,4.4,4.7
CUST01615,43,Female,Dallas,44449,9,16.97,152.73,Automotive,Online,31,2,3.1,3.9
CUST01616,24,Male,Chicago,43306,12,26.32,315.84,Sports,Online,17,2,3.7,4.5
CUST01617,28,Male,San Diego,67980,15,150.52,2257.8,Beauty,Mobile App,30,0,3.9,5.8
CUST01618,46,Female,New York,39486,14,116.64,1632.96,Groceries,Online,30,3,4.0,5.4
CUST01619,45,Male,Chicago,60242,9,73.07,657.63,Health,Mobile App,7,4,3.5,4.2
CUST01620,38,Female,Phoenix,87823,17,64.86,1102.62,Groceries,Mobile App,6,6,2.9,5.8
CUST01621,38,Female,Chicago,136077,13,113.13,1470.69,Groceries,Online,84,3,3.2,4.8
CUST01622,50,Male,Philadelphia,52525,11,91.93,1011.23,Health,Online,62,0,4.5,4.4
CUST01623,42,Male,Chicago,39777,7,58.73,411.11,Home & Garden,In-Store,27,1,4.2,3.6
CUST01624,28,Male,Philadelphia,69930,14,84.42,1181.88,Beauty,Online,12,0,4.5,5.3
CUST01625,23,Male,Chicago,95205,12,14.6,175.2,Automotive,Online,8,1,3.4,4.5
CUST01626,38,Female,San Antonio,62100,7,217.07,1519.49,Toys,In-Store,1,1,4.9,4.3
CUST01627,25,Female,Philadelphia,55820,13,39.08,508.04,Groceries,Online,4,1,3.0,4.9
CUST01628,38,Female,Dallas,34831,9,117.55,1057.95,Beauty,In-Store,52,4,3.0,4.1
CUST01629,24,Male,Phoenix,37788,12,10,120,Health,In-Store,16,1,3.7,4.5
CUST01630,44,Female,San Diego,59807,17,54.19,921.23,Beauty,In-Store,7,2,4.1,5.7
CUST01631,55,Female,New York,31338,10,159.25,1592.5,Groceries,In-Store,83,1,4.2,4.3
CUST01632,29,Male,New York,20000,14,139.76,1956.64,Books,In-Store,28,4,3.1,5.5
CUST01633,38,Male,Philadelphia,57876,9,93.14,838.26,Clothing,Online,7,0,4.1,4.3
CUST01634,28,Female,Houston,22222,14,43.41,607.74,Health,In-Store,1,1,3.7,5.1
CUST01635,35,Female,Phoenix,72608,14,90.35,1264.9,Home & Garden,Online,21,3,2.8,5.3
CUST01636,41,Female,San Diego,78371,4,213.61,854.44,Clothing,Mobile App,72,1,3.8,3.0
CUST01637,59,Male,San Diego,71615,10,34.66,346.6,Beauty,In-Store,40,2,4.3,4.1
CUST01638,58,Female,New York,46348,9,194.2,1747.8,Beauty,Online,15,0,4.3,4.6
CUST01639,26,Female,San Antonio,88130,8,120.14,961.12,Beauty,Online,20,0,3.2,4.1
CUST01640,34,Male,Philadelphia,36234,14,32.88,460.32,Beauty,Online,6,0,4.1,5.0
CUST01641,40,Male,Dallas,37284,12,138.75,1665.0,Clothing,Online,11,1,3.5,5.2
CUST01642,55,Female,San Antonio,56060,14,79.24,1109.36,Toys,Online,4,3,3.2,5.3
CUST01643,27,Female,San Antonio,62316,10,50.65,506.5,Books,Online,23,2,3.5,4.2
CUST01644,18,Female,Los Angeles,31279,12,47.72,572.64,Groceries,Online,96,0,4.1,4.2
CUST01645,46,Male,Dallas,101804,8,57.04,456.32,Beauty,Online,48,1,4.3,3.7
CUST01646,18,Female,San Antonio,44419,10,23.75,237.5,Clothing,Online,99,1,3.7,3.6
CUST01647,32,Female,Phoenix,34923,14,38.29,536.06,Books,Online,9,1,3.4,5.0
CUST01648,41,Male,San Jose,33650,15,33.72,505.8,Groceries,Online,11,2,2.8,5.2
CUST01649,48,Female,Phoenix,20000,13,100.32,1304.16,Automotive,Online,19,4,3.7,5.1
CUST01650,44,Female,Phoenix,41064,8,38.34,306.72,Health,Online,17,0,3.9,3.8
CUST01651,36,Female,San Diego,61159,10,169.79,1697.9,Home & Garden,Online,36,1,4.3,4.7
CUST01652,58,Male,Phoenix,83021,14,13.74,192.36,Sports,Mobile App,37,1,4.2,4.7
CUST01653,48,Female,San Diego,81092,9,79.23,713.07,Clothing,In-Store,19,1,3.3,4.2
CUST01654,41,Female,San Antonio,50069,13,48.91,635.83,Groceries,Online,27,6,3.6,4.8
CUST01655,44,Female,Houston,77681,21,75.79,1591.59,Electronics,Online,20,2,3.4,6.7
CUST01656,20,Male,Los Angeles,22151,15,114.73,1720.95,Health,In-Store,1,2,4.2,5.8
CUST01657,33,Female,San Jose,107969,9,49.77,447.93,Books,Mobile App,23,0,3.6,4.0
CUST01658,23,Female,San Diego,44523,13,45.15,586.95,Clothing,Online,30,2,3.4,4.8
CUST01659,43,Female,New York,95656,7,81.67,571.69,Sports,Online,5,0,4.7,3.9
CUST01660,39,Male,Philadelphia,20070,16,123.03,1968.48,Toys,Mobile App,19,2,3.7,5.9
CUST01661,18,Male,Chicago,104916,15,26.13,391.95,Electronics,Online,8,3,3.5,5.2
CUST01662,64,Male,Philadelphia,52521,12,32.25,387.0,Electronics,Online,40,2,4.4,4.4
CUST01663,59,Female,Los Angeles,167341,6,18.08,108.48,Automotive,Online,140,2,4.5,2.6
CUST01664,29,Female,Los Angeles,114238,9,57.63,518.67,Health,In-Store,25,1,3.5,4.1
CUST01665,35,Female,Philadelphia,57397,8,54.02,432.16,Sports,Online,11,1,3.8,3.9
CUST01666,39,Female,Philadelphia,135262,10,362.44,3624.4,Clothing,In-Store,14,2,3.6,5.6
CUST01667,18,Male,Chicago,156631,7,91.55,640.85,Electronics,Online,78,1,3.8,3.4
CUST01668,26,Male,San Diego,40627,15,28.92,433.8,Books,Online,9,0,4.0,5.2
CUST01669,28,Female,Los Angeles,64516,14,30.77,430.78,Home & Garden,Online,9,2,3.7,5.0
CUST01670,44,Male,Houston,70250,8,152.62,1220.96,Automotive,In-Store,9,0,4.4,4.3
CUST01671,30,Female,Dallas,24088,15,34.87,523.05,Automotive,In-Store,19,0,3.4,5.2
CUST01672,21,Female,Los Angeles,91153,13,117.54,1528.02,Books,Online,6,2,3.7,5.3
CUST01673,36,Male,Chicago,192520,18,95.6,1720.8,Electronics,Online,19,4,2.9,6.2
CUST01674,42,Male,Philadelphia,55524,10,33.1,331.0,Groceries,Mobile App,29,2,4.1,4.1
CUST01675,41,Female,San Jose,56328,15,145.63,2184.45,Automotive,In-Store,16,1,3.7,5.9
CUST01676,43,Male,Phoenix,31504,10,97.49,974.9,Electronics,In-Store,66,3,4.0,4.2
CUST01677,36,Male,Chicago,68378,12,324.24,3890.88,Groceries,In-Store,184,4,3.7,5.0
CUST01678,33,Male,Houston,64355,19,46.11,876.09,Groceries,Mobile App,24,1,4.1,6.0
CUST01679,29,Male,Los Angeles,62267,12,234.56,2814.72,Clothing,Online,35,2,3.9,5.5
CUST01680,33,Female,San Antonio,78597,9,134.1,1206.9,Electronics,Online,16,1,3.6,4.4
CUST01681,19,Male,Dallas,26084,12,82.31,987.72,Health,Online,1,1,4.7,4.9
CUST01682,38,Male,Phoenix,21279,12,19.75,237.0,Electronics,Online,75,1,3.7,4.2
CUST01683,52,Female,Los Angeles,24586,17,31.55,536.35,Clothing,Mobile App,30,0,3.8,5.4
CUST01684,18,Male,Houston,63398,9,102.55,922.95,Groceries,In-Store,43,0,3.2,4.1
CUST01685,33,Male,Chicago,21137,10,97.78,977.8,Sports,Mobile App,15,3,4.0,4.5
CUST01686,43,Male,Chicago,115465,10,103.88,1038.8,Automotive,In-Store,59,2,3.3,4.2
CUST01687,41,Female,Dallas,38562,17,65.27,1109.59,Health,Online,19,3,3.8,5.8
CUST01688,58,Female,New York,73068,16,22.55,360.8,Automotive,Online,38,2,3.5,5.1
CUST01689,43,Male,Phoenix,93340,21,66.05,1387.05,Groceries,Mobile App,1,1,3.5,6.7
CUST01690,34,Female,Los Angeles,43274,20,127.17,2543.4,Home & Garden,Mobile App,20,7,3.2,6.9
CUST01691,39,Female,San Diego,86372,17,99.21,1686.57,Beauty,In-Store,6,7,3.1,6.1
CUST01692,36,Male,Los Angeles,26542,11,41.13,452.43,Groceries,Mobile App,10,1,2.9,4.5
CUST01693,43,Non-binary,San Antonio,34365,8,50.75,406.0,Home & Garden,In-Store,19,1,3.7,3.9
CUST01694,31,Male,Philadelphia,42859,13,95.3,1238.9,Clothing,Online,12,2,4.1,5.1
CUST01695,33,Female,San Diego,20000,12,137.98,1655.76,Beauty,In-Store,31,1,3.2,5.0
CUST01696,18,Female,New York,40406,12,163.69,1964.28,Clothing,Online,46,1,3.7,5.1
CUST01697,67,Male,Phoenix,23523,14,144.45,2022.3,Toys,In-Store,17,2,3.5,5.6
CUST01698,34,Male,San Diego,52156,9,64.79,583.11,Home & Garden,In-Store,1,1,4.6,4.2
CUST01699,37,Male,San Antonio,77152,14,116.47,1630.58,Home & Garden,Mobile App,61,0,4.5,5.2
CUST01700,60,Female,San Diego,36061,6,62.34,374.04,Beauty,Online,257,0,4.3,2.0
CUST01701,45,Non-binary,San Diego,120863,14,59.77,836.78,Clothing,Online,43,3,4.0,5.0
CUST01702,24,Female,Los Angeles,65814,11,24.48,269.28,Clothing,Online,23,0,5.0,4.3
CUST01703,51,Male,San Jose,86682,10,171.7,1717.0,Clothing,In-Store,11,0,4.5,4.8
CUST01704,40,Female,Chicago,55955,7,158.54,1109.78,Clothing,Online,102,0,4.7,3.5
CUST01705,27,Male,Houston,45045,11,69.76,767.36,Health,Mobile App,62,0,4.5,4.3
CUST01706,29,Male,Houston,30776,11,27.55,303.05,Books,In-Store,2,0,3.8,4.5
CUST01707,34,Male,San Jose,115292,14,118.39,1657.46,Health,Online,12,0,4.5,5.5
CUST01708,26,Female,San Antonio,43661,10,94.65,946.5,Beauty,Online,5,0,3.4,4.5
CUST01709,39,Female,San Antonio,73657,18,34.06,613.08,Toys,In-Store,24,2,2.9,5.7
CUST01710,26,Male,San Diego,96009,8,30.2,241.6,Clothing,Online,10,1,3.8,3.9
CUST01711,27,Female,Houston,38378,19,77.84,1478.96,Groceries,Online,35,2,4.1,6.2
CUST01712,33,Female,Los Angeles,24423,7,16.75,117.25,Toys,In-Store,32,0,3.7,3.5
CUST01713,44,Non-binary,San Antonio,54127,7,67.69,473.83,Health,In-Store,75,0,4.6,3.4
CUST01714,28,Male,San Jose,57102,15,50.87,763.05,Health,Online,6,1,4.0,5.3
CUST01715,50,Male,Dallas,119227,7,20.33,142.31,Toys,In-Store,32,0,4.5,3.5
CUST01716,35,Male,San Diego,47183,12,14.0,168.0,Toys,In-Store,13,1,4.2,4.5
CUST01717,40,Female,Dallas,24073,16,108.78,1740.48,Automotive,Online,13,2,3.8,5.9
CUST01718,22,Female,San Antonio,111779,13,24.01,312.13,Clothing,Online,1,6,3.5,4.8
CUST01719,30,Male,San Antonio,30102,17,68.77,1169.09,Toys,Online,26,0,4.4,5.7
CUST01720,27,Male,Dallas,27617,8,106.43,851.44,Sports,Mobile App,27,1,3.1,4.0
CUST01721,45,Male,San Antonio,69324,9,48.06,432.54,Groceries,Online,29,0,3.4,4.0
CUST01722,42,Male,Los Angeles,130515,16,82.61,1321.76,Health,In-Store,4,4,4.1,5.8
CUST01723,31,Female,Dallas,28590,12,191.6,2299.2,Health,Online,93,3,3.3,4.9
CUST01724,47,Female,Chicago,100180,9,166.33,1496.97,Automotive,Online,7,0,3.3,4.6
CUST01725,38,Male,San Jose,24467,12,38.15,457.8,Books,In-Store,6,1,4.5,4.7
CUST01726,36,Male,Phoenix,129813,12,311.79,3741.48,Beauty,Online,159,2,4.0,5.1
CUST01727,39,Female,Chicago,64773,15,50.42,756.3,Beauty,Online,3,2,2.8,5.4
CUST01728,34,Female,New York,42510,14,80.18,1122.52,Beauty,Online,1,1,3.9,5.3
CUST01729,47,Male,Philadelphia,46502,13,22.0,286.0,Books,Online,94,3,2.7,4.2
CUST01730,22,Female,Houston,70590,20,441.69,8833.8,Home & Garden,In-Store,7,5,3.5,9.6
CUST01731,18,Female,Los Angeles,65102,13,23.56,306.28,Sports,Online,11,2,3.8,4.8
CUST01732,37,Male,Dallas,53603,21,38.34,805.14,Beauty,Online,5,1,3.9,6.4
CUST01733,48,Female,San Antonio,54541,12,45.35,544.2,Health,In-Store,56,3,4.8,4.4
CUST01734,24,Male,New York,66860,13,154.1,2003.3,Toys,In-Store,52,3,3.3,5.2
CUST01735,49,Non-binary,San Antonio,88196,10,40.09,400.9,Health,Online,1,1,4.3,4.3
CUST01736,49,Female,San Diego,86394,12,20.93,251.16,Clothing,In-Store,40,1,4.1,4.4
CUST01737,39,Male,San Diego,81144,11,26.6,292.6,Automotive,Mobile App,74,1,2.7,4.0
CUST01738,54,Female,Chicago,62822,15,179.14,2687.1,Health,Online,16,3,3.2,6.1
CUST01739,32,Female,Houston,32140,12,42.91,514.92,Toys,In-Store,21,1,3.9,4.6
CUST01740,18,Non-binary,Los Angeles,35305,17,95.89,1630.13,Automotive,Online,16,1,4.0,6.0
CUST01741,18,Male,Phoenix,38331,11,43.17,474.87,Health,Online,20,2,2.7,4.4
CUST01742,45,Male,Los Angeles,59340,12,48.15,577.8,Health,Online,8,2,3.4,4.7
CUST01743,30,Male,Los Angeles,31443,11,15.68,172.48,Health,Mobile App,27,0,3.4,4.2
CUST01744,33,Male,Houston,43441,10,114.73,1147.3,Beauty,In-Store,69,0,4.8,4.2
CUST01745,35,Female,Phoenix,81491,11,50.71,557.81,Automotive,Mobile App,12,0,3.6,4.5
CUST01746,46,Male,Dallas,39174,10,38.92,389.2,Beauty,Online,130,0,3.5,3.5
CUST01747,18,Male,San Jose,50930,16,24.21,387.36,Automotive,Online,50,3,3.4,5.1
CUST01748,61,Female,Chicago,28562,11,87.53,962.83,Electronics,In-Store,10,4,4.1,4.7
CUST01749,46,Female,Chicago,57934,14,169.83,2377.62,Health,Online,35,1,3.5,5.7
CUST01750,39,Female,San Diego,75324,15,120.38,1805.7,Sports,Mobile App,1,3,3.4,5.8
CUST01751,26,Female,San Jose,53735,8,130.31,1042.48,Books,Mobile App,64,1,3.7,3.9
CUST01752,36,Female,New York,85801,18,49.22,885.96,Automotive,Online,27,2,3.9,5.8
CUST01753,34,Male,Houston,40349,10,176.93,1769.3,Groceries,In-Store,3,1,3.4,4.9
CUST01754,56,Female,San Antonio,42779,8,57.39,459.12,Books,Online,11,1,3.4,3.9
CUST01755,39,Female,Los Angeles,121791,13,42.53,552.89,Home & Garden,Mobile App,5,0,4.2,4.9
CUST01756,34,Male,Phoenix,20000,14,241.43,3380.02,Groceries,Online,165,2,3.9,5.3
CUST01757,48,Female,San Antonio,120698,5,64.64,323.2,Home & Garden,Online,99,0,3.9,2.8
CUST01758,19,Male,Houston,75120,15,122.78,1841.7,Sports,Online,5,1,3.6,5.8
CUST01759,52,Female,San Antonio,90816,14,10.94,153.16,Books,In-Store,23,1,4.0,4.8
CUST01760,21,Male,Chicago,37541,12,80.34,964.08,Sports,Online,3,2,3.7,4.9
CUST01761,36,Male,Phoenix,20000,14,260.03,3640.42,Automotive,Online,15,4,3.6,6.3
CUST01762,57,Female,San Diego,100268,12,80.99,971.88,Electronics,Online,61,3,3.4,4.6
CUST01763,59,Female,Philadelphia,34416,12,108.42,1301.04,Health,Online,78,0,3.3,4.6
CUST01764,18,Male,San Antonio,55189,11,43.5,478.5,Beauty,In-Store,2,0,3.9,4.5
CUST01765,57,Female,San Antonio,34012,9,30.75,276.75,Groceries,Online,37,1,4.2,3.9
CUST01766,51,Female,Dallas,21044,11,71.46,786.06,Clothing,In-Store,13,0,3.6,4.6
CUST01767,36,Female,Dallas,48776,11,19.49,214.39,Sports,Online,22,1,4.0,4.3
CUST01768,29,Male,San Jose,60558,14,55.39,775.46,Clothing,In-Store,14,2,2.1,5.1
CUST01769,51,Male,San Jose,85303,11,104.55,1150.05,Books,Mobile App,20,5,2.0,4.7
CUST01770,39,Female,San Antonio,35076,9,26.01,234.09,Home & Garden,Online,50,2,4.1,3.8
CUST01771,24,Male,Phoenix,21802,11,41.86,460.46,Toys,Online,70,1,4.5,4.1
CUST01772,18,Female,New York,62566,12,38.86,466.32,Toys,In-Store,29,1,3.9,4.5
CUST01773,63,Female,Los Angeles,108204,11,79.14,870.54,Beauty,In-Store,4,1,4.2,4.7
CUST01774,39,Male,Houston,34958,9,90.77,816.93,Sports,Mobile App,3,1,3.7,4.3
CUST01775,47,Female,Philadelphia,32533,13,58.23,756.99,Toys,In-Store,6,3,4.8,5.0
CUST01776,50,Female,New York,33136,18,66.35,1194.3,Health,Online,10,4,4.3,6.0
CUST01777,43,Female,New York,43943,9,68.57,617.13,Home & Garden,Online,19,0,3.4,4.1
CUST01778,55,Male,Philadelphia,59931,16,36.15,578.4,Clothing,In-Store,6,0,3.2,5.4
CUST01779,18,Male,San Diego,55664,15,133.04,1995.6,Books,Online,65,2,4.2,5.5
CUST01780,28,Female,Phoenix,103313,12,188.88,2266.56,Sports,Online,2,1,4.3,5.5
CUST01781,29,Female,Houston,36421,7,39.91,279.37,Sports,Online,152,2,3.4,2.8
CUST01782,46,Female,San Diego,181536,13,43.2,561.6,Beauty,Mobile App,3,1,4.0,4.9
CUST01783,46,Female,San Antonio,55221,10,18.51,185.1,Electronics,Online,44,3,3.1,4.0
CUST01784,27,Male,San Diego,105353,10,28.31,283.1,Toys,In-Store,31,1,3.1,4.1
CUST01785,44,Female,Philadelphia,52163,20,37.94,758.8,Books,Mobile App,24,4,4.0,6.1
CUST01786,42,Female,Chicago,50558,16,19.31,308.96,Sports,In-Store,4,2,3.9,5.3
CUST01787,39,Male,San Jose,65555,13,56.99,740.87,Automotive,In-Store,19,1,4.3,4.9
CUST01788,45,Male,New York,57487,8,35.7,285.6,Electronics,In-Store,44,1,4.2,3.7
CUST01789,40,Male,San Diego,101529,17,53.7,912.9,Groceries,Online,12,3,3.6,5.7
CUST01790,46,Male,Phoenix,41588,11,191.84,2110.24,Beauty,In-Store,3,3,3.7,5.2
CUST01791,31,Male,Houston,20000,8,46.32,370.56,Automotive,In-Store,49,1,3.2,3.7
CUST01792,26,Female,Chicago,74366,11,50.25,552.75,Health,In-Store,13,4,2.9,4.5
CUST01793,23,Female,Philadelphia,25996,10,13.18,131.8,Toys,Online,5,0,4.3,4.2
CUST01794,34,Female,Phoenix,43490,15,39.37,590.55,Groceries,In-Store,1,2,4.5,5.3
CUST01795,45,Female,Phoenix,32279,14,33.33,466.62,Home & Garden,Online,18,1,3.6,5.0
CUST01796,42,Male,San Antonio,111223,11,40.95,450.45,Books,Mobile App,28,3,4.4,4.4
CUST01797,49,Female,Houston,22923,11,30.12,331.32,Electronics,Mobile App,21,3,3.3,4.4
CUST01798,54,Female,San Jose,39126,11,21.43,235.73,Home & Garden,Mobile App,52,0,4.0,4.1
CUST01799,20,Non-binary,Houston,52506,12,122.13,1465.56,Sports,In-Store,16,2,4.1,5.0
CUST01800,44,Male,San Antonio,52547,5,121.85,609.25,Health,Online,10,2,2.5,3.5
CUST01801,46,Male,Los Angeles,47133,16,100.22,1603.52,Beauty,Online,20,2,4.6,5.8
CUST01802,54,Female,New York,28245,13,100.03,1300.39,Automotive,Online,2,1,3.4,5.2
CUST01803,34,Female,San Diego,45926,16,40.27,644.32,Toys,Online,33,2,3.5,5.3
CUST01804,61,Female,Houston,47044,14,136.87,1916.18,Sports,Online,2,0,4.0,5.7
CUST01805,45,Female,Chicago,24147,9,320.03,2880.27,Books,Mobile App,11,0,3.6,5.1
CUST01806,44,Female,Phoenix,53020,14,25.37,355.18,Home & Garden,Online,15,4,3.0,4.9
CUST01807,26,Male,Chicago,41489,17,33.86,575.62,Electronics,Online,57,4,3.2,5.3
CUST01808,30,Male,San Jose,34316,14,73.18,1024.52,Toys,Mobile App,26,3,3.3,5.1
CUST01809,39,Male,San Diego,44469,20,54.76,1095.2,Clothing,Online,2,4,2.4,6.4
CUST01810,31,Male,Philadelphia,34539,4,135.02,540.08,Books,In-Store,41,1,3.3,3.1
CUST01811,44,Female,San Antonio,39468,13,34.72,451.36,Health,Online,7,0,4.9,4.8
CUST01812,41,Male,New York,49530,15,95.78,1436.7,Electronics,Online,8,0,4.3,5.6
CUST01813,31,Male,Philadelphia,77555,10,24.73,247.3,Health,Mobile App,27,0,4.3,4.1
CUST01814,32,Female,San Jose,95823,16,46.53,744.48,Electronics,Online,13,1,4.4,5.5
CUST01815,39,Female,San Antonio,68624,12,69.92,839.04,Sports,Mobile App,79,0,4.6,4.4
CUST01816,40,Female,Chicago,29503,10,34.61,346.1,Automotive,Online,63,3,2.6,3.9
CUST01817,27,Male,Chicago,25028,16,80.81,1292.96,Automotive,Online,23,1,3.8,5.6
CUST01818,31,Male,San Diego,20859,16,55.54,888.64,Groceries,Online,3,3,3.9,5.6
CUST01819,32,Female,San Antonio,76315,14,192.63,2696.82,Groceries,Online,11,1,4.2,5.9
CUST01820,32,Male,Chicago,82164,9,60.16,541.44,Toys,Mobile App,1,2,3.8,4.2
CUST01821,38,Female,Philadelphia,53425,12,55.95,671.4,Books,Online,10,0,4.2,4.7
CUST01822,44,Female,San Jose,108569,13,156.64,2036.32,Sports,In-Store,12,3,3.9,5.5
CUST01823,43,Male,Chicago,50435,11,76.15,837.65,Beauty,In-Store,16,0,4.5,4.6
CUST01824,38,Female,Chicago,70577,10,106.89,1068.9,Automotive,Mobile App,97,3,2.6,4.0
CUST01825,25,Female,San Diego,25479,12,36.57,438.84,Electronics,Online,16,2,3.5,4.6
CUST01826,63,Male,Chicago,108859,16,80.02,1280.32,Electronics,Online,8,1,4.5,5.7
CUST01827,22,Male,San Diego,68220,18,106.52,1917.36,Books,Online,1,1,3.7,6.4
CUST01828,51,Female,San Diego,41887,13,93.09,1210.17,Electronics,Online,34,1,3.8,5.0
CUST01829,39,Non-binary,Dallas,75686,14,111.55,1561.7,Toys,Online,24,2,3.3,5.4
CUST01830,34,Male,Chicago,72315,11,145.95,1605.45,Clothing,Online,86,2,4.7,4.5
CUST01831,35,Male,Phoenix,75986,12,195.1,2341.2,Groceries,Mobile App,10,1,4.6,5.5
CUST01832,26,Female,Phoenix,28586,14,43.08,603.12,Health,Mobile App,4,5,3.4,5.1
CUST01833,55,Female,San Jose,109474,8,31.92,255.36,Electronics,In-Store,33,0,3.0,3.7
CUST01834,31,Female,San Antonio,44396,25,94.15,2353.75,Clothing,Online,9,2,3.7,7.8
CUST01835,54,Female,Los Angeles,42244,13,44.46,577.98,Beauty,Online,52,0,3.4,4.6
CUST01836,37,Female,Los Angeles,92441,16,155.39,2486.24,Books,Online,35,2,3.4,6.1
CUST01837,39,Female,Los Angeles,33612,11,22.3,245.3,Beauty,Online,18,1,4.2,4.3
CUST01838,18,Male,San Diego,36931,14,46.1,645.4,Toys,In-Store,7,0,3.7,5.1
CUST01839,51,Male,New York,120098,11,18.09,198.99,Beauty,Mobile App,48,0,4.0,4.1
CUST01840,45,Female,San Diego,66419,12,20.35,244.2,Beauty,Mobile App,7,2,4.5,4.6
CUST01841,46,Non-binary,San Jose,100224,18,43.5,783.0,Groceries,Online,16,3,3.7,5.8
CUST01842,55,Male,Phoenix,54752,13,30.18,392.34,Beauty,In-Store,12,2,4.3,4.8
CUST01843,38,Female,Dallas,44715,19,106.46,2022.74,Health,Online,13,3,4.2,6.5
CUST01844,34,Male,Chicago,21496,17,132.59,2254.03,Home & Garden,Mobile App,15,4,3.4,6.3
CUST01845,33,Female,Los Angeles,25172,14,79.37,1111.18,Electronics,Mobile App,27,1,3.7,5.2
CUST01846,40,Male,San Antonio,74517,11,29.7,326.7,Sports,In-Store,22,3,2.2,4.3
CUST01847,48,Female,Chicago,63438,13,85.49,1111.37,Clothing,Online,12,1,3.8,5.1
CUST01848,23,Female,Phoenix,23501,4,91.21,364.84,Health,Online,5,0,3.8,3.2
CUST01849,56,Female,Philadelphia,98122,11,120.9,1329.9,Automotive,Online,4,1,4.1,4.9
CUST01850,44,Male,San Antonio,32552,12,312.87,3754.44,Toys,Online,14,0,3.6,6.0
CUST01851,56,Female,Los Angeles,20000,10,50.94,509.4,Books,Mobile App,4,1,3.3,4.4
CUST01852,29,Female,San Antonio,21082,12,75.72,908.64,Books,Online,21,2,2.8,4.8
CUST01853,42,Female,San Diego,45143,14,127.77,1788.78,Home & Garden,In-Store,103,2,3.1,5.0
CUST01854,47,Female,San Diego,44144,15,128.12,1921.8,Automotive,In-Store,19,1,3.9,5.7
CUST01855,26,Female,Phoenix,50040,15,163.29,2449.35,Toys,Online,15,3,3.4,6.0
CUST01856,28,Female,San Diego,74407,20,11.05,221.0,Sports,Online,7,2,3.1,6.0
CUST01857,28,Male,Phoenix,33511,16,34.09,545.44,Home & Garden,In-Store,11,3,3.3,5.4
CUST01858,38,Male,New York,124854,8,19.05,152.4,Automotive,Online,4,1,4.4,3.9
CUST01859,22,Male,Los Angeles,33923,18,34.58,622.44,Automotive,Online,3,0,4.2,5.8
CUST01860,27,Male,San Jose,56901,11,82.65,909.15,Sports,Online,74,0,4.1,4.3
CUST01861,44,Female,Dallas,33855,14,193.12,2703.68,Electronics,Online,6,1,3.9,6.0
CUST01862,44,Female,Chicago,100244,10,183.19,1831.9,Groceries,Mobile App,33,2,3.1,4.7
CUST01863,41,Male,San Antonio,20000,14,57.69,807.66,Sports,Online,21,0,4.7,5.1
CUST01864,26,Female,San Diego,40310,14,53.83,753.62,Health,Mobile App,6,1,2.9,5.2
CUST01865,38,Male,Chicago,90689,13,71.43,928.59,Home & Garden,Online,130,1,4.4,4.3
CUST01866,18,Female,San Jose,28700,10,47.21,472.1,Sports,Mobile App,76,0,4.0,3.9
CUST01867,40,Male,Dallas,21404,9,48.21,433.89,Electronics,Online,141,2,3.6,3.3
CUST01868,50,Male,Chicago,46631,14,15.27,213.78,Toys,Online,83,0,3.2,4.4
CUST01869,63,Male,San Jose,53128,13,58.73,763.49,Toys,Online,11,3,3.6,5.0
CUST01870,50,Female,San Jose,21875,15,56.37,845.55,Beauty,In-Store,43,1,4.3,5.1
CUST01871,36,Female,San Antonio,56244,9,57.21,514.89,Sports,Online,28,1,3.6,4.0
CUST01872,59,Male,Houston,61175,15,33.94,509.1,Clothing,Mobile App,30,2,3.7,5.1
CUST01873,67,Female,Houston,46933,14,23.7,331.8,Electronics,Online,74,1,4.0,4.5
CUST01874,44,Female,Houston,43185,17,120.89,2055.13,Books,Mobile App,18,2,3.1,6.2
CUST01875,34,Female,Dallas,31723,8,145.08,1160.64,Home & Garden,Online,63,3,3.5,3.9
CUST01876,29,Female,Chicago,29216,15,93.84,1407.6,Toys,Online,28,2,3.7,5.5
CUST01877,37,Male,Chicago,51221,19,57.35,1089.65,Toys,Mobile App,24,4,3.9,6.1
CUST01878,42,Male,San Diego,43585,10,33.31,333.1,Health,Online,92,1,3.4,3.7
CUST01879,40,Male,San Antonio,52622,12,256.42,3077.04,Electronics,Online,1,1,3.8,5.8
CUST01880,23,Male,San Antonio,45124,16,13.9,222.4,Books,Mobile App,33,2,3.0,5.1
CUST01881,40,Female,San Jose,23310,19,28.85,548.15,Automotive,Mobile App,33,0,4.8,5.8
CUST01882,30,Male,San Antonio,29183,13,162.69,2114.97,Toys,In-Store,20,1,3.4,5.5
CUST01883,33,Female,San Diego,95060,13,30.54,397.02,Home & Garden,In-Store,52,1,4.4,4.5
CUST01884,28,Female,San Antonio,35050,12,38.83,465.96,Health,Online,37,5,3.6,4.5
CUST01885,38,Male,San Antonio,38874,9,371.0,3339.0,Toys,Online,32,3,2.8,5.2
CUST01886,23,Female,Philadelphia,20000,9,187.64,1688.76,Toys,In-Store,41,1,4.7,4.5
CUST01887,26,Male,Phoenix,57792,9,64.11,576.99,Home & Garden,Online,1,0,4.0,4.2
CUST01888,31,Male,Dallas,54068,11,41.94,461.34,Home & Garden,In-Store,85,1,4.3,4.0
CUST01889,62,Female,San Jose,38976,14,60.31,844.34,Toys,Online,63,0,3.3,4.8
CUST01890,64,Male,San Antonio,40381,14,223.87,3134.18,Books,Mobile App,1,0,3.2,6.2
CUST01891,41,Female,Philadelphia,154507,8,43.26,346.08,Toys,In-Store,1,0,4.1,4.0
CUST01892,53,Female,San Jose,40674,10,24.27,242.7,Home & Garden,Online,26,3,3.2,4.1
CUST01893,30,Female,San Diego,69396,14,30.72,430.08,Groceries,Online,1,1,4.0,5.0
CUST01894,40,Male,San Diego,26910,13,172.65,2244.45,Clothing,In-Store,102,1,3.6,5.0
CUST01895,40,Female,San Diego,63749,14,365.34,5114.76,Sports,Online,31,1,4.5,6.9
CUST01896,30,Female,New York,61303,13,23.81,309.53,Beauty,Mobile App,56,3,3.4,4.5
CUST01897,29,Male,Chicago,121842,10,32.8,328.0,Groceries,Mobile App,6,1,3.2,4.3
CUST01898,42,Female,New York,44386,10,410.84,4108.4,Clothing,Online,60,0,3.4,5.5
CUST01899,42,Male,Houston,65282,14,69.61,974.54,Clothing,In-Store,51,1,3.7,5.0
CUST01900,41,Female,Philadelphia,36251,14,63.24,885.36,Beauty,In-Store,22,3,3.4,5.1
CUST01901,50,Female,Dallas,31068,16,31.51,504.16,Sports,Mobile App,2,2,3.7,5.4
CUST01902,47,Female,Dallas,69846,14,37.15,520.1,Health,In-Store,47,1,3.1,4.8
CUST01903,37,Female,San Diego,20000,19,48.19,915.61,Toys,Mobile App,3,1,3.7,6.1
CUST01904,39,Female,Los Angeles,27237,9,25.9,233.1,Health,In-Store,29,1,3.4,3.9
CUST01905,45,Female,Los Angeles,44331,17,45.83,779.11,Automotive,Online,26,3,3.8,5.6
CUST01906,52,Male,Los Angeles,129162,14,313.54,4389.56,Home & Garden,Mobile App,6,1,4.4,6.7
CUST01907,47,Male,Phoenix,114656,16,77.37,1237.92,Toys,In-Store,11,0,4.2,5.7
CUST01908,24,Female,Los Angeles,25023,9,23.11,207.99,Groceries,In-Store,21,2,2.6,3.9
CUST01909,36,Male,Chicago,51060,15,77.44,1161.6,Clothing,Mobile App,50,4,4.1,5.2
CUST01910,44,Male,San Antonio,34305,10,31.73,317.3,Electronics,Online,122,4,2.5,3.5
CUST01911,35,Female,Philadelphia,77396,9,67.34,606.06,Sports,In-Store,43,1,4.8,4.0
CUST01912,38,Male,Philadelphia,33973,8,303.51,2428.08,Books,Online,16,4,3.7,4.7
CUST01913,45,Female,Chicago,28249,19,42.31,803.89,Automotive,Online,25,1,3.7,5.9
CUST01914,39,Male,San Antonio,86794,10,51.04,510.4,Books,Mobile App,15,2,2.7,4.3
CUST01915,41,Female,Dallas,20000,16,71.83,1149.28,Beauty,Mobile App,23,2,3.4,5.6
CUST01916,34,Male,New York,53882,13,142.06,1846.78,Automotive,Mobile App,1,1,3.7,5.5
CUST01917,41,Male,Philadelphia,58665,16,92.73,1483.68,Books,Mobile App,17,1,4.2,5.7
CUST01918,18,Male,New York,56336,10,151.94,1519.4,Books,In-Store,48,0,3.6,4.5
CUST01919,55,Female,Chicago,55103,8,30.67,245.36,Health,Online,68,0,4.2,3.5
CUST01920,41,Female,Dallas,22387,11,64.58,710.38,Sports,Online,14,1,4.3,4.6
CUST01921,54,Female,Dallas,54752,10,39.02,390.2,Sports,In-Store,44,1,3.8,4.1
CUST01922,44,Male,Philadelphia,41944,11,46.4,510.4,Electronics,Mobile App,59,1,4.0,4.2
CUST01923,42,Female,San Jose,29360,14,126.58,1772.12,Groceries,In-Store,37,1,4.5,5.4
CUST01924,54,Male,Houston,31522,11,76.18,837.98,Automotive,In-Store,111,2,3.4,4.0
CUST01925,33,Female,San Diego,20000,8,98.98,791.84,Beauty,Mobile App,125,1,3.9,3.4
CUST01926,31,Female,San Antonio,58139,14,123.56,1729.84,Home & Garden,Mobile App,7,1,4.4,5.6
CUST01927,34,Male,Dallas,68668,14,45.47,636.58,Beauty,Online,46,0,3.9,4.9
CUST01928,53,Female,Chicago,20000,12,75.96,911.52,Automotive,Mobile App,2,2,3.2,4.9
CUST01929,32,Male,Los Angeles,98547,8,73.13,585.04,Automotive,In-Store,1,1,4.3,4.1
CUST01930,36,Female,Chicago,130314,16,123.14,1970.24,Electronics,Online,17,2,4.0,6.0
CUST01931,18,Female,San Jose,62856,11,51.69,568.59,Sports,Online,63,2,3.3,4.2
CUST01932,26,Female,San Antonio,44168,7,26.62,186.34,Automotive,Online,33,1,4.0,3.5
CUST01933,30,Male,Philadelphia,178611,11,29.74,327.14,Sports,In-Store,27,0,4.2,4.3
CUST01934,38,Male,New York,47965,14,87.99,1231.86,Clothing,Online,1,4,2.8,5.4
CUST01935,42,Female,New York,70072,6,64.92,389.52,Toys,Online,102,0,4.6,3.0
CUST01936,57,Male,San Jose,31329,18,84.47,1520.46,Health,In-Store,7,1,4.1,6.2
CUST01937,37,Female,Dallas,40415,6,78.66,471.96,Health,Online,61,0,4.6,3.3
CUST01938,40,Male,San Jose,53346,12,93.33,1119.96,Groceries,In-Store,40,0,4.4,4.7
CUST01939,34,Female,Houston,45570,17,70.61,1200.37,Clothing,Online,5,1,4.1,5.9
CUST01940,32,Female,Philadelphia,55401,14,109.04,1526.56,Toys,Online,2,1,3.5,5.5
CUST01941,32,Female,San Antonio,28783,8,74.8,598.4,Clothing,Online,10,0,4.2,4.0
CUST01942,67,Male,Chicago,36670,14,115.92,1622.88,Toys,Online,2,2,3.6,5.5
CUST01943,48,Male,Dallas,66933,14,46.52,651.28,Books,In-Store,6,2,3.2,5.1
CUST01944,39,Female,San Antonio,55173,10,130.82,1308.2,Sports,In-Store,15,1,3.8,4.6
CUST01945,53,Female,San Diego,34802,10,85.45,854.5,Toys,In-Store,18,1,4.0,4.4
CUST01946,30,Male,Chicago,69300,10,146.94,1469.4,Groceries,In-Store,28,1,2.4,4.6
CUST01947,31,Female,San Diego,105788,12,80.2,962.4,Groceries,Mobile App,1,4,3.6,4.9
CUST01948,18,Female,Dallas,37657,14,38.48,538.72,Clothing,In-Store,20,2,2.9,5.0
CUST01949,26,Male,New York,45433,9,201.95,1817.55,Groceries,Mobile App,8,1,4.0,4.7
CUST01950,43,Male,Los Angeles,66387,5,61.36,306.8,Health,Mobile App,54,0,4.3,3.1
CUST01951,41,Male,Philadelphia,50725,11,49.01,539.11,Health,Online,1,3,4.3,4.6
CUST01952,37,Female,Los Angeles,47423,19,287.21,5456.99,Beauty,Online,14,3,4.4,8.0
CUST01953,46,Male,Phoenix,37014,17,40.56,689.52,Toys,Online,19,3,4.5,5.6
CUST01954,27,Male,San Jose,38395,9,40.9,368.1,Books,Online,1,2,3.0,4.1
CUST01955,31,Female,Phoenix,92604,5,80.08,400.4,Home & Garden,Online,78,1,2.6,3.0
CUST01956,23,Female,New York,26827,14,55.87,782.18,Clothing,In-Store,14,2,2.5,5.1
CUST01957,44,Male,New York,61219,11,68.9,757.9,Books,Online,1,0,3.7,4.7
CUST01958,19,Male,San Diego,79780,12,150.33,1803.96,Beauty,In-Store,22,4,4.1,5.1
CUST01959,21,Male,San Jose,45787,13,34.95,454.35,Groceries,In-Store,17,0,4.0,4.8
CUST01960,50,Female,San Diego,70203,21,379.52,7969.92,Toys,In-Store,44,2,4.4,9.2
CUST01961,53,Male,Philadelphia,85386,16,158.96,2543.36,Clothing,In-Store,1,0,4.4,6.3
CUST01962,20,Female,San Antonio,56049,16,137.24,2195.84,Books,Online,8,1,4.5,6.1
CUST01963,42,Male,Dallas,102014,9,72.97,656.73,Electronics,Mobile App,23,3,3.2,4.1
CUST01964,42,Female,Phoenix,39156,12,33.64,403.68,Clothing,Mobile App,1,2,4.2,4.7
CUST01965,45,Female,San Jose,59169,15,35.87,538.05,Sports,In-Store,33,1,3.9,5.1
CUST01966,44,Male,Dallas,69956,10,297.93,2979.3,Clothing,Online,39,2,4.0,5.2
CUST01967,40,Female,San Jose,77843,14,23.14,323.96,Electronics,Mobile App,25,5,3.1,4.9
CUST01968,45,Female,San Diego,22585,13,42.75,555.75,Automotive,Mobile App,85,0,3.6,4.4
CUST01969,33,Male,Dallas,23997,13,91.49,1189.37,Groceries,Mobile App,69,1,3.7,4.8
CUST01970,50,Male,Houston,98030,11,28.41,312.51,Home & Garden,Mobile App,20,3,3.1,4.4
CUST01971,55,Female,San Jose,46062,13,110.48,1436.24,Toys,Online,23,4,3.5,5.2
CUST01972,50,Female,Philadelphia,20000,15,46.6,699.0,Books,In-Store,16,2,4.5,5.2
CUST01973,69,Female,New York,137438,5,72.38,361.9,Beauty,Online,53,0,4.1,3.1
CUST01974,53,Male,Dallas,20000,14,45.04,630.56,Beauty,Online,33,0,4.8,4.9
CUST01975,34,Male,Los Angeles,41404,17,43.29,735.93,Automotive,Online,13,2,4.1,5.6
CUST01976,43,Male,Phoenix,43512,11,14.12,155.32,Clothing,Online,8,2,3.3,4.4
CUST01977,43,Female,Chicago,60317,18,115.24,2074.32,Electronics,In-Store,4,0,3.8,6.4
CUST01978,33,Male,New York,76525,11,49.24,541.64,Electronics,Online,73,2,4.1,4.1
CUST01979,45,Male,Chicago,23319,11,572.46,6297.06,Books,Mobile App,17,2,2.5,6.9
CUST01980,41,Male,Los Angeles,86734,13,33.93,441.09,Electronics,Online,1,1,4.4,4.9
CUST01981,32,Female,San Jose,55365,11,299.01,3289.11,Home & Garden,Online,6,2,3.8,5.7
CUST01982,39,Female,San Antonio,47587,6,66.72,400.32,Clothing,Online,30,1,3.9,3.4
CUST01983,18,Male,Dallas,25046,10,45.41,454.1,Books,Online,37,2,3.4,4.1
CUST01984,41,Male,Houston,40916,10,56.2,562.0,Electronics,Online,36,2,4.4,4.2
CUST01985,44,Female,Los Angeles,121789,12,33.83,405.96,Home & Garden,In-Store,20,1,3.7,4.6
CUST01986,24,Female,Chicago,41666,12,22.65,271.8,Sports,In-Store,1,2,3.6,4.6
CUST01987,18,Male,Dallas,41956,11,115.24,1267.64,Home & Garden,In-Store,39,0,3.9,4.6
CUST01988,31,Male,Dallas,34147,9,38.21,343.89,Groceries,In-Store,19,1,3.9,4.0
CUST01989,31,Female,San Antonio,54374,11,113.21,1245.31,Automotive,Online,21,1,5.0,4.7
CUST01990,44,Male,San Diego,59328,19,123.92,2354.48,Health,Online,56,2,4.3,6.4
CUST01991,20,Non-binary,New York,98528,10,57.57,575.7,Electronics,Mobile App,16,0,3.5,4.3
CUST01992,47,Female,San Jose,57408,14,74.58,1044.12,Sports,Mobile App,44,1,3.5,5.0
CUST01993,56,Male,Philadelphia,80918,7,46.23,323.61,Home & Garden,In-Store,5,2,4.1,3.7
CUST01994,43,Female,New York,133561,11,70.12,771.32,Groceries,In-Store,31,3,3.8,4.5
CUST01995,54,Female,Phoenix,20000,11,167.47,1842.17,Clothing,Online,60,3,3.4,4.8
CUST01996,24,Male,Chicago,48877,7,119.72,838.04,Automotive,Mobile App,11,1,4.2,3.9
CUST01997,37,Female,Houston,109431,14,132.75,1858.5,Health,In-Store,1,3,3.4,5.7
CUST01998,38,Female,Philadelphia,27373,14,30.1,421.4,Sports,Mobile App,16,2,4.0,5.0
CUST01999,57,Female,Phoenix,141303,13,50.43,655.59,Home & Garden,In-Store,14,4,3.6,4.9
CUST02000,21,Male,Houston,20202,12,58.56,702.72,Toys,Mobile App,10,1,3.3,4.8
CUST02001,40,Male,Chicago,61091,7,125.33,877.31,Electronics,In-Store,78,3,2.3,3.5
CUST02002,28,Male,New York,55050,17,144.35,2453.95,Groceries,Online,41,1,3.9,6.2
CUST02003,44,Female,San Diego,40395,17,27.49,467.33,Books,In-Store,74,1,3.8,5.1
CUST02004,23,Female,Los Angeles,74033,19,66.79,1269.01,Automotive,Online,12,1,3.8,6.2
CUST02005,49,Female,San Diego,43714,13,69.14,898.82,Clothing,Online,7,1,3.5,5.0
CUST02006,46,Female,San Jose,148414,6,76.1,456.6,Beauty,Online,183,0,4.5,2.5
CUST02007,45,Female,New York,221618,13,197.2,2563.6,Clothing,Online,19,1,4.6,5.7
CUST02008,33,Female,San Diego,49383,10,81.48,814.8,Electronics,Online,202,1,4.1,3.2
CUST02009,25,Male,Phoenix,166093,9,57.85,520.65,Beauty,Online,7,3,3.5,4.2
CUST02010,18,Female,Phoenix,24225,13,75.67,983.71,Home & Garden,Online,98,3,3.8,4.5
CUST02011,52,Female,Philadelphia,23480,13,81.31,1057.03,Electronics,Online,47,1,4.3,4.9
CUST02012,59,Female,San Jose,33110,8,163.86,1310.88,Home & Garden,Online,1,3,3.0,4.4
CUST02013,23,Non-binary,San Antonio,84768,11,61.05,671.55,Clothing,Mobile App,18,0,4.2,4.5
CUST02014,43,Female,San Diego,40987,10,146.34,1463.4,Groceries,In-Store,7,1,4.1,4.7
CUST02015,37,Female,San Jose,98066,17,41.85,711.45,Health,In-Store,31,1,4.2,5.5
CUST02016,30,Male,Chicago,20982,15,162.04,2430.6,Clothing,Online,25,1,4.3,5.9
CUST02017,45,Female,Houston,52544,13,36.71,477.23,Automotive,In-Store,33,1,4.5,4.7
CUST02018,34,Male,New York,62077,11,62.95,692.45,Automotive,In-Store,35,1,4.2,4.4
CUST02019,57,Female,San Diego,38319,12,33.71,404.52,Electronics,Mobile App,18,4,4.3,4.6
CUST02020,19,Female,New York,40245,14,29.73,416.22,Beauty,Online,31,2,3.1,4.9
CUST02021,35,Non-binary,Phoenix,53421,15,28.43,426.45,Clothing,In-Store,12,2,4.3,5.2
CUST02022,37,Male,Philadelphia,53975,9,99.74,897.66,Automotive,In-Store,38,2,4.0,4.1
CUST02023,42,Female,Houston,106545,9,130.68,1176.12,Electronics,Online,1,1,4.1,4.5
CUST02024,23,Male,San Diego,78824,9,67.07,603.63,Beauty,Online,41,0,3.6,4.0
CUST02025,33,Male,Los Angeles,53737,10,44.16,441.6,Health,Mobile App,13,0,4.2,4.3
CUST02026,63,Non-binary,Houston,20000,9,39.31,353.79,Books,Mobile App,2,1,4.7,4.1
CUST02027,43,Female,Houston,71224,6,40.51,243.06,Groceries,Online,37,2,3.2,3.3
CUST02028,48,Male,Los Angeles,62795,9,76.77,690.93,Electronics,Online,61,0,4.0,3.9
CUST02029,18,Female,San Jose,102829,12,128.87,1546.44,Beauty,Mobile App,45,1,3.2,4.9
CUST02030,31,Male,San Diego,73214,11,25.3,278.3,Home & Garden,Mobile App,5,4,3.2,4.4
CUST02031,43,Female,Philadelphia,57148,11,76.8,844.8,Automotive,In-Store,44,3,3.3,4.4
CUST02032,23,Female,San Jose,36939,9,124.3,1118.7,Health,Online,98,0,4.1,3.9
CUST02033,36,Male,San Diego,43301,9,176.15,1585.35,Health,Online,35,1,2.9,4.4
CUST02034,48,Non-binary,New York,66081,10,39.5,395.0,Books,Online,22,0,3.8,4.2
CUST02035,19,Female,Los Angeles,43911,15,27.83,417.45,Groceries,Online,1,2,3.8,5.2
CUST02036,50,Female,New York,117500,12,53.94,647.28,Sports,In-Store,15,2,3.9,4.7
CUST02037,42,Male,Los Angeles,62568,19,13.91,264.29,Electronics,In-Store,11,4,4.4,5.8
CUST02038,18,Male,San Antonio,48268,15,40.93,613.95,Books,Online,7,0,3.8,5.3
CUST02039,25,Female,Houston,30058,15,19.7,295.5,Health,In-Store,45,2,3.3,4.9
CUST02040,29,Female,San Diego,80952,12,70.74,848.88,Books,Online,21,1,4.3,4.7
CUST02041,35,Male,San Jose,106146,8,11.89,95.12,Health,Online,48,1,2.8,3.6
CUST02042,48,Female,New York,49492,8,188.93,1511.44,Toys,In-Store,7,3,3.5,4.4
CUST02043,48,Female,Los Angeles,72610,11,41.16,452.76,Clothing,Online,44,0,4.1,4.3
CUST02044,44,Female,San Jose,27453,8,225.48,1803.84,Home & Garden,Mobile App,1,0,4.2,4.6
CUST02045,18,Male,Dallas,96245,15,45.1,676.5,Sports,Online,24,1,3.7,5.2
CUST02046,23,Female,San Jose,27342,7,89.89,629.23,Toys,Online,91,0,4.7,3.3
CUST02047,62,Male,New York,25509,14,121.27,1697.78,Electronics,Online,2,5,3.9,5.6
CUST02048,44,Female,Dallas,101427,6,131.42,788.52,Beauty,Online,8,1,4.0,3.7
CUST02049,28,Female,Chicago,75500,14,83.54,1169.56,Groceries,Online,67,2,3.3,4.9
CUST02050,46,Female,Phoenix,42160,15,19.99,299.85,Beauty,Mobile App,37,3,3.1,4.9
CUST02051,36,Female,Chicago,71328,14,31.67,443.38,Electronics,Online,14,0,3.4,5.0
CUST02052,63,Female,Dallas,47712,12,74.59,895.08,Electronics,Online,64,0,4.3,4.5
CUST02053,34,Male,Houston,55548,11,20.55,226.05,Home & Garden,In-Store,33,2,4.0,4.2
CUST02054,30,Male,San Diego,26425,16,293.11,4689.76,Toys,In-Store,9,1,4.1,7.2
CUST02055,29,Male,San Jose,29499,5,75.58,377.9,Health,Mobile App,65,1,3.6,3.0
CUST02056,23,Female,San Antonio,63611,11,200.93,2210.23,Beauty,Online,126,1,4.2,4.5
CUST02057,49,Male,New York,75440,14,73.12,1023.68,Toys,Online,7,0,3.9,5.3
CUST02058,52,Male,Houston,39912,7,42.03,294.21,Home & Garden,Online,97,2,3.3,3.2
CUST02059,21,Male,San Diego,51770,10,48.97,489.7,Beauty,Mobile App,12,4,3.3,4.3
CUST02060,49,Male,San Antonio,33804,8,52.85,422.8,Groceries,Mobile App,10,2,4.2,3.9
CUST02061,27,Male,New York,32894,11,130.1,1431.1,Clothing,Online,1,0,4.6,4.9
CUST02062,29,Female,Chicago,30047,8,72.58,580.64,Sports,Online,70,1,3.6,3.6
CUST02063,45,Female,Philadelphia,29234,16,56.18,898.88,Electronics,Mobile App,16,3,2.6,5.5
CUST02064,58,Male,Phoenix,75085,8,73.79,590.32,Groceries,Online,11,0,4.4,4.0
CUST02065,71,Male,Chicago,88721,10,40.65,406.5,Beauty,Mobile App,77,0,4.0,3.9
CUST02066,25,Male,Houston,118210,11,232.47,2557.17,Electronics,Online,23,3,3.5,5.3
CUST02067,52,Male,Los Angeles,20000,6,151.38,908.28,Electronics,Mobile App,43,1,3.5,3.6
CUST02068,49,Male,Los Angeles,46861,9,226.53,2038.77,Beauty,Mobile App,24,1,3.5,4.7
CUST02069,48,Male,Houston,31091,8,136.17,1089.36,Beauty,Mobile App,71,1,4.0,3.8
CUST02070,34,Female,Dallas,39693,20,292.4,5848.0,Health,Mobile App,22,3,4.0,8.3
CUST02071,29,Female,Los Angeles,42552,10,44.32,443.2,Clothing,Online,7,2,3.4,4.3
CUST02072,33,Female,Houston,90354,17,72.28,1228.76,Home & Garden,In-Store,47,2,2.5,5.6
CUST02073,42,Female,Philadelphia,47203,13,200.18,2602.34,Health,Online,15,3,2.3,5.7
CUST02074,25,Female,New York,37077,19,104.33,1982.27,Health,In-Store,30,3,4.1,6.4
CUST02075,53,Female,Phoenix,68280,9,100.22,901.98,Groceries,Online,15,1,4.0,4.3
CUST02076,34,Male,Phoenix,123784,13,51.78,673.14,Groceries,Mobile App,2,2,3.5,5.0
CUST02077,37,Female,San Diego,32673,15,35.48,532.2,Home & Garden,In-Store,12,1,3.5,5.2
CUST02078,46,Female,San Jose,110647,6,112.28,673.68,Clothing,Online,20,2,3.3,3.6
CUST02079,37,Male,Dallas,81616,14,97.76,1368.64,Beauty,Online,10,2,2.9,5.4
CUST02080,35,Male,Philadelphia,48888,14,41.09,575.26,Beauty,In-Store,6,2,3.6,5.1
CUST02081,39,Female,San Diego,32299,8,152.67,1221.36,Toys,Online,17,1,3.5,4.2
CUST02082,54,Male,San Jose,41197,14,96.02,1344.28,Electronics,Online,28,1,3.9,5.3
CUST02083,48,Female,San Diego,48040,7,38.85,271.95,Home & Garden,Online,110,0,4.0,3.1
CUST02084,36,Male,San Antonio,28436,8,53.45,427.6,Health,Online,9,2,3.3,3.9
CUST02085,39,Female,Phoenix,33959,15,98.71,1480.65,Automotive,Online,18,1,4.6,5.6
CUST02086,40,Female,Phoenix,79342,7,61.81,432.67,Toys,In-Store,103,0,4.3,3.2
CUST02087,51,Male,New York,55945,18,36.62,659.16,Toys,In-Store,1,1,3.4,5.9
CUST02088,38,Male,San Diego,52196,8,47.41,379.28,Toys,Online,57,0,4.1,3.6
CUST02089,36,Male,San Diego,45315,18,109.47,1970.46,Beauty,Online,7,2,4.8,6.4
CUST02090,28,Male,San Diego,60765,14,18.76,262.64,Home & Garden,Online,30,4,2.7,4.8
CUST02091,40,Male,Los Angeles,100634,12,124.37,1492.44,Sports,Mobile App,46,1,3.9,4.9
CUST02092,22,Female,Los Angeles,33994,10,125.49,1254.9,Sports,Mobile App,21,0,3.0,4.6
CUST02093,41,Male,Los Angeles,101609,9,69.43,624.87,Beauty,Online,1,1,3.7,4.3
CUST02094,28,Male,Houston,63860,12,92.15,1105.8,Beauty,Online,2,5,3.9,5.0
CUST02095,18,Female,Phoenix,47012,15,113.04,1695.6,Home & Garden,In-Store,37,1,4.1,5.5
CUST02096,34,Non-binary,Dallas,20000,8,589.5,4716.0,Sports,Online,78,1,4.3,5.3
CUST02097,51,Male,Philadelphia,68165,10,49.91,499.1,Books,Mobile App,87,5,2.5,3.8
CUST02098,18,Female,New York,110367,6,101.46,608.76,Toys,In-Store,135,0,4.3,2.9
CUST02099,26,Non-binary,Chicago,50876,12,60.89,730.68,Books,Online,34,0,3.7,4.6
CUST02100,32,Female,Houston,44207,13,157.67,2049.71,Toys,Online,5,0,3.8,5.5
CUST02101,52,Female,Dallas,27458,16,107.03,1712.48,Toys,In-Store,6,0,4.3,5.9
CUST02102,30,Male,Los Angeles,35564,11,53.8,591.8,Beauty,Mobile App,33,2,2.8,4.4
CUST02103,33,Male,San Antonio,75114,6,223.71,1342.26,Home & Garden,Online,160,0,4.8,3.0
CUST02104,32,Female,New York,20000,10,162.63,1626.3,Beauty,Online,62,3,3.7,4.5
CUST02105,41,Female,Phoenix,132249,16,122.96,1967.36,Electronics,Online,1,2,4.1,6.1
CUST02106,18,Female,Philadelphia,81720,4,23.62,94.48,Beauty,Online,17,0,4.0,3.0
CUST02107,20,Male,San Antonio,64064,12,64.2,770.4,Automotive,Online,26,1,3.4,4.7
CUST02108,28,Female,San Jose,32238,13,30.27,393.51,Electronics,Mobile App,89,5,3.9,4.3
CUST02109,32,Male,Philadelphia,77021,11,102.29,1125.19,Health,In-Store,23,0,3.4,4.7
CUST02110,18,Female,San Jose,23996,11,164.0,1804.0,Health,Mobile App,112,1,3.2,4.4
CUST02111,25,Non-binary,Houston,29737,18,218.66,3935.88,Books,Online,14,0,3.4,7.2
CUST02112,62,Male,San Diego,27189,6,88.12,528.72,Clothing,Online,72,0,3.0,3.2
CUST02113,38,Female,Phoenix,32534,13,64.58,839.54,Clothing,Online,12,1,3.8,5.0
CUST02114,45,Female,Chicago,39411,8,73.19,585.52,Electronics,Mobile App,57,1,4.0,3.7
CUST02115,53,Female,New York,107825,7,15.32,107.24,Groceries,Online,86,2,2.4,3.1
CUST02116,35,Female,San Antonio,35467,14,64.32,900.48,Sports,Online,26,1,4.1,5.1
CUST02117,64,Male,Dallas,20000,20,68.28,1365.6,Clothing,Online,5,1,4.1,6.5
CUST02118,33,Male,New York,47975,14,63.36,887.04,Groceries,Online,8,1,3.3,5.2
CUST02119,65,Female,San Antonio,26974,12,43.73,524.76,Groceries,Mobile App,47,1,3.2,4.4
CUST02120,38,Male,San Antonio,58176,16,62.29,996.64,Toys,In-Store,34,4,4.6,5.4
CUST02121,50,Male,Houston,47250,10,41.08,410.8,Groceries,Mobile App,46,1,3.8,4.1
CUST02122,43,Male,San Diego,50164,14,111.24,1557.36,Groceries,In-Store,57,1,4.3,5.2
CUST02123,41,Female,San Jose,45157,10,54.43,544.3,Home & Garden,In-Store,184,1,3.1,3.2
CUST02124,29,Female,Phoenix,71808,10,31.17,311.7,Home & Garden,Online,10,1,4.0,4.2
CUST02125,18,Male,Los Angeles,99913,6,124.14,744.84,Books,In-Store,23,0,3.9,3.6
CUST02126,46,Male,Philadelphia,74447,15,68.38,1025.7,Health,Mobile App,7,1,4.5,5.4
CUST02127,34,Male,San Jose,40683,18,51.55,927.9,Electronics,In-Store,47,1,4.1,5.7
CUST02128,32,Male,San Diego,31505,4,39.02,156.08,Beauty,In-Store,105,1,3.1,2.5
CUST02129,33,Female,Phoenix,77327,8,21.84,174.72,Books,In-Store,50,0,4.7,3.6
CUST02130,26,Female,Chicago,101170,11,31.21,343.31,Books,Online,59,1,4.2,4.1
CUST02131,23,Female,San Antonio,44715,12,17.43,209.16,Toys,Online,38,0,3.3,4.4
CUST02132,31,Female,San Jose,84202,11,23.69,260.59,Clothing,Online,16,1,4.3,4.4
CUST02133,52,Female,Houston,29809,13,32.24,419.12,Groceries,Online,13,2,3.3,4.8
CUST02134,22,Female,Phoenix,28015,11,82.07,902.77,Clothing,In-Store,1,5,3.3,4.7
CUST02135,37,Female,Houston,32520,4,20.31,81.24,Toys,Online,105,1,3.9,2.5
CUST02136,41,Female,Los Angeles,59085,10,128.88,1288.8,Beauty,Online,65,1,3.5,4.3
CUST02137,36,Male,Philadelphia,26325,19,121.35,2305.65,Books,Online,3,2,4.5,6.7
CUST02138,27,Male,Dallas,44910,9,87.05,783.45,Electronics,Online,23,2,3.8,4.2
CUST02139,49,Male,San Diego,91867,13,33.66,437.58,Books,Online,57,0,4.8,4.5
CUST02140,34,Male,Houston,76049,7,150.24,1051.68,Books,Online,29,1,3.5,3.9
CUST02141,32,Male,Chicago,24187,13,77.34,1005.42,Beauty,In-Store,32,1,3.9,4.9
CUST02142,35,Male,San Diego,39489,7,425.72,2980.04,Clothing,Online,71,2,3.8,4.5
CUST02143,23,Female,San Diego,31446,8,23.27,186.16,Groceries,Online,56,1,3.9,3.5
CUST02144,48,Male,Chicago,42991,12,36.99,443.88,Groceries,Mobile App,3,1,3.4,4.7
CUST02145,37,Female,Chicago,48353,15,106.89,1603.35,Sports,Online,12,1,3.0,5.7
CUST02146,34,Female,Chicago,46185,12,99.14,1189.68,Clothing,In-Store,66,2,3.8,4.6
CUST02147,51,Male,Phoenix,300000,13,44.71,581.23,Groceries,Online,27,1,4.9,4.8
CUST02148,42,Male,New York,41989,12,71.26,855.12,Automotive,Online,7,2,3.5,4.8
CUST02149,22,Female,Dallas,79943,16,67.35,1077.6,Clothing,Online,42,0,4.0,5.4
CUST02150,53,Male,New York,31307,14,26.58,372.12,Health,Online,24,1,3.5,4.9
CUST02151,33,Female,Houston,23506,11,104.56,1150.16,Home & Garden,Online,38,1,3.2,4.6
CUST02152,61,Male,Los Angeles,25420,11,62.91,692.01,Electronics,Online,56,0,3.6,4.3
CUST02153,49,Non-binary,Philadelphia,55042,9,39.55,355.95,Home & Garden,In-Store,8,1,4.2,4.1
CUST02154,41,Male,Los Angeles,82143,11,56.17,617.87,Groceries,In-Store,1,1,3.3,4.6
CUST02155,37,Male,Dallas,33347,20,13.74,274.8,Clothing,Mobile App,8,2,4.1,6.0
CUST02156,29,Male,Houston,37238,10,69.65,696.5,Health,Online,2,1,4.1,4.5
CUST02157,48,Female,San Antonio,77775,14,78.81,1103.34,Clothing,Online,3,2,3.5,5.3
CUST02158,29,Male,Philadelphia,48027,13,45.4,590.2,Groceries,Online,38,0,3.6,4.7
CUST02159,36,Female,New York,38729,25,80.08,2002.0,Books,Online,5,3,3.6,7.6
CUST02160,56,Male,Phoenix,42129,15,60.34,905.1,Health,Online,6,2,3.9,5.4
CUST02161,18,Male,Houston,104129,12,168.01,2016.12,Books,Online,8,2,4.0,5.3
CUST02162,29,Female,Los Angeles,34244,13,169.11,2198.43,Automotive,In-Store,25,0,4.7,5.5
CUST02163,25,Female,San Jose,142422,21,45.24,950.04,Groceries,Online,5,6,3.6,6.5
CUST02164,31,Male,Philadelphia,37901,11,76.52,841.72,Books,In-Store,9,0,3.5,4.6
CUST02165,55,Non-binary,Chicago,65027,10,68.32,683.2,Beauty,Online,3,4,3.0,4.4
CUST02166,18,Female,Philadelphia,61065,12,74.06,888.72,Toys,Online,59,2,4.0,4.5
CUST02167,28,Male,San Jose,151187,6,120.62,723.72,Toys,Online,63,1,3.9,3.4
CUST02168,27,Female,Houston,45204,21,87.51,1837.71,Automotive,In-Store,1,5,4.5,6.9
CUST02169,27,Non-binary,Houston,56081,13,298.62,3882.06,Electronics,In-Store,58,1,4.8,6.0
CUST02170,40,Female,Phoenix,82788,13,114.59,1489.67,Home & Garden,In-Store,18,0,3.8,5.2
CUST02171,52,Female,San Jose,91058,10,49.41,494.1,Clothing,Online,6,0,3.4,4.3
CUST02172,43,Male,Phoenix,46270,15,73.57,1103.55,Home & Garden,Online,14,2,4.0,5.4
CUST02173,44,Male,New York,20000,12,172.81,2073.72,Home & Garden,Mobile App,26,4,2.9,5.2
CUST02174,30,Female,San Diego,56007,20,17.79,355.8,Beauty,Online,10,5,3.9,6.0
CUST02175,45,Male,New York,30409,8,55.27,442.16,Automotive,In-Store,8,0,4.8,4.0
CUST02176,30,Male,Phoenix,44151,13,60.32,784.16,Electronics,Online,15,1,3.5,4.9
CUST02177,26,Female,Philadelphia,20000,15,72.14,1082.1,Home & Garden,Online,8,3,4.8,5.5
CUST02178,48,Male,Houston,58296,9,212.65,1913.85,Home & Garden,In-Store,21,1,3.9,4.7
CUST02179,18,Male,Philadelphia,36784,11,37.35,410.85,Groceries,Online,3,2,3.8,4.5
CUST02180,34,Male,San Diego,26530,14,29.71,415.94,Clothing,Mobile App,9,1,4.2,5.0
CUST02181,52,Male,Chicago,117482,14,281.83,3945.62,Home & Garden,Online,26,2,3.3,6.4
CUST02182,60,Male,Dallas,33917,8,28.24,225.92,Home & Garden,Online,3,1,3.9,3.9
CUST02183,26,Male,San Diego,77978,13,93.45,1214.85,Sports,Online,50,1,4.2,4.9
CUST02184,51,Male,San Antonio,56959,11,85.93,945.23,Groceries,In-Store,41,1,3.9,4.5
CUST02185,44,Male,San Jose,39376,12,115.48,1385.76,Toys,Mobile App,31,6,3.4,4.9
CUST02186,35,Male,San Diego,26860,8,110.17,881.36,Clothing,Mobile App,74,3,3.0,3.7
CUST02187,47,Male,San Antonio,31592,10,182.61,1826.1,Groceries,Online,11,1,3.9,4.9
CUST02188,48,Male,San Jose,71785,13,82.64,1074.32,Books,In-Store,36,1,3.7,4.9
CUST02189,23,Female,San Diego,44283,12,63.28,759.36,Electronics,In-Store,27,0,3.5,4.7
CUST02190,20,Male,Los Angeles,35176,7,55.16,386.12,Sports,In-Store,8,0,4.7,3.8
CUST02191,49,Male,Chicago,34415,10,157.43,1574.3,Sports,Online,1,1,2.7,4.8
CUST02192,48,Male,Phoenix,107645,10,195.34,1953.4,Books,In-Store,31,0,3.6,4.8
CUST02193,54,Female,Philadelphia,87492,11,53.02,583.22,Groceries,In-Store,77,2,3.8,4.1
CUST02194,18,Male,Houston,52595,18,39.33,707.94,Electronics,Online,39,3,3.0,5.6
CUST02195,38,Female,Philadelphia,60729,8,39.88,319.04,Toys,Online,158,2,3.9,3.0
CUST02196,41,Male,San Antonio,73252,7,84.91,594.37,Beauty,Online,45,0,4.1,3.6
CUST02197,22,Male,San Jose,86715,9,62.78,565.02,Clothing,Online,127,3,2.6,3.4
CUST02198,39,Male,Los Angeles,59197,9,149.6,1346.4,Books,Mobile App,25,1,3.7,4.4
CUST02199,33,Male,San Antonio,20604,13,42.08,547.04,Sports,In-Store,47,0,4.6,4.6
CUST02200,23,Female,Philadelphia,85821,15,95.01,1425.15,Automotive,In-Store,1,0,4.1,5.6
CUST02201,45,Female,Philadelphia,96245,10,154.47,1544.7,Electronics,In-Store,23,2,3.5,4.7
CUST02202,47,Female,Houston,61848,9,41.51,373.59,Home & Garden,Online,23,2,2.8,4.0
CUST02203,38,Female,Philadelphia,35410,5,55.81,279.05,Electronics,In-Store,89,0,4.2,2.8
CUST02204,38,Female,Phoenix,35563,16,118.26,1892.16,Health,Online,35,1,4.0,5.8
CUST02205,58,Female,Phoenix,49371,12,53.56,642.72,Home & Garden,In-Store,22,3,4.9,4.7
CUST02206,70,Female,Chicago,157659,9,185.15,1666.35,Electronics,Online,35,0,4.7,4.5
CUST02207,37,Male,San Antonio,43645,11,46.12,507.32,Books,In-Store,81,0,4.5,4.1
CUST02208,37,Non-binary,Los Angeles,33493,18,54.95,989.1,Automotive,Mobile App,13,1,3.6,5.9
CUST02209,45,Female,Chicago,20773,10,45.6,456.0,Books,Online,35,0,4.1,4.1
CUST02210,29,Male,Dallas,36090,8,27.52,220.16,Books,In-Store,210,1,3.9,2.6
CUST02211,40,Female,Los Angeles,28588,19,66.7,1267.3,Clothing,In-Store,22,2,2.4,6.2
CUST02212,44,Female,Philadelphia,20000,13,44.55,579.15,Groceries,Online,32,2,2.3,4.7
CUST02213,28,Male,San Antonio,34801,10,89.02,890.2,Sports,Online,69,0,4.3,4.1
CUST02214,18,Male,San Diego,71492,7,89.11,623.77,Electronics,Online,54,1,3.3,3.6
CUST02215,43,Female,San Antonio,68988,14,127.56,1785.84,Automotive,Online,26,2,4.2,5.5
CUST02216,18,Male,San Antonio,61592,11,154.9,1703.9,Groceries,Online,25,0,3.8,4.9
CUST02217,18,Male,Chicago,42347,12,121.34,1456.08,Home & Garden,Online,97,0,4.2,4.5
CUST02218,30,Female,Los Angeles,50133,12,518.65,6223.8,Toys,In-Store,108,1,4.8,6.5
CUST02219,31,Male,Houston,40245,15,48.13,721.95,Electronics,In-Store,35,3,3.7,5.1
CUST02220,24,Female,Houston,38952,14,48.11,673.54,Sports,Mobile App,2,2,3.5,5.1
CUST02221,30,Female,San Diego,20186,8,28.89,231.12,Health,Online,2,2,3.5,3.9
CUST02222,43,Female,Los Angeles,144910,13,31.43,408.59,Sports,Online,8,1,4.1,4.8
CUST02223,30,Male,Los Angeles,98405,8,108.83,870.64,Beauty,Online,28,1,3.3,4.0
CUST02224,48,Male,San Diego,60958,13,20.8,270.4,Clothing,Online,12,1,4.0,4.7
CUST02225,18,Male,New York,97756,11,82.2,904.2,Health,In-Store,10,1,4.4,4.7
CUST02226,28,Male,Houston,41974,12,27.35,328.2,Automotive,In-Store,17,0,4.6,4.6
CUST02227,38,Male,Dallas,56068,14,153.58,2150.12,Sports,Mobile App,22,2,4.1,5.6
CUST02228,41,Male,Philadelphia,82332,16,468.78,7500.48,Health,Online,9,2,4.2,8.4
CUST02229,65,Male,Philadelphia,43568,7,199.45,1396.15,Beauty,Mobile App,13,0,4.3,4.2
CUST02230,41,Female,San Antonio,50227,14,55.42,775.88,Books,In-Store,1,2,3.4,5.2
CUST02231,36,Non-binary,Philadelphia,49466,14,51.45,720.3,Clothing,Online,38,0,3.6,4.9
CUST02232,38,Female,San Antonio,61831,14,81.44,1140.16,Groceries,Online,3,2,3.2,5.3
CUST02233,45,Male,Dallas,78601,6,79.49,476.94,Sports,Mobile App,338,0,4.2,1.5
CUST02234,18,Female,Houston,47067,13,63.96,831.48,Beauty,Online,26,4,4.4,4.9
CUST02235,38,Female,San Diego,39250,10,22.57,225.7,Automotive,Online,29,1,4.0,4.1
CUST02236,20,Male,Philadelphia,32846,17,72.55,1233.35,Electronics,In-Store,75,2,3.1,5.5
CUST02237,36,Female,Philadelphia,20000,11,70.14,771.54,Toys,Online,42,0,4.2,4.4
CUST02238,28,Female,San Jose,159676,17,31.04,527.68,Clothing,Online,6,1,4.2,5.6
CUST02239,39,Female,San Diego,33133,12,20.51,246.12,Clothing,In-Store,33,1,4.1,4.4
CUST02240,44,Male,Houston,75417,11,70.14,771.54,Groceries,Mobile App,8,1,4.2,4.6
CUST02241,36,Female,Dallas,40587,6,89.33,535.98,Electronics,Online,42,0,4.0,3.4
CUST02242,29,Female,Phoenix,31913,10,68.35,683.5,Automotive,Mobile App,40,0,4.5,4.2
CUST02243,39,Male,San Diego,35075,17,75.99,1291.83,Clothing,Online,1,2,3.9,5.9
CUST02244,30,Female,Houston,20000,11,53.94,593.34,Home & Garden,Online,25,4,3.0,4.4
CUST02245,34,Female,Los Angeles,21997,12,60.81,729.72,Clothing,Online,12,2,3.4,4.8
CUST02246,18,Female,Chicago,43334,20,59.26,1185.2,Beauty,Mobile App,13,1,4.1,6.4
CUST02247,57,Female,Houston,37987,9,39.36,354.24,Sports,In-Store,96,2,2.8,3.5
CUST02248,44,Female,Los Angeles,36289,11,86.5,951.5,Groceries,Mobile App,124,3,3.5,4.0
CUST02249,37,Female,San Diego,92029,13,130.46,1695.98,Clothing,In-Store,12,0,4.1,5.3
CUST02250,20,Male,Houston,43552,12,136.35,1636.2,Health,In-Store,5,2,3.8,5.2
CUST02251,43,Female,Philadelphia,52921,6,49.25,295.5,Books,Mobile App,25,1,4.8,3.4
CUST02252,38,Female,San Antonio,20000,11,69.76,767.36,Automotive,Mobile App,71,2,4.2,4.2
CUST02253,37,Male,Houston,29370,19,39.26,745.94,Home & Garden,Online,2,4,3.7,6.1
CUST02254,54,Male,Los Angeles,121095,16,44.82,717.12,Clothing,Online,68,1,3.6,5.1
CUST02255,61,Female,Houston,182729,14,77.26,1081.64,Clothing,In-Store,13,2,4.0,5.3
CUST02256,47,Male,Philadelphia,66514,14,28.76,402.64,Books,In-Store,1,4,3.0,5.0
CUST02257,59,Male,New York,42789,16,62.57,1001.12,Health,In-Store,11,3,4.4,5.6
CUST02258,48,Female,San Antonio,53149,8,51.76,414.08,Beauty,In-Store,19,2,3.5,3.9
CUST02259,68,Female,Chicago,30368,9,66.01,594.09,Automotive,In-Store,16,2,3.4,4.1
CUST02260,30,Female,Los Angeles,54643,7,38.46,269.22,Books,Online,35,2,4.0,3.5
CUST02261,42,Female,Philadelphia,98088,12,44.88,538.56,Groceries,Mobile App,16,3,3.3,4.6
CUST02262,34,Male,Houston,28481,8,57.27,458.16,Toys,In-Store,21,1,3.6,3.9
CUST02263,46,Male,Phoenix,33334,21,30.76,645.96,Groceries,In-Store,45,2,4.2,6.1
CUST02264,46,Female,New York,186124,10,216.6,2166.0,Health,Online,1,1,4.1,5.1
CUST02265,42,Female,Los Angeles,28428,10,174.88,1748.8,Sports,Mobile App,23,2,3.0,4.8
CUST02266,38,Female,San Diego,20000,12,19.12,229.44,Home & Garden,Online,1,0,3.9,4.6
CUST02267,50,Female,San Antonio,73915,10,95.26,952.6,Electronics,Mobile App,8,0,4.7,4.5
CUST02268,31,Male,Houston,67129,10,23.36,233.6,Home & Garden,In-Store,83,0,5.0,3.7
CUST02269,29,Male,Chicago,64182,13,225.56,2932.28,Toys,In-Store,48,0,3.8,5.6
CUST02270,43,Male,Chicago,55568,13,51.32,667.16,Electronics,In-Store,3,1,3.6,5.0
CUST02271,34,Male,San Diego,21789,12,60.69,728.28,Beauty,In-Store,2,0,4.0,4.8
CUST02272,31,Male,Dallas,46660,15,65.66,984.9,Sports,Online,14,4,3.8,5.4
CUST02273,32,Female,Dallas,94699,16,133.83,2141.28,Books,Online,5,1,3.3,6.1
CUST02274,46,Male,San Jose,58711,12,72.79,873.48,Electronics,Mobile App,12,0,3.5,4.8
CUST02275,62,Female,San Diego,39065,11,124.24,1366.64,Groceries,In-Store,139,1,4.3,4.1
CUST02276,40,Male,San Diego,89691,15,43.43,651.45,Sports,Mobile App,103,3,3.7,4.7
CUST02277,20,Male,Houston,34207,13,56.71,737.23,Electronics,Online,33,1,4.9,4.8
CUST02278,29,Female,Los Angeles,20000,21,195.67,4109.07,Groceries,Online,9,4,3.0,7.8
CUST02279,51,Non-binary,Chicago,86360,10,60.3,603.0,Electronics,Online,38,0,4.4,4.2
CUST02280,53,Non-binary,Chicago,40689,11,50.66,557.26,Electronics,Online,87,5,2.4,4.0
CUST02281,52,Female,Philadelphia,21221,11,10.27,112.97,Health,Online,46,1,3.3,4.1
CUST02282,27,Male,San Antonio,27273,13,29.82,387.66,Home & Garden,Online,13,2,2.9,4.8
CUST02283,27,Male,San Diego,123074,13,108.12,1405.56,Sports,In-Store,5,1,4.3,5.3
CUST02284,45,Female,San Antonio,64105,6,112.24,673.44,Clothing,In-Store,9,1,4.0,3.7
CUST02285,29,Female,San Antonio,20000,15,49.55,743.25,Sports,In-Store,1,1,4.3,5.4
CUST02286,41,Male,New York,35611,12,234.23,2810.76,Clothing,Online,18,0,3.7,5.6
CUST02287,35,Male,Dallas,84756,6,26.5,159.0,Home & Garden,Online,98,1,4.1,2.9
CUST02288,44,Female,San Jose,46756,9,142.89,1286.01,Toys,Online,1,0,3.6,4.5
CUST02289,34,Female,San Jose,101179,10,34.36,343.6,Groceries,Online,7,2,3.9,4.3
CUST02290,39,Non-binary,San Antonio,106628,9,137.54,1237.86,Sports,In-Store,2,0,3.9,4.5
CUST02291,23,Male,Los Angeles,66756,13,75.86,986.18,Automotive,Online,32,3,3.1,4.9
CUST02292,55,Female,New York,85557,14,49.72,696.08,Books,In-Store,7,3,3.3,5.1
CUST02293,34,Female,Dallas,105752,10,167.15,1671.5,Toys,Online,2,1,4.1,4.9
CUST02294,38,Female,Dallas,20000,10,173.88,1738.8,Clothing,In-Store,33,1,3.4,4.7
CUST02295,34,Male,Los Angeles,36904,16,150.27,2404.32,Groceries,Mobile App,53,0,4.7,5.9
CUST02296,30,Female,New York,42257,11,109.95,1209.45,Automotive,Online,25,2,4.1,4.7
CUST02297,31,Male,New York,75163,5,193.99,969.95,Groceries,In-Store,21,2,4.0,3.6
CUST02298,54,Female,Los Angeles,61981,15,57.13,856.95,Automotive,Online,1,1,2.9,5.4
CUST02299,58,Female,Los Angeles,42162,16,12.92,206.72,Clothing,In-Store,4,0,3.7,5.3
CUST02300,35,Male,Dallas,108654,15,68.92,1033.8,Groceries,Online,14,5,2.6,5.4
CUST02301,33,Female,New York,20000,13,78.3,1017.9,Home & Garden,Online,18,2,3.6,5.0
CUST02302,42,Female,Dallas,74790,12,47.11,565.32,Sports,In-Store,3,2,3.2,4.7
CUST02303,27,Male,San Jose,66004,12,612.18,7346.16,Toys,In-Store,1,3,3.2,7.6
CUST02304,18,Female,Philadelphia,40112,8,38.1,304.8,Health,In-Store,48,0,3.1,3.6
CUST02305,36,Male,Los Angeles,37103,16,66.88,1070.08,Electronics,Online,7,1,4.1,5.6
CUST02306,65,Male,Phoenix,76627,12,328.08,3936.96,Home & Garden,Mobile App,4,1,4.2,6.2
CUST02307,29,Female,Houston,42578,8,118.83,950.64,Health,Online,10,1,3.6,4.2
CUST02308,31,Male,San Jose,35101,7,65.73,460.11,Books,Online,52,0,4.7,3.5
CUST02309,18,Male,San Antonio,59814,10,85.25,852.5,Groceries,Online,69,0,3.5,4.1
CUST02310,52,Male,Phoenix,20332,13,109.73,1426.49,Books,Mobile App,5,1,3.9,5.3
CUST02311,42,Male,Houston,74274,11,87.96,967.56,Clothing,In-Store,14,2,4.2,4.7
CUST02312,18,Male,Houston,25660,9,101.1,909.9,Beauty,In-Store,86,0,3.4,3.8
CUST02313,34,Female,Dallas,94594,14,31.59,442.26,Health,Online,1,1,4.3,5.1
CUST02314,33,Female,Philadelphia,60655,11,87.77,965.47,Books,Online,22,1,3.7,4.6
CUST02315,22,Female,Houston,23917,15,98.72,1480.8,Clothing,Online,39,3,3.3,5.4
CUST02316,41,Female,Dallas,26945,17,52.5,892.5,Books,Online,6,3,4.0,5.7
CUST02317,41,Female,Philadelphia,117290,9,104.88,943.92,Beauty,In-Store,10,1,4.8,4.3
CUST02318,35,Male,Houston,20000,8,233.32,1866.56,Sports,Online,17,3,3.0,4.5
CUST02319,56,Male,Houston,51361,13,62.41,811.33,Books,Mobile App,21,2,2.9,4.9
CUST02320,18,Female,Los Angeles,74889,11,43.24,475.64,Groceries,In-Store,6,3,3.2,4.5
CUST02321,43,Female,San Jose,48675,10,195.15,1951.5,Toys,Online,47,1,4.6,4.7
CUST02322,62,Male,San Jose,36755,10,57.27,572.7,Sports,In-Store,158,0,3.5,3.4
CUST02323,58,Female,New York,55215,11,30.02,330.22,Groceries,Online,62,0,3.3,4.1
CUST02324,27,Female,Chicago,59345,12,32.52,390.24,Beauty,Mobile App,6,4,3.5,4.6
CUST02325,48,Female,Dallas,44821,9,39.15,352.35,Automotive,In-Store,18,1,3.9,4.0
CUST02326,26,Female,San Diego,41062,13,21.19,275.47,Health,Online,27,1,3.8,4.6
CUST02327,21,Male,Dallas,20000,5,95.71,478.55,Groceries,In-Store,14,0,4.8,3.4
CUST02328,24,Male,San Jose,30433,10,90.69,906.9,Sports,Online,65,2,3.9,4.1
CUST02329,38,Female,Philadelphia,45301,11,161.63,1777.93,Home & Garden,In-Store,11,1,3.7,5.0
CUST02330,38,Male,San Diego,52276,15,28.44,426.6,Groceries,Online,80,3,3.4,4.7
CUST02331,32,Male,San Diego,84925,11,55.93,615.23,Automotive,Online,100,3,3.1,4.0
CUST02332,37,Female,Dallas,22164,11,60.53,665.83,Home & Garden,Online,61,0,3.7,4.2
CUST02333,60,Female,Phoenix,67472,9,67.92,611.28,Books,In-Store,6,2,4.0,4.2
CUST02334,33,Female,Los Angeles,34912,11,79.5,874.5,Clothing,In-Store,69,1,4.3,4.3
CUST02335,53,Female,Chicago,45159,8,32.32,258.56,Health,Online,16,0,3.2,3.8
CUST02336,47,Female,Dallas,26463,11,341.05,3751.55,Toys,Mobile App,9,1,4.7,5.9
CUST02337,60,Male,San Antonio,20000,8,44.74,357.92,Automotive,Mobile App,48,5,1.7,3.7
CUST02338,48,Male,San Diego,56757,7,63.9,447.3,Automotive,In-Store,70,0,4.1,3.4
CUST02339,42,Female,Dallas,54130,11,45.26,497.86,Clothing,Online,1,2,3.8,4.6
CUST02340,50,Female,New York,33184,12,108.49,1301.88,Books,In-Store,15,0,4.0,5.0
CUST02341,48,Female,Houston,38639,12,31.04,372.48,Automotive,In-Store,1,1,3.9,4.7
CUST02342,48,Male,San Diego,66133,18,55.43,997.74,Groceries,In-Store,1,1,4.0,6.0
CUST02343,29,Female,Dallas,29443,14,15.42,215.88,Home & Garden,Online,4,0,4.7,4.9
CUST02344,52,Male,Chicago,64530,10,45.43,454.3,Automotive,Online,4,2,3.9,4.3
CUST02345,35,Male,San Diego,52059,11,95.33,1048.63,Books,Online,10,0,4.2,4.7
CUST02346,32,Female,Philadelphia,42059,10,63.3,633.0,Home & Garden,Mobile App,9,0,4.2,4.4
CUST02347,32,Female,Los Angeles,37666,15,66.96,1004.4,Sports,Online,19,2,3.8,5.4
CUST02348,23,Male,Houston,30423,18,17.02,306.36,Electronics,In-Store,1,1,3.5,5.7
CUST02349,28,Female,Houston,121804,15,80.72,1210.8,Sports,Mobile App,33,3,2.9,5.4
CUST02350,26,Female,Dallas,82134,13,63.44,824.72,Electronics,Mobile App,28,3,4.2,4.9
CUST02351,42,Female,San Diego,86037,9,212.71,1914.39,Electronics,Online,24,1,3.8,4.7
CUST02352,52,Female,Philadelphia,61134,8,55.39,443.12,Sports,Online,17,0,4.7,3.9
CUST02353,30,Male,Chicago,87870,10,252.39,2523.9,Books,Online,53,1,3.8,4.9
CUST02354,26,Male,San Diego,87438,7,146.86,1028.02,Home & Garden,Online,3,2,4.1,4.1
CUST02355,32,Female,Chicago,73441,13,51.05,663.65,Books,Online,14,2,3.8,4.9
CUST02356,31,Female,Chicago,46241,14,72.35,1012.9,Sports,Online,6,2,3.7,5.3
CUST02357,33,Male,Phoenix,78886,14,33.93,475.02,Beauty,Online,20,0,3.5,4.9
CUST02358,34,Male,Phoenix,33442,7,196.8,1377.6,Clothing,Mobile App,159,1,3.4,3.2
CUST02359,36,Female,San Diego,69659,12,98.42,1181.04,Groceries,Online,12,1,3.7,4.9
CUST02360,45,Female,New York,71133,10,97.4,974.0,Beauty,Mobile App,33,1,4.7,4.4
CUST02361,33,Female,Los Angeles,149641,11,123.29,1356.19,Home & Garden,Online,4,2,3.0,4.9
CUST02362,18,Male,San Antonio,75470,8,29.58,236.64,Beauty,Mobile App,89,1,3.3,3.4
CUST02363,21,Male,Houston,64402,9,21.19,190.71,Toys,Mobile App,2,3,3.0,4.1
CUST02364,50,Non-binary,Los Angeles,57702,11,62.97,692.67,Books,Online,9,0,4.1,4.6
CUST02365,54,Female,Chicago,147912,11,24.68,271.48,Beauty,In-Store,18,2,3.0,4.3
CUST02366,49,Female,San Antonio,37049,16,128.34,2053.44,Automotive,In-Store,1,1,3.6,6.1
CUST02367,32,Female,San Antonio,37958,11,79.6,875.6,Groceries,Online,13,0,4.8,4.6
CUST02368,31,Male,New York,20000,16,120.53,1928.48,Groceries,Online,5,2,4.3,6.0
CUST02369,18,Female,Houston,200429,11,184.6,2030.6,Electronics,In-Store,72,3,2.3,4.8
CUST02370,33,Male,San Jose,50853,11,69.64,766.04,Electronics,Online,18,1,3.8,4.6
CUST02371,27,Male,San Diego,30853,13,14.71,191.23,Clothing,In-Store,102,0,3.6,4.1
CUST02372,18,Male,Chicago,39873,7,155.17,1086.19,Automotive,Online,38,1,3.9,3.9
CUST02373,52,Male,Los Angeles,28427,13,26.08,339.04,Sports,Mobile App,76,0,3.9,4.4
CUST02374,47,Male,San Antonio,106655,6,83.46,500.76,Home & Garden,Online,39,0,3.5,3.4
CUST02375,37,Female,Los Angeles,51466,9,39.53,355.77,Automotive,In-Store,83,1,3.0,3.6
CUST02376,41,Male,San Jose,61777,9,66.37,597.33,Groceries,Online,53,2,4.0,3.9
CUST02377,44,Male,New York,21961,11,78.16,859.76,Sports,Mobile App,15,0,4.9,4.6
CUST02378,50,Female,San Antonio,56739,14,76.56,1071.84,Electronics,In-Store,74,2,3.6,4.9
CUST02379,53,Male,New York,49249,6,42.69,256.14,Books,Online,62,0,3.4,3.2
CUST02380,18,Male,Houston,71603,14,117.34,1642.76,Home & Garden,Online,92,2,4.4,5.0
CUST02381,51,Male,Dallas,121924,17,47.9,814.3,Books,In-Store,13,3,3.6,5.7
CUST02382,45,Male,Phoenix,44514,9,121.27,1091.43,Beauty,Online,98,1,4.2,3.8
CUST02383,47,Male,San Antonio,47442,11,75.19,827.09,Home & Garden,Online,15,2,3.4,4.6
CUST02384,26,Male,New York,68007,11,61.09,671.99,Electronics,Online,54,2,4.2,4.3
CUST02385,41,Female,Houston,60199,10,216.58,2165.8,Sports,Online,6,0,3.8,5.1
CUST02386,50,Female,Los Angeles,26828,14,64.66,905.24,Books,Online,14,3,2.8,5.2
CUST02387,25,Female,Philadelphia,56558,10,387.44,3874.4,Beauty,Online,2,2,4.2,5.8
CUST02388,43,Male,New York,111900,16,26.99,431.84,Automotive,In-Store,47,1,3.7,5.1
CUST02389,42,Male,Philadelphia,28513,12,92.57,1110.84,Beauty,In-Store,65,0,4.1,4.6
CUST02390,46,Female,San Jose,36801,16,124.26,1988.16,Beauty,Online,14,2,4.3,6.0
CUST02391,44,Male,San Jose,30696,8,34.67,277.36,Books,Online,29,2,4.4,3.8
CUST02392,38,Male,San Jose,45970,11,20.53,225.83,Clothing,Online,35,3,3.7,4.2
CUST02393,54,Female,Houston,44934,13,62.86,817.18,Home & Garden,In-Store,8,0,3.7,5.0
CUST02394,23,Female,Los Angeles,71173,10,258.56,2585.6,Automotive,In-Store,34,2,3.3,5.1
CUST02395,46,Male,San Diego,32137,8,239.45,1915.6,Home & Garden,In-Store,113,1,3.3,3.9
CUST02396,47,Male,Chicago,35273,12,113.45,1361.4,Home & Garden,Online,107,2,4.5,4.4
CUST02397,43,Female,Dallas,95774,13,140.93,1832.09,Beauty,Mobile App,1,2,4.3,5.5
CUST02398,34,Male,Los Angeles,110754,6,15.58,93.48,Books,Online,16,1,4.0,3.4
CUST02399,53,Male,Dallas,67888,15,21.94,329.1,Electronics,Online,49,2,4.8,4.9
CUST02400,32,Male,Chicago,27167,13,156.15,2029.95,Sports,Online,77,1,3.2,5.1
CUST02401,52,Female,Houston,175406,17,244.3,4153.1,Books,Online,15,1,3.2,7.1
CUST02402,25,Female,Dallas,53838,10,47.66,476.6,Clothing,Online,44,1,3.4,4.1
CUST02403,24,Female,San Antonio,56065,9,92.77,834.93,Automotive,In-Store,71,4,2.8,3.9
CUST02404,29,Male,Phoenix,48132,13,101.0,1313.0,Home & Garden,Online,1,1,3.6,5.2
CUST02405,30,Male,Houston,55562,9,71.13,640.17,Health,In-Store,100,0,3.1,3.6
CUST02406,56,Female,Dallas,23214,15,56.59,848.85,Toys,In-Store,35,2,3.1,5.2
CUST02407,32,Female,Phoenix,43745,12,232.47,2789.64,Sports,Mobile App,7,2,3.2,5.7
CUST02408,52,Male,Phoenix,24676,15,95.27,1429.05,Automotive,Online,29,0,4.2,5.5
CUST02409,52,Male,Dallas,58718,11,155.48,1710.28,Home & Garden,Online,1,2,3.8,5.1
CUST02410,53,Female,Phoenix,108382,7,59.77,418.39,Groceries,Online,52,1,3.7,3.5
CUST02411,47,Female,Houston,180325,9,59.99,539.91,Home & Garden,In-Store,40,0,4.4,4.0
CUST02412,30,Male,Philadelphia,94485,9,46.28,416.52,Health,Mobile App,22,0,3.7,4.0
CUST02413,18,Male,Dallas,81917,11,76.96,846.56,Sports,In-Store,34,2,4.2,4.5
CUST02414,39,Male,San Jose,45902,8,70.27,562.16,Sports,Online,6,1,2.8,4.0
CUST02415,48,Male,New York,27833,16,46.85,749.6,Beauty,Online,2,5,3.4,5.5
CUST02416,31,Female,Chicago,39487,15,86.78,1301.7,Sports,Mobile App,1,0,3.5,5.6
CUST02417,44,Female,San Jose,131415,9,67.06,603.54,Clothing,In-Store,48,1,4.5,3.9
CUST02418,38,Female,Phoenix,62751,7,30.99,216.93,Health,In-Store,141,1,3.4,2.8
CUST02419,52,Female,Houston,33368,9,135.22,1216.98,Beauty,Online,49,2,4.2,4.2
CUST02420,36,Female,San Antonio,47809,14,89.34,1250.76,Groceries,Online,1,3,4.1,5.4
CUST02421,43,Female,San Antonio,70761,11,144.77,1592.47,Beauty,Online,9,0,4.0,5.0
CUST02422,34,Male,San Diego,66627,12,79.22,950.64,Groceries,Online,78,1,4.0,4.4
CUST02423,36,Female,Chicago,20000,11,56.65,623.15,Home & Garden,In-Store,43,1,4.4,4.3
CUST02424,57,Female,Chicago,27695,7,24.2,169.4,Sports,Online,18,1,3.6,3.6
CUST02425,40,Male,Chicago,21842,14,172.72,2418.08,Books,In-Store,61,1,3.6,5.5
CUST02426,29,Male,Chicago,44609,15,52.74,791.1,Clothing,Online,15,2,3.1,5.3
CUST02427,47,Male,San Antonio,20000,10,57.88,578.8,Clothing,In-Store,46,2,4.8,4.1
CUST02428,62,Male,New York,46158,9,53.71,483.39,Health,Online,23,3,3.4,4.1
CUST02429,29,Male,Los Angeles,49324,9,51.87,466.83,Electronics,In-Store,116,4,2.8,3.5
CUST02430,18,Female,New York,77605,10,40.7,407.0,Groceries,Online,11,0,4.0,4.3
CUST02431,41,Male,Chicago,76495,13,159.81,2077.53,Health,Online,22,6,3.4,5.4
CUST02432,34,Female,Los Angeles,93707,8,39.5,316.0,Automotive,In-Store,29,1,4.1,3.8
CUST02433,40,Male,Los Angeles,64804,15,46.38,695.7,Home & Garden,Online,5,4,3.8,5.3
CUST02434,25,Female,San Diego,53224,11,304.62,3350.82,Groceries,Online,104,3,3.8,5.1
CUST02435,18,Male,Houston,106119,15,53.41,801.15,Electronics,In-Store,26,1,3.3,5.2
CUST02436,39,Male,Dallas,114440,11,79.42,873.62,Clothing,Online,7,4,1.7,4.7
CUST02437,38,Male,Dallas,31842,11,36.5,401.5,Sports,Online,97,0,3.2,3.9
CUST02438,18,Female,San Antonio,100899,15,232.35,3485.25,Groceries,Online,12,0,3.7,6.5
CUST02439,38,Male,Houston,138434,18,199.55,3591.9,Books,Online,1,0,4.3,7.1
CUST02440,55,Male,Phoenix,44443,8,27.02,216.16,Home & Garden,Mobile App,33,1,4.4,3.7
CUST02441,66,Female,Los Angeles,48784,7,50.05,350.35,Toys,Online,7,0,4.0,3.7
CUST02442,45,Male,Los Angeles,45175,11,56.91,626.01,Sports,Online,50,0,3.5,4.3
CUST02443,31,Female,Los Angeles,55823,9,71.35,642.15,Beauty,Mobile App,17,1,3.5,4.2
CUST02444,45,Female,New York,109479,10,175.51,1755.1,Health,Online,13,0,4.2,4.8
CUST02445,46,Male,Philadelphia,27498,10,36.58,365.8,Health,Online,92,0,3.2,3.7
CUST02446,31,Male,Phoenix,103244,16,75.59,1209.44,Health,Mobile App,47,0,3.6,5.4
CUST02447,53,Male,Los Angeles,55093,9,137.98,1241.82,Sports,Mobile App,78,0,4.5,4.0
CUST02448,41,Female,Phoenix,31451,20,78.59,1571.8,Clothing,In-Store,6,2,4.1,6.6
CUST02449,34,Female,Chicago,75524,14,172.01,2408.14,Groceries,Online,4,1,3.9,5.9
CUST02450,48,Male,San Diego,50923,19,90.92,1727.48,Clothing,Online,1,3,3.3,6.5
CUST02451,47,Male,Phoenix,48340,13,32.0,416.0,Groceries,Online,8,1,3.6,4.8
CUST02452,59,Non-binary,Chicago,59976,15,116.77,1751.55,Books,Online,1,0,4.6,5.8
CUST02453,23,Female,San Diego,115172,8,77.43,619.44,Books,In-Store,129,2,4.4,3.3
CUST02454,25,Female,Chicago,56830,11,142.54,1567.94,Home & Garden,Online,15,3,3.3,4.9
CUST02455,49,Female,Dallas,112247,11,137.55,1513.05,Automotive,Online,60,2,3.5,4.6
CUST02456,26,Female,Houston,20000,17,27.59,469.03,Books,Online,14,3,3.8,5.5
CUST02457,47,Female,Dallas,20000,12,13.48,161.76,Health,In-Store,102,0,4.2,3.9
CUST02458,18,Female,Houston,62790,12,79.93,959.16,Clothing,Online,30,1,3.5,4.7
CUST02459,49,Male,New York,23594,5,90.45,452.25,Beauty,In-Store,75,2,3.5,3.0
CUST02460,19,Female,Los Angeles,124565,17,53.09,902.53,Electronics,Mobile App,37,1,3.5,5.6
CUST02461,38,Male,Chicago,110716,12,50.27,603.24,Sports,Online,3,1,4.2,4.8
CUST02462,25,Female,Dallas,65956,7,31.07,217.49,Books,Online,96,1,4.4,3.1
CUST02463,30,Female,New York,120590,16,61.93,990.88,Groceries,Online,22,4,3.4,5.5
CUST02464,42,Female,Chicago,185360,17,43.79,744.43,Books,In-Store,36,4,3.3,5.5
CUST02465,40,Female,San Antonio,20000,7,48.99,342.93,Beauty,Online,22,0,4.6,3.6
CUST02466,18,Male,San Jose,39613,17,20.44,347.48,Clothing,Online,47,2,3.0,5.3
CUST02467,39,Female,Chicago,65978,13,30.04,390.52,Electronics,Online,26,3,3.2,4.7
CUST02468,35,Male,Houston,65930,11,132.62,1458.82,Clothing,Online,21,1,4.3,4.8
CUST02469,25,Female,San Antonio,23818,13,136.28,1771.64,Groceries,In-Store,7,1,4.3,5.4
CUST02470,31,Male,Chicago,57828,14,237.57,3325.98,Automotive,In-Store,1,1,3.6,6.3
CUST02471,33,Male,San Antonio,87439,9,28.52,256.68,Beauty,Online,84,1,4.7,3.6
CUST02472,34,Female,New York,21562,14,51.09,715.26,Sports,Online,56,1,3.9,4.8
CUST02473,35,Male,New York,62851,8,172.25,1378.0,Health,In-Store,34,0,4.4,4.2
CUST02474,21,Female,New York,37690,6,31.17,187.02,Books,Mobile App,51,2,3.8,3.2
CUST02475,27,Female,San Diego,87481,9,52.83,475.47,Automotive,In-Store,13,2,3.5,4.1
CUST02476,44,Male,San Jose,20000,10,40.87,408.7,Automotive,Online,4,2,3.4,4.3
CUST02477,45,Male,Chicago,37043,16,170.96,2735.36,Sports,Mobile App,7,0,3.7,6.3
CUST02478,29,Female,Chicago,22263,15,61.93,928.95,Home & Garden,Online,30,0,3.6,5.3
CUST02479,36,Male,San Antonio,35970,13,35.69,463.97,Groceries,Mobile App,3,1,4.6,4.9
CUST02480,30,Non-binary,San Jose,35383,14,53.84,753.76,Clothing,Mobile App,12,1,3.3,5.1
CUST02481,38,Male,Philadelphia,25461,18,33.14,596.52,Books,Mobile App,7,3,3.3,5.8
CUST02482,29,Male,Philadelphia,39904,18,91.09,1639.62,Books,Online,34,2,3.8,6.1
CUST02483,45,Male,Los Angeles,29499,12,165.6,1987.2,Beauty,In-Store,4,1,4.5,5.3
CUST02484,38,Female,New York,27970,13,124.1,1613.3,Home & Garden,Online,1,1,3.5,5.4
CUST02485,30,Female,Los Angeles,31191,16,107.49,1719.84,Home & Garden,In-Store,9,2,4.3,5.9
CUST02486,39,Female,Phoenix,78730,6,78.76,472.56,Home & Garden,In-Store,120,1,3.5,2.9
CUST02487,41,Female,New York,41549,18,319.71,5754.78,Home & Garden,Online,10,1,3.8,8.0
CUST02488,46,Non-binary,San Jose,86394,10,81.0,810.0,Electronics,In-Store,20,2,4.8,4.4
CUST02489,42,Female,New York,39716,13,34.48,448.24,Electronics,Online,46,3,4.5,4.6
CUST02490,56,Female,New York,60047,12,81.9,982.8,Beauty,In-Store,52,4,3.0,4.6
CUST02491,29,Female,Dallas,66318,9,30.23,272.07,Home & Garden,Online,7,0,3.4,4.1
CUST02492,37,Male,Philadelphia,39514,16,34.87,557.92,Groceries,In-Store,1,4,4.0,5.5
CUST02493,42,Male,San Antonio,85311,15,48.96,734.4,Automotive,Online,4,0,3.9,5.3
CUST02494,34,Female,Chicago,20347,17,164.13,2790.21,Electronics,In-Store,2,4,3.0,6.6
CUST02495,43,Male,San Jose,31997,14,275.15,3852.1,Electronics,Online,38,5,3.2,6.3
CUST02496,42,Male,San Diego,39337,15,49.64,744.6,Clothing,Mobile App,9,3,3.6,5.3
CUST02497,18,Male,Houston,58617,12,23.42,281.04,Home & Garden,Mobile App,30,2,3.8,4.5
CUST02498,33,Female,Chicago,44196,10,247.12,2471.2,Automotive,In-Store,50,0,4.0,4.9
CUST02499,22,Female,Dallas,28923,7,129.64,907.48,Beauty,Online,112,1,3.0,3.3
CUST02500,33,Male,Phoenix,39169,7,80.62,564.34,Beauty,In-Store,82,0,4.0,3.4
CUST02501,60,Female,New York,93117,13,44.27,575.51,Books,Online,6,4,3.6,4.9
CUST02502,18,Non-binary,San Jose,24643,18,25.78,464.04,Clothing,Mobile App,14,4,3.5,5.7
CUST02503,28,Female,San Diego,78188,8,38.07,304.56,Clothing,Mobile App,1,2,4.3,3.9
CUST02504,32,Male,Phoenix,48935,10,23.95,239.5,Automotive,Mobile App,54,0,4.0,3.9
CUST02505,18,Female,Los Angeles,66895,11,31.66,348.26,Toys,Online,1,0,5.0,4.5
CUST02506,21,Male,Phoenix,45837,13,88.31,1148.03,Groceries,Online,21,3,3.6,5.1
CUST02507,18,Female,Philadelphia,29597,20,160.77,3215.4,Clothing,Online,6,2,3.5,7.3
CUST02508,35,Female,San Diego,99373,16,25.4,406.4,Sports,Mobile App,11,3,3.8,5.3
CUST02509,27,Non-binary,San Diego,79768,14,52.41,733.74,Groceries,Mobile App,13,2,2.7,5.1
CUST02510,55,Non-binary,San Diego,26224,17,209.05,3553.85,Electronics,Online,53,3,3.5,6.6
CUST02511,49,Male,San Antonio,47843,15,30.09,451.35,Health,Mobile App,59,3,2.9,4.9
CUST02512,27,Male,Philadelphia,115183,13,107.6,1398.8,Automotive,Mobile App,1,2,3.7,5.3
CUST02513,27,Female,Philadelphia,35212,8,59.81,478.48,Clothing,In-Store,12,2,2.7,3.9
CUST02514,52,Female,Phoenix,60226,10,23.11,231.1,Electronics,In-Store,62,0,4.1,3.9
CUST02515,38,Female,Houston,29337,13,108.23,1406.99,Automotive,Online,85,2,3.4,4.8
CUST02516,35,Female,Phoenix,37141,9,127.36,1146.24,Books,Online,9,1,3.1,4.4
CUST02517,32,Male,Los Angeles,54607,9,19.87,178.83,Home & Garden,Online,10,1,3.9,4.0
CUST02518,39,Male,Los Angeles,26251,11,79.47,874.17,Beauty,Online,19,1,3.4,4.6
CUST02519,52,Female,San Diego,26051,19,23.23,441.37,Clothing,Online,52,5,3.1,5.6
CUST02520,21,Female,San Antonio,143055,7,28.15,197.05,Books,Online,33,1,3.1,3.5
CUST02521,43,Male,Philadelphia,25599,9,18.31,164.79,Beauty,Mobile App,8,1,2.9,4.0
CUST02522,40,Female,San Diego,75783,10,133.46,1334.6,Clothing,Online,24,0,3.5,4.6
CUST02523,41,Male,Chicago,36608,9,179.75,1617.75,Toys,Online,13,0,4.0,4.6
CUST02524,34,Male,San Jose,55872,16,36.99,591.84,Electronics,Mobile App,67,3,3.4,5.1
CUST02525,29,Female,New York,35700,7,175.11,1225.77,Beauty,In-Store,49,1,3.5,3.9
CUST02526,37,Non-binary,Houston,29557,12,345.58,4146.96,Electronics,Online,26,2,4.3,6.1
CUST02527,47,Male,San Antonio,35644,9,40.8,367.2,Sports,Online,5,0,3.8,4.1
CUST02528,38,Male,Chicago,36060,9,57.41,516.69,Clothing,Online,36,0,3.5,4.0
CUST02529,18,Male,San Diego,31184,9,231.48,2083.32,Books,In-Store,7,0,4.6,4.8
CUST02530,40,Female,Phoenix,22112,12,60.71,728.52,Groceries,Mobile App,112,0,4.0,4.1
CUST02531,30,Male,San Antonio,98782,16,23.42,374.72,Beauty,Mobile App,113,2,3.2,4.7
CUST02532,23,Male,Houston,52462,11,40.86,449.46,Beauty,Mobile App,23,1,3.4,4.4
CUST02533,32,Female,Dallas,29098,6,103.43,620.58,Groceries,Mobile App,26,0,3.6,3.6
CUST02534,50,Male,San Jose,26969,16,115.27,1844.32,Books,Mobile App,4,1,3.3,6.0
CUST02535,41,Female,San Jose,180343,7,24.0,168.0,Home & Garden,Online,22,1,3.6,3.6
CUST02536,39,Female,San Jose,58118,7,126.22,883.54,Groceries,Online,16,2,2.6,3.9
CUST02537,28,Non-binary,Philadelphia,30889,11,161.7,1778.7,Electronics,Online,58,1,3.3,4.7
CUST02538,33,Male,Chicago,47107,14,69.13,967.82,Toys,Mobile App,23,2,3.6,5.1
CUST02539,40,Male,San Antonio,149328,9,43.38,390.42,Sports,In-Store,179,2,3.5,3.0
CUST02540,27,Male,San Diego,39839,12,78.74,944.88,Groceries,In-Store,21,1,3.3,4.8
CUST02541,34,Female,San Jose,47403,13,77.93,1013.09,Clothing,Online,14,2,4.0,5.0
CUST02542,42,Female,Houston,44867,14,94.94,1329.16,Books,In-Store,5,1,3.6,5.4
CUST02543,57,Female,San Jose,96471,20,10,200,Books,Online,1,2,4.4,6.0
CUST02544,29,Male,Houston,26372,10,83.63,836.3,Health,Mobile App,172,1,3.8,3.4
CUST02545,39,Male,Philadelphia,63462,9,43.64,392.76,Electronics,Online,10,0,3.4,4.1
CUST02546,31,Male,Los Angeles,42689,6,60.47,362.82,Toys,In-Store,50,0,3.5,3.3
CUST02547,30,Male,San Antonio,20000,10,91.56,915.6,Beauty,Online,4,2,3.8,4.5
CUST02548,18,Female,Dallas,39401,8,157.31,1258.48,Beauty,Online,20,0,4.2,4.2
CUST02549,63,Male,San Antonio,37711,15,19.22,288.3,Beauty,Online,30,0,4.7,5.0
CUST02550,32,Female,Dallas,20621,17,12.89,219.13,Books,Online,19,5,2.8,5.4
CUST02551,59,Female,San Antonio,47294,11,26.76,294.36,Sports,In-Store,20,1,4.0,4.3
CUST02552,39,Female,Los Angeles,39801,10,38.31,383.1,Clothing,Mobile App,1,1,3.7,4.3
CUST02553,43,Male,New York,47269,16,228.61,3657.76,Health,Mobile App,27,2,3.8,6.6
CUST02554,63,Male,San Jose,37145,13,48.04,624.52,Automotive,Online,40,1,3.4,4.7
CUST02555,67,Male,San Jose,25660,11,129.14,1420.54,Electronics,In-Store,3,2,3.0,4.9
CUST02556,24,Female,Houston,57493,7,39.79,278.53,Home & Garden,In-Store,130,0,4.2,2.9
CUST02557,35,Female,Los Angeles,41625,8,65.69,525.52,Home & Garden,Mobile App,22,1,4.5,3.9
CUST02558,31,Female,Philadelphia,32078,9,73.73,663.57,Toys,Online,44,2,2.6,4.0
CUST02559,39,Female,San Antonio,28142,8,16.18,129.44,Electronics,Mobile App,64,0,4.2,3.5
CUST02560,38,Female,Dallas,33363,13,10,130,Sports,Online,12,2,3.4,4.7
CUST02561,41,Female,Phoenix,88683,16,53.44,855.04,Books,In-Store,19,2,3.6,5.5
CUST02562,33,Male,San Antonio,51468,8,85.71,685.68,Electronics,Online,82,1,3.8,3.6
CUST02563,34,Male,Philadelphia,29723,15,26.53,397.95,Automotive,Mobile App,39,2,3.7,5.0
CUST02564,32,Female,Philadelphia,45974,16,296.94,4751.04,Groceries,Mobile App,14,3,3.4,7.2
CUST02565,49,Non-binary,Houston,37281,12,77.95,935.4,Automotive,Mobile App,60,2,3.4,4.5
CUST02566,34,Male,San Antonio,33356,9,48.44,435.96,Electronics,Mobile App,31,1,3.8,4.0
CUST02567,35,Female,Chicago,59828,6,54.51,327.06,Books,Mobile App,96,1,4.3,3.0
CUST02568,34,Male,Philadelphia,100936,15,178.28,2674.2,Automotive,Online,55,1,4.3,5.8
CUST02569,18,Male,Chicago,26292,7,94.57,661.99,Automotive,Online,25,1,4.1,3.8
CUST02570,49,Female,San Antonio,58520,16,48.18,770.88,Sports,Mobile App,41,2,4.5,5.3
CUST02571,52,Male,Philadelphia,163842,13,100.74,1309.62,Home & Garden,Online,3,2,3.4,5.2
CUST02572,42,Male,New York,62444,12,89.16,1069.92,Health,Online,6,1,3.8,4.9
CUST02573,46,Female,Dallas,32556,12,74.16,889.92,Clothing,In-Store,15,2,3.0,4.8
CUST02574,37,Male,Chicago,25129,15,46.86,702.9,Toys,In-Store,5,0,3.5,5.3
CUST02575,46,Female,Chicago,20000,6,45.84,275.04,Home & Garden,In-Store,1,1,4.0,3.6
CUST02576,40,Male,Houston,22399,16,37.12,593.92,Automotive,Mobile App,25,0,4.7,5.3
CUST02577,35,Female,San Antonio,28020,10,20.29,202.9,Sports,In-Store,46,1,2.4,4.0
CUST02578,47,Male,Chicago,72365,9,133.57,1202.13,Electronics,In-Store,71,0,3.4,4.1
CUST02579,18,Female,Los Angeles,82813,12,65.09,781.08,Clothing,Online,2,2,3.7,4.8
CUST02580,39,Female,Los Angeles,28307,11,26.22,288.42,Groceries,Online,22,1,4.2,4.3
CUST02581,30,Female,Los Angeles,69866,17,32.78,557.26,Clothing,Online,7,2,3.5,5.6
CUST02582,31,Male,Houston,41030,13,80.33,1044.29,Books,Online,39,3,3.7,4.9
CUST02583,41,Female,San Antonio,21705,17,57.01,969.17,Clothing,Online,25,3,4.0,5.7
CUST02584,37,Female,Houston,35114,11,109.47,1204.17,Books,Online,78,1,4.2,4.4
CUST02585,42,Male,San Diego,58982,15,25.05,375.75,Groceries,Online,14,2,4.3,5.1
CUST02586,18,Male,Chicago,86994,14,109.01,1526.14,Health,In-Store,11,0,3.6,5.5
CUST02587,64,Female,Los Angeles,50321,4,71.04,284.16,Beauty,Mobile App,3,0,4.7,3.2
CUST02588,24,Female,San Jose,65935,12,25.33,303.96,Health,In-Store,32,1,3.6,4.4
CUST02589,24,Male,Phoenix,20000,10,38.83,388.3,Clothing,Online,18,1,4.8,4.2
CUST02590,35,Male,New York,39396,10,46.32,463.2,Automotive,In-Store,105,4,3.9,3.7
CUST02591,42,Male,Philadelphia,34190,13,46.0,598.0,Clothing,Mobile App,20,4,4.3,4.8
CUST02592,44,Male,Chicago,40867,8,111.36,890.88,Home & Garden,Online,24,1,4.4,4.0
CUST02593,48,Female,Chicago,23671,9,67.03,603.27,Sports,Online,20,0,4.0,4.1
CUST02594,64,Male,Los Angeles,55888,14,50.53,707.42,Beauty,In-Store,11,2,3.7,5.1
CUST02595,26,Female,San Diego,29134,11,177.76,1955.36,Toys,Online,46,2,3.7,4.9
CUST02596,34,Female,Houston,26287,13,92.0,1196.0,Sports,Online,18,2,4.6,5.1
CUST02597,34,Female,Phoenix,35132,14,429.63,6014.82,Books,Online,21,1,3.5,7.3
CUST02598,40,Female,San Jose,79032,14,94.05,1316.7,Sports,Online,1,2,4.5,5.4
CUST02599,40,Male,San Diego,38081,14,56.41,789.74,Books,Mobile App,21,3,3.9,5.1
CUST02600,43,Male,Phoenix,35737,13,74.1,963.3,Beauty,In-Store,25,2,3.3,4.9
CUST02601,45,Female,San Antonio,66394,7,136.74,957.18,Home & Garden,In-Store,15,1,4.3,4.0
CUST02602,35,Male,Los Angeles,34921,8,62.34,498.72,Toys,Online,49,0,5.0,3.7
CUST02603,63,Male,Dallas,31823,8,24.18,193.44,Sports,In-Store,6,1,3.8,3.9
CUST02604,47,Male,Dallas,30263,15,87.2,1308.0,Beauty,Online,10,2,4.1,5.5
CUST02605,63,Male,Philadelphia,38707,12,25.15,301.8,Books,In-Store,16,3,3.6,4.5
CUST02606,30,Male,Los Angeles,26479,9,136.41,1227.69,Home & Garden,In-Store,84,1,3.2,4.0
CUST02607,32,Male,Philadelphia,50750,10,29.35,293.5,Clothing,Online,21,0,3.9,4.2
CUST02608,34,Female,Philadelphia,20000,13,111.6,1450.8,Home & Garden,Online,19,0,4.6,5.2
CUST02609,19,Female,Houston,96930,7,111.92,783.44,Automotive,Online,99,0,2.9,3.4
CUST02610,32,Male,Houston,33029,17,49.83,847.11,Automotive,Online,40,3,2.6,5.5
CUST02611,21,Female,San Jose,50166,12,77.76,933.12,Clothing,In-Store,25,3,3.6,4.8
CUST02612,29,Female,San Antonio,45618,10,50.69,506.9,Beauty,Mobile App,12,0,3.8,4.3
CUST02613,27,Male,New York,79227,7,101.89,713.23,Toys,Online,16,0,3.9,3.8
CUST02614,43,Non-binary,San Antonio,82162,16,201.79,3228.64,Clothing,Online,47,5,2.7,6.3
CUST02615,38,Male,Philadelphia,75717,13,21.89,284.57,Health,Online,21,0,3.1,4.7
CUST02616,18,Female,Phoenix,48223,18,105.2,1893.6,Electronics,In-Store,46,3,3.6,6.1
CUST02617,38,Female,New York,48254,10,45.76,457.6,Toys,Online,29,1,2.7,4.2
CUST02618,26,Female,San Antonio,42212,6,70.63,423.78,Electronics,Mobile App,8,0,4.5,3.6
CUST02619,37,Female,New York,27687,14,86.32,1208.48,Beauty,In-Store,13,2,3.2,5.3
CUST02620,29,Male,Los Angeles,28976,14,45.82,641.48,Books,In-Store,11,0,4.3,5.1
CUST02621,18,Male,Philadelphia,59757,14,62.05,868.7,Books,Online,82,3,3.2,4.7
CUST02622,50,Female,San Diego,25444,7,64.91,454.37,Health,Online,12,0,3.7,3.8
CUST02623,18,Male,San Diego,27437,12,77.37,928.44,Toys,Mobile App,1,3,3.4,4.9
CUST02624,38,Female,Los Angeles,24889,11,66.87,735.57,Beauty,Mobile App,5,2,2.9,4.6
CUST02625,41,Male,Houston,79158,10,25.27,252.7,Electronics,Mobile App,86,0,4.7,3.7
CUST02626,26,Male,Philadelphia,73032,7,63.76,446.32,Books,Online,80,1,2.8,3.3
CUST02627,38,Male,Philadelphia,43130,9,158.51,1426.59,Automotive,Mobile App,12,0,4.8,4.5
CUST02628,42,Female,New York,25515,16,111.76,1788.16,Sports,Mobile App,1,3,4.6,6.0
CUST02629,26,Male,New York,130220,7,38.76,271.32,Sports,Online,35,0,3.3,3.5
CUST02630,19,Male,San Jose,58251,13,68.77,894.01,Books,Online,29,1,3.1,4.9
CUST02631,35,Male,Chicago,50942,11,66.99,736.89,Health,Online,35,1,3.6,4.4
CUST02632,22,Male,Chicago,33062,12,27.88,334.56,Health,Mobile App,10,2,2.9,4.6
CUST02633,49,Female,San Antonio,40044,15,138.29,2074.35,Toys,In-Store,25,2,4.6,5.8
CUST02634,52,Female,Houston,136037,19,75.17,1428.23,Health,Online,25,2,3.5,6.2
CUST02635,27,Female,Phoenix,44917,9,61.46,553.14,Beauty,In-Store,14,0,3.8,4.1
CUST02636,27,Female,Los Angeles,59424,16,83.9,1342.4,Sports,In-Store,65,2,3.8,5.4
CUST02637,41,Female,Philadelphia,131176,18,30.63,551.34,Automotive,Mobile App,33,0,3.4,5.6
CUST02638,18,Male,Houston,22812,6,39.58,237.48,Clothing,Online,43,3,3.0,3.3
CUST02639,33,Female,Houston,20000,6,265.06,1590.36,Electronics,In-Store,20,1,4.5,4.0
CUST02640,52,Male,San Antonio,24372,17,272.13,4626.21,Home & Garden,Online,44,0,5.0,7.1
CUST02641,22,Male,San Jose,41513,19,76.68,1456.92,Automotive,In-Store,2,2,4.1,6.4
CUST02642,18,Male,Phoenix,20739,14,98.23,1375.22,Toys,In-Store,72,0,3.9,5.0
CUST02643,37,Female,Los Angeles,42286,13,121.13,1574.69,Groceries,Online,25,0,3.4,5.2
CUST02644,42,Male,San Diego,73348,10,62.97,629.7,Health,In-Store,6,0,3.5,4.4
CUST02645,26,Female,Houston,38700,13,63.28,822.64,Clothing,Online,47,2,2.6,4.8
CUST02646,26,Male,Phoenix,77285,9,51.78,466.02,Health,In-Store,2,3,3.4,4.2
CUST02647,43,Male,Los Angeles,72965,13,51.97,675.61,Clothing,Online,9,1,3.2,4.9
CUST02648,43,Female,Chicago,37805,8,62.08,496.64,Sports,Online,20,3,4.1,3.9
CUST02649,56,Female,San Diego,62888,12,82.1,985.2,Beauty,Online,26,3,4.0,4.8
CUST02650,42,Female,Los Angeles,48303,10,35.21,352.1,Beauty,Online,58,1,4.8,4.0
CUST02651,37,Male,Dallas,139323,10,54.8,548.0,Books,In-Store,12,1,4.2,4.3
CUST02652,24,Male,Phoenix,53142,16,33.67,538.72,Beauty,Online,87,5,3.5,4.9
CUST02653,24,Female,San Antonio,79637,17,24.59,418.03,Home & Garden,Online,2,0,3.3,5.6
CUST02654,61,Male,San Jose,90356,12,71.64,859.68,Sports,In-Store,2,2,3.9,4.9
CUST02655,27,Female,San Antonio,55139,8,31.6,252.8,Clothing,In-Store,22,1,3.2,3.8
CUST02656,31,Female,Los Angeles,87043,10,89.57,895.7,Home & Garden,Online,5,0,3.7,4.5
CUST02657,31,Female,San Jose,25858,16,201.94,3231.04,Sports,Online,31,3,4.2,6.4
CUST02658,22,Female,Phoenix,25529,9,102.6,923.4,Home & Garden,Mobile App,21,1,2.7,4.3
CUST02659,59,Female,San Antonio,126788,11,42.53,467.83,Books,Online,68,4,3.7,4.1
CUST02660,32,Male,Phoenix,31955,13,58.81,764.53,Toys,Online,53,1,4.3,4.7
CUST02661,46,Female,Philadelphia,48627,11,44.49,489.39,Sports,In-Store,23,0,4.0,4.4
CUST02662,41,Male,New York,63988,11,84.47,929.17,Clothing,Online,57,1,3.5,4.4
CUST02663,39,Female,San Jose,20000,10,58.97,589.7,Toys,In-Store,64,0,4.2,4.0
CUST02664,24,Female,Houston,35742,12,31.82,381.84,Groceries,Online,8,2,3.7,4.6
CUST02665,39,Male,Chicago,43912,18,91.54,1647.72,Beauty,Mobile App,20,3,3.8,6.2
CUST02666,32,Male,New York,76932,17,249.89,4248.13,Toys,Online,11,4,2.9,7.1
CUST02667,30,Male,Phoenix,61755,16,91.25,1460.0,Clothing,Online,4,0,5.0,5.8
CUST02668,30,Female,New York,51385,15,69.9,1048.5,Health,Online,126,1,3.6,4.7
CUST02669,42,Male,New York,31088,14,277.65,3887.1,Toys,Mobile App,17,5,3.1,6.4
CUST02670,24,Male,New York,39512,16,74.6,1193.6,Electronics,In-Store,34,2,4.1,5.5
CUST02671,37,Non-binary,Houston,71825,14,85.85,1201.9,Automotive,In-Store,21,2,4.1,5.3
CUST02672,37,Female,Los Angeles,20000,10,23.24,232.4,Clothing,Online,34,1,3.9,4.1
CUST02673,30,Female,San Diego,49310,10,94.23,942.3,Toys,In-Store,22,1,4.2,4.4
CUST02674,35,Non-binary,Phoenix,120226,17,60.47,1027.99,Toys,Online,23,3,3.7,5.7
CUST02675,27,Male,Philadelphia,25894,8,91.83,734.64,Sports,In-Store,63,0,3.8,3.7
CUST02676,26,Female,San Jose,66773,11,93.49,1028.39,Toys,Online,37,1,3.7,4.5
CUST02677,18,Female,New York,55154,14,88.84,1243.76,Groceries,Mobile App,7,1,3.8,5.4
CUST02678,28,Female,Chicago,33410,10,112.15,1121.5,Beauty,Online,22,1,4.3,4.5
CUST02679,35,Male,San Antonio,36210,12,56.95,683.4,Beauty,Online,13,1,3.6,4.7
CUST02680,29,Male,San Antonio,30663,5,76.69,383.45,Clothing,Mobile App,35,0,3.8,3.2
CUST02681,34,Female,Dallas,38315,16,24.79,396.64,Toys,Mobile App,2,1,4.2,5.4
CUST02682,62,Female,Chicago,30298,10,77.0,770.0,Sports,Mobile App,5,0,4.0,4.5
CUST02683,36,Male,Philadelphia,24184,15,71.45,1071.75,Books,In-Store,15,1,4.3,5.4
CUST02684,29,Female,Phoenix,75287,10,75.17,751.7,Sports,Online,38,1,4.2,4.2
CUST02685,34,Female,Philadelphia,95728,8,38.21,305.68,Health,Online,15,0,3.6,3.9
CUST02686,48,Female,San Jose,131639,14,47.73,668.22,Beauty,Online,22,1,4.0,5.0
CUST02687,50,Female,San Diego,34382,8,61.3,490.4,Groceries,Online,129,1,4.2,3.2
CUST02688,40,Male,Phoenix,67244,8,80.9,647.2,Health,In-Store,85,2,4.1,3.6
CUST02689,37,Male,San Diego,73608,5,144.56,722.8,Sports,Online,97,1,3.3,3.0
CUST02690,37,Male,San Diego,50323,13,266.94,3470.22,Electronics,Online,1,2,4.2,6.2
CUST02691,33,Female,Los Angeles,22559,16,34.73,555.68,Electronics,Online,26,2,3.6,5.3
CUST02692,50,Male,Philadelphia,41033,15,204.73,3070.95,Electronics,Online,2,1,4.5,6.3
CUST02693,56,Male,Phoenix,44401,8,23.52,188.16,Automotive,In-Store,46,2,3.2,3.6
CUST02694,57,Female,Chicago,73277,16,30.16,482.56,Clothing,In-Store,13,5,3.9,5.3
CUST02695,41,Male,Houston,32876,10,17.52,175.2,Books,In-Store,41,2,2.7,4.0
CUST02696,29,Male,Houston,89220,8,72.54,580.32,Electronics,Online,7,0,4.0,4.0
CUST02697,37,Male,San Antonio,37028,6,29.04,174.24,Books,Online,61,0,3.4,3.2
CUST02698,43,Female,Phoenix,109457,18,68.92,1240.56,Sports,In-Store,73,0,4.1,5.6
CUST02699,47,Male,San Antonio,67516,5,80.89,404.45,Beauty,Mobile App,4,1,4.3,3.4
CUST02700,32,Male,Houston,33784,7,140.44,983.08,Sports,Online,32,0,3.8,3.9
CUST02701,18,Female,Phoenix,61612,11,51.75,569.25,Sports,Online,23,0,4.8,4.4
CUST02702,44,Female,San Diego,110883,17,114.95,1954.15,Automotive,Online,6,4,4.1,6.2
CUST02703,42,Female,San Antonio,78179,10,38.01,380.1,Clothing,Online,1,1,4.2,4.3
CUST02704,44,Male,Philadelphia,28307,6,52.43,314.58,Automotive,Mobile App,30,0,3.8,3.4
CUST02705,32,Female,San Diego,27660,10,98.84,988.4,Beauty,Online,13,1,4.1,4.5
CUST02706,36,Male,San Antonio,60270,18,66.34,1194.12,Toys,Online,40,3,4.1,5.8
CUST02707,50,Female,San Antonio,31267,6,51.42,308.52,Clothing,In-Store,18,1,3.3,3.5
CUST02708,44,Female,Phoenix,67405,12,58.11,697.32,Home & Garden,In-Store,1,2,2.9,4.8
CUST02709,44,Male,San Jose,51261,16,14.09,225.44,Automotive,Mobile App,12,1,3.8,5.2
CUST02710,50,Female,New York,149655,12,46.12,553.44,Books,Online,3,2,3.9,4.7
CUST02711,52,Female,San Diego,34214,13,94.45,1227.85,Automotive,Online,61,3,3.0,4.8
CUST02712,40,Male,New York,58509,18,78.72,1416.96,Sports,Mobile App,41,0,4.4,5.9
CUST02713,49,Female,Philadelphia,62047,8,45.37,362.96,Health,Online,23,1,4.2,3.8
CUST02714,34,Male,San Diego,37987,9,190.06,1710.54,Beauty,Mobile App,2,1,4.0,4.7
CUST02715,43,Male,San Jose,75291,17,83.38,1417.46,Automotive,In-Store,37,2,4.6,5.8
CUST02716,23,Male,Houston,80456,20,53.55,1071.0,Automotive,Online,2,2,4.1,6.4
CUST02717,45,Female,San Diego,136569,16,21.56,344.96,Groceries,Online,14,1,4.9,5.3
CUST02718,61,Female,Chicago,33589,11,33.87,372.57,Sports,In-Store,13,2,3.3,4.4
CUST02719,27,Female,New York,42738,17,46.82,795.94,Toys,In-Store,1,0,4.3,5.7
CUST02720,18,Male,Los Angeles,80363,11,37.6,413.6,Electronics,Online,61,2,3.1,4.1
CUST02721,24,Female,Dallas,40402,16,161.36,2581.76,Clothing,Online,4,1,3.8,6.3
CUST02722,31,Male,New York,97125,11,155.64,1712.04,Automotive,Online,2,1,4.1,5.1
CUST02723,18,Male,Los Angeles,54189,10,76.45,764.5,Sports,Online,100,1,4.0,3.9
CUST02724,43,Non-binary,Houston,42612,8,24.78,198.24,Automotive,Online,13,1,3.2,3.8
CUST02725,31,Female,San Diego,43093,14,19.93,279.02,Health,Online,57,3,4.7,4.6
CUST02726,42,Male,New York,20000,12,106.74,1280.88,Groceries,Online,45,3,2.9,4.8
CUST02727,46,Female,Houston,29426,8,50.87,406.96,Groceries,In-Store,5,0,3.5,4.0
CUST02728,47,Female,Houston,73670,11,12.49,137.39,Toys,Online,42,0,5.0,4.1
CUST02729,33,Male,Los Angeles,105758,7,34.02,238.14,Health,Online,90,0,3.6,3.2
CUST02730,40,Female,San Antonio,66893,17,129.56,2202.52,Books,In-Store,38,6,4.1,6.1
CUST02731,44,Male,San Antonio,22766,13,105.4,1370.2,Books,Online,76,0,3.6,4.8
CUST02732,42,Male,Los Angeles,29666,15,100.91,1513.65,Health,Online,5,0,4.2,5.7
CUST02733,51,Female,New York,61586,15,42.97,644.55,Health,Online,1,3,3.9,5.3
CUST02734,53,Female,Philadelphia,69176,14,75.01,1050.14,Groceries,Online,26,3,3.2,5.2
CUST02735,26,Female,Phoenix,23709,15,56.42,846.3,Electronics,Mobile App,16,2,3.6,5.3
CUST02736,35,Male,Dallas,31180,18,29.62,533.16,Home & Garden,Online,2,4,3.0,5.8
CUST02737,51,Female,San Antonio,75614,6,61.88,371.28,Automotive,Online,50,1,4.3,3.3
CUST02738,43,Female,Philadelphia,34280,11,41.34,454.74,Health,Online,45,1,4.4,4.3
CUST02739,40,Female,Chicago,47061,15,130.75,1961.25,Sports,In-Store,23,1,3.1,5.7
CUST02740,18,Female,San Antonio,55916,8,63.46,507.68,Clothing,Mobile App,55,1,3.3,3.7
CUST02741,21,Female,San Antonio,27589,11,94.31,1037.41,Toys,In-Store,28,1,3.5,4.6
CUST02742,35,Male,Dallas,22867,13,76.4,993.2,Automotive,Online,58,2,4.0,4.8
CUST02743,42,Female,San Jose,43745,12,66.61,799.32,Health,Online,40,1,3.7,4.6
CUST02744,18,Female,San Antonio,20000,7,43.56,304.92,Clothing,Online,29,1,4.2,3.6
CUST02745,56,Female,Chicago,67034,14,189.05,2646.7,Home & Garden,Online,2,0,4.1,6.0
CUST02746,45,Male,San Diego,79126,11,65.12,716.32,Beauty,In-Store,46,3,3.8,4.4
CUST02747,28,Non-binary,Houston,30212,12,46.05,552.6,Clothing,Mobile App,1,3,4.0,4.7
CUST02748,40,Male,San Antonio,35685,16,32.94,527.04,Books,Mobile App,55,1,3.8,5.1
CUST02749,52,Male,Phoenix,111709,10,85.41,854.1,Clothing,Online,5,1,3.2,4.5
CUST02750,57,Female,San Diego,260681,13,59.78,777.14,Beauty,In-Store,33,1,4.4,4.8
CUST02751,48,Female,Chicago,158068,8,206.44,1651.52,Beauty,Online,11,0,4.6,4.4
CUST02752,27,Male,Chicago,45122,6,17.47,104.82,Health,In-Store,21,0,4.7,3.4
CUST02753,33,Male,San Diego,23428,9,94.73,852.57,Toys,In-Store,98,0,4.5,3.7
CUST02754,31,Male,Chicago,33037,9,49.69,447.21,Books,Mobile App,19,0,4.0,4.1
CUST02755,39,Female,Houston,49964,12,158.68,1904.16,Clothing,In-Store,2,2,3.4,5.3
CUST02756,28,Female,Los Angeles,94837,11,215.89,2374.79,Home & Garden,Online,10,1,3.9,5.3
CUST02757,40,Male,New York,35865,15,77.35,1160.25,Beauty,In-Store,19,2,3.1,5.4
CUST02758,23,Female,Los Angeles,65528,12,43.8,525.6,Beauty,Online,91,2,3.0,4.2
CUST02759,55,Female,Dallas,39438,16,41.26,660.16,Toys,Online,1,1,4.0,5.5
CUST02760,40,Male,San Diego,40277,12,157.86,1894.32,Automotive,Online,11,1,4.3,5.3
CUST02761,44,Female,Dallas,36963,12,97.25,1167.0,Groceries,Mobile App,2,0,4.1,5.0
CUST02762,36,Male,San Antonio,40871,12,122.86,1474.32,Clothing,In-Store,44,2,3.7,4.9
CUST02763,21,Male,Dallas,35329,9,95.06,855.54,Sports,Online,18,0,3.5,4.2
CUST02764,64,Female,New York,20000,8,52.19,417.52,Health,In-Store,9,1,4.1,3.9
CUST02765,39,Male,Phoenix,38327,9,67.08,603.72,Sports,Online,3,2,4.2,4.2
CUST02766,33,Male,Chicago,124996,10,197.48,1974.8,Sports,Online,85,0,4.4,4.5
CUST02767,43,Female,Dallas,32326,14,40.73,570.22,Health,In-Store,28,0,3.7,4.9
CUST02768,36,Male,New York,157529,11,67.25,739.75,Automotive,In-Store,27,3,3.8,4.5
CUST02769,32,Male,San Diego,81733,9,46.95,422.55,Sports,In-Store,57,0,4.1,3.8
CUST02770,35,Male,San Antonio,62119,13,42.58,553.54,Sports,Online,18,0,3.2,4.8
CUST02771,36,Female,New York,114116,12,116.55,1398.6,Groceries,Online,5,1,5.0,5.1
CUST02772,46,Female,Philadelphia,27132,10,77.5,775.0,Electronics,Online,15,2,3.1,4.4
CUST02773,38,Male,San Jose,20000,15,69.14,1037.1,Health,In-Store,9,0,4.3,5.4
CUST02774,51,Female,New York,52837,16,208.75,3340.0,Beauty,Mobile App,32,2,3.2,6.4
CUST02775,41,Female,San Jose,59465,11,42.15,463.65,Health,Mobile App,43,0,4.3,4.3
CUST02776,51,Female,San Diego,118192,15,73.65,1104.75,Groceries,Online,11,3,3.4,5.4
CUST02777,56,Male,New York,53289,15,66.42,996.3,Toys,In-Store,29,2,3.8,5.3
CUST02778,35,Female,San Antonio,20000,10,44.79,447.9,Toys,Online,39,3,3.8,4.1
CUST02779,35,Female,Houston,37078,11,60.69,667.59,Electronics,Mobile App,13,0,3.0,4.5
CUST02780,54,Male,Houston,92459,14,44.6,624.4,Automotive,In-Store,11,0,4.3,5.1
CUST02781,45,Male,New York,34141,9,91.43,822.87,Automotive,Online,52,1,3.3,4.0
CUST02782,47,Male,San Antonio,27319,9,44.56,401.04,Groceries,Online,7,0,3.8,4.1
CUST02783,48,Male,Chicago,44340,18,53.85,969.3,Clothing,Online,14,2,4.5,5.9
CUST02784,43,Female,Philadelphia,111855,16,25.5,408.0,Beauty,Online,53,0,4.3,5.1
CUST02785,51,Male,New York,21640,7,90.14,630.98,Home & Garden,Online,2,0,3.8,3.9
CUST02786,46,Female,Houston,55601,10,219.32,2193.2,Books,In-Store,20,1,3.2,5.0
CUST02787,52,Female,Dallas,35690,13,31.16,405.08,Health,Online,38,0,4.3,4.6
CUST02788,38,Female,Houston,32819,12,92.28,1107.36,Electronics,Online,10,0,3.9,4.9
CUST02789,24,Male,Chicago,73486,12,63.23,758.76,Sports,Online,26,2,3.9,4.7
CUST02790,33,Male,Houston,90072,13,30.38,394.94,Sports,Online,23,1,3.7,4.7
CUST02791,43,Male,Los Angeles,50107,14,73.85,1033.9,Clothing,Online,3,1,4.3,5.3
CUST02792,26,Female,Houston,20000,11,94.76,1042.36,Toys,In-Store,2,1,4.4,4.8
CUST02793,37,Female,Houston,54678,13,144.54,1879.02,Toys,In-Store,18,5,2.9,5.4
CUST02794,32,Female,Dallas,67115,16,50.98,815.68,Sports,Mobile App,33,2,3.9,5.4
CUST02795,54,Male,Phoenix,24224,13,59.76,776.88,Beauty,In-Store,90,2,4.1,4.5
CUST02796,31,Female,New York,103629,17,42.88,728.96,Beauty,Mobile App,21,2,3.9,5.6
CUST02797,41,Female,San Jose,32369,9,67.93,611.37,Toys,Online,33,0,3.9,4.0
CUST02798,47,Male,Chicago,58302,14,73.86,1034.04,Automotive,Online,34,3,2.4,5.1
CUST02799,20,Female,Houston,20000,8,63.99,511.92,Clothing,Online,65,1,3.6,3.6
CUST02800,38,Female,Chicago,57914,8,91.58,732.64,Electronics,Mobile App,70,2,4.1,3.7
CUST02801,42,Female,San Diego,78794,20,47.55,951.0,Clothing,Online,9,2,4.1,6.3
CUST02802,45,Female,Phoenix,27008,7,25.6,179.2,Sports,In-Store,20,0,3.1,3.6
CUST02803,26,Male,Los Angeles,37913,11,109.84,1208.24,Electronics,Online,5,1,3.3,4.8
CUST02804,36,Female,San Diego,71530,14,51.23,717.22,Electronics,Mobile App,9,1,3.8,5.1
CUST02805,19,Male,New York,94723,13,162.19,2108.47,Home & Garden,Online,5,0,4.5,5.6
CUST02806,32,Male,San Antonio,34698,8,147.77,1182.16,Automotive,Online,2,1,2.6,4.3
CUST02807,30,Male,Dallas,43894,14,101.96,1427.44,Beauty,Mobile App,18,1,3.9,5.4
CUST02808,39,Female,Philadelphia,29608,10,94.64,946.4,Sports,Mobile App,295,1,3.6,2.7
CUST02809,52,Female,New York,32505,9,137.25,1235.25,Beauty,In-Store,9,2,4.0,4.5
CUST02810,51,Female,San Antonio,52653,6,22.49,134.94,Electronics,Mobile App,7,2,2.8,3.5
CUST02811,23,Female,Phoenix,20000,10,59.79,597.9,Automotive,Online,66,2,4.8,4.0
CUST02812,53,Female,San Jose,74013,6,60.09,360.54,Automotive,Online,33,0,3.9,3.4
CUST02813,40,Female,San Diego,90022,11,34.31,377.41,Home & Garden,Online,45,2,3.7,4.2
CUST02814,29,Male,Phoenix,85483,9,57.18,514.62,Clothing,Mobile App,95,0,4.2,3.6
CUST02815,40,Female,Phoenix,36994,8,50.59,404.72,Beauty,In-Store,15,3,2.8,3.9
CUST02816,51,Male,Phoenix,89519,17,139.35,2368.95,Beauty,Online,5,3,3.2,6.4
CUST02817,38,Male,San Jose,48671,7,152.83,1069.81,Electronics,Online,10,0,4.0,4.0
CUST02818,38,Female,Philadelphia,31522,17,106.98,1818.66,Sports,Mobile App,37,2,3.3,5.9
CUST02819,40,Male,New York,47970,11,80.28,883.08,Toys,Online,39,2,3.7,4.5
CUST02820,34,Male,Philadelphia,48903,20,75.5,1510.0,Toys,In-Store,1,2,4.4,6.6
CUST02821,32,Female,San Antonio,68328,11,67.19,739.09,Electronics,In-Store,19,1,4.3,4.5
CUST02822,41,Male,San Jose,143333,17,104.86,1782.62,Automotive,Online,7,2,3.5,6.1
CUST02823,30,Male,Chicago,48760,9,57.64,518.76,Sports,In-Store,20,0,3.1,4.1
CUST02824,58,Male,San Diego,69444,14,66.61,932.54,Groceries,Online,57,1,3.3,4.9
CUST02825,27,Male,San Jose,90175,10,73.66,736.6,Electronics,Online,45,1,3.1,4.2
CUST02826,41,Female,Chicago,44072,12,106.12,1273.44,Automotive,Mobile App,72,1,3.9,4.6
CUST02827,57,Female,New York,82941,12,45.79,549.48,Automotive,In-Store,35,1,3.3,4.5
CUST02828,39,Male,Phoenix,60576,19,104.63,1987.97,Sports,Online,2,3,4.5,6.6
CUST02829,45,Female,Philadelphia,23800,12,78.55,942.6,Automotive,In-Store,20,0,3.9,4.8
CUST02830,18,Female,Philadelphia,43133,10,45.08,450.8,Clothing,Online,72,1,3.0,3.9
CUST02831,18,Male,Dallas,77500,13,62.49,812.37,Clothing,Online,24,3,3.0,4.9
CUST02832,50,Male,Philadelphia,64059,17,35.69,606.73,Books,Online,9,1,3.6,5.6
CUST02833,38,Male,Phoenix,37574,15,11.73,175.95,Groceries,Online,5,3,3.9,5.1
CUST02834,47,Female,Philadelphia,40214,16,80.52,1288.32,Beauty,Mobile App,11,2,3.4,5.7
CUST02835,33,Female,Philadelphia,20000,9,113.37,1020.33,Toys,Mobile App,125,0,3.4,3.6
CUST02836,38,Male,New York,93242,20,64.25,1285.0,Groceries,Online,55,4,3.8,6.1
CUST02837,54,Male,Chicago,39659,19,137.76,2617.44,Health,Online,20,7,3.4,6.7
CUST02838,42,Female,Philadelphia,20927,14,54.89,768.46,Automotive,In-Store,38,3,3.3,5.0
CUST02839,18,Female,San Jose,23996,14,64.57,903.98,Beauty,Mobile App,6,0,3.8,5.2
CUST02840,20,Male,San Jose,45309,11,282.91,3112.01,Electronics,In-Store,83,1,4.2,5.1
CUST02841,29,Male,Los Angeles,20636,13,90.46,1175.98,Clothing,Mobile App,6,2,3.3,5.2
CUST02842,33,Non-binary,San Jose,23803,14,115.37,1615.18,Automotive,Mobile App,3,3,3.7,5.5
CUST02843,33,Female,San Antonio,31336,7,96.38,674.66,Automotive,In-Store,106,0,3.7,3.3
CUST02844,45,Female,Dallas,49442,8,49.31,394.48,Electronics,In-Store,163,1,3.7,3.0
CUST02845,25,Female,Dallas,67671,9,24.52,220.68,Toys,Online,46,0,3.8,3.8
CUST02846,32,Male,San Jose,72774,11,39.07,429.77,Sports,Mobile App,21,2,3.8,4.4
CUST02847,33,Male,Philadelphia,59805,6,69.08,414.48,Home & Garden,Online,270,0,3.5,1.9
CUST02848,18,Female,Los Angeles,32084,10,39.87,398.7,Home & Garden,Online,17,1,4.2,4.2
CUST02849,48,Female,San Antonio,36084,10,28.15,281.5,Beauty,Online,155,0,3.9,3.3
CUST02850,60,Female,Los Angeles,131194,11,82.49,907.39,Beauty,In-Store,121,1,4.0,4.0
CUST02851,30,Female,San Diego,102572,8,55.44,443.52,Books,Online,6,2,4.1,4.0
CUST02852,27,Female,Chicago,20765,16,111.18,1778.88,Automotive,Online,11,4,3.0,5.9
CUST02853,40,Female,San Jose,60643,8,120.64,965.12,Groceries,In-Store,8,1,4.1,4.2
CUST02854,39,Female,Philadelphia,60381,6,54.15,324.9,Beauty,Online,81,0,5.0,3.1
CUST02855,25,Male,Dallas,64691,13,80.39,1045.07,Groceries,In-Store,9,0,4.9,5.1
CUST02856,41,Female,Houston,42581,17,10,170,Groceries,Mobile App,11,2,3.5,5.4
CUST02857,49,Male,Los Angeles,46896,10,137.94,1379.4,Books,Online,3,0,3.6,4.7
CUST02858,31,Female,San Diego,64720,12,130.63,1567.56,Clothing,Online,13,3,3.2,5.1
CUST02859,40,Male,San Antonio,20000,14,122.46,1714.44,Electronics,In-Store,27,3,2.9,5.4
CUST02860,27,Non-binary,Chicago,90971,11,32.21,354.31,Automotive,Mobile App,10,1,3.8,4.4
CUST02861,46,Female,San Antonio,57373,22,76.41,1681.02,Beauty,Online,1,4,3.7,7.0
CUST02862,36,Female,Houston,29548,10,29.95,299.5,Sports,Online,24,0,5.0,4.1
CUST02863,36,Female,Philadelphia,106651,10,75.34,753.4,Health,In-Store,4,1,3.9,4.5
CUST02864,38,Male,New York,37833,17,58.59,996.03,Clothing,In-Store,9,1,3.7,5.8
CUST02865,18,Male,San Diego,143245,13,51.49,669.37,Books,In-Store,64,1,3.6,4.6
CUST02866,46,Female,San Antonio,52181,10,63.93,639.3,Sports,In-Store,19,0,4.3,4.3
CUST02867,33,Female,Chicago,46827,11,53.66,590.26,Health,Mobile App,3,1,3.3,4.6
CUST02868,24,Female,Los Angeles,40809,14,192.51,2695.14,Groceries,Mobile App,78,1,4.0,5.5
CUST02869,40,Female,Philadelphia,38973,9,178.03,1602.27,Toys,Online,18,1,4.1,4.6
CUST02870,18,Male,Dallas,70547,7,137.05,959.35,Health,Online,42,1,2.8,3.8
CUST02871,53,Female,Houston,42638,10,147.35,1473.5,Sports,Online,38,0,4.0,4.6
CUST02872,39,Male,Dallas,53773,15,60.73,910.95,Automotive,In-Store,32,4,4.3,5.2
CUST02873,39,Female,San Antonio,29358,14,35.33,494.62,Sports,Online,24,4,3.4,4.9
CUST02874,44,Male,Chicago,85801,12,120.24,1442.88,Groceries,Online,30,1,4.7,4.9
CUST02875,52,Female,Houston,54909,15,152.99,2294.85,Books,In-Store,29,2,2.7,5.8
CUST02876,55,Female,San Jose,77318,10,106.56,1065.6,Beauty,Online,110,2,3.4,3.9
CUST02877,53,Male,Los Angeles,40105,10,30.35,303.5,Sports,Online,5,0,4.8,4.3
CUST02878,45,Male,Chicago,88326,11,208.7,2295.7,Sports,Mobile App,79,3,3.1,4.8
CUST02879,22,Male,San Jose,75344,11,71.19,783.09,Clothing,Mobile App,66,0,3.8,4.3
CUST02880,35,Female,Chicago,22860,14,68.09,953.26,Clothing,Online,44,0,3.7,5.0
CUST02881,53,Female,Chicago,25060,7,102.57,717.99,Electronics,In-Store,17,1,3.7,3.8
CUST02882,51,Male,Dallas,55389,11,149.66,1646.26,Automotive,In-Store,44,2,2.8,4.8
CUST02883,49,Male,New York,105866,12,64.83,777.96,Beauty,Online,5,2,3.1,4.8
CUST02884,35,Female,San Jose,46528,13,43.28,562.64,Books,In-Store,18,1,4.2,4.8
CUST02885,18,Female,San Diego,20000,12,55.38,664.56,Sports,Mobile App,29,0,3.9,4.6
CUST02886,36,Female,Los Angeles,32319,9,50.18,451.62,Toys,Mobile App,33,0,3.9,4.0
CUST02887,37,Female,Los Angeles,55654,10,46.71,467.1,Groceries,Mobile App,178,0,4.3,3.2
CUST02888,46,Female,Los Angeles,33750,8,93.39,747.12,Beauty,Mobile App,24,0,4.0,4.0
CUST02889,64,Female,Houston,54804,11,112.79,1240.69,Clothing,Online,101,1,2.6,4.2
CUST02890,29,Female,Phoenix,94271,16,41.82,669.12,Toys,In-Store,2,3,3.5,5.5
CUST02891,50,Female,Los Angeles,28785,13,32.18,418.34,Beauty,Mobile App,31,1,4.1,4.7
CUST02892,35,Male,Los Angeles,70196,13,62.06,806.78,Automotive,Online,25,1,3.4,4.9
CUST02893,48,Female,New York,35354,18,59.7,1074.6,Electronics,Online,5,3,3.8,6.0
CUST02894,35,Female,Houston,39371,15,328.6,4929.0,Home & Garden,Online,53,0,3.4,6.8
CUST02895,43,Male,Chicago,55011,9,97.6,878.4,Toys,Online,28,1,3.1,4.2
CUST02896,23,Male,Los Angeles,79532,11,42.81,470.91,Automotive,Mobile App,7,0,4.1,4.5
CUST02897,35,Female,New York,42906,13,53.13,690.69,Books,Online,1,1,4.9,5.0
CUST02898,45,Female,Houston,56419,14,192.27,2691.78,Groceries,Online,33,0,4.8,5.8
CUST02899,44,Female,San Jose,74703,8,63.55,508.4,Books,In-Store,5,0,5.0,4.0
CUST02900,31,Male,Philadelphia,62250,13,431.36,5607.68,Toys,In-Store,25,2,3.3,6.9
CUST02901,40,Female,Phoenix,37918,12,30.74,368.88,Home & Garden,Mobile App,12,2,3.4,4.6
CUST02902,34,Female,San Diego,132570,12,32.79,393.48,Books,In-Store,22,2,4.1,4.5
CUST02903,29,Female,Phoenix,29456,14,231.09,3235.26,Clothing,Online,104,2,4.1,5.6
CUST02904,29,Female,Phoenix,39154,11,122.4,1346.4,Books,Mobile App,10,1,3.3,4.9
CUST02905,54,Male,San Antonio,21657,13,82.99,1078.87,Clothing,Online,57,7,3.5,4.8
CUST02906,26,Female,Los Angeles,84109,10,37.07,370.7,Beauty,In-Store,5,1,3.8,4.3
CUST02907,57,Female,San Diego,50262,15,76.44,1146.6,Toys,In-Store,32,0,3.6,5.3
CUST02908,49,Female,New York,41046,19,59.1,1122.9,Sports,Online,5,2,3.6,6.2
CUST02909,54,Male,San Antonio,123771,18,71.65,1289.7,Electronics,In-Store,14,2,3.0,6.0
CUST02910,32,Male,Philadelphia,138741,14,47.78,668.92,Books,Online,45,2,4.7,4.9
CUST02911,31,Male,San Antonio,67326,12,52.58,630.96,Sports,Mobile App,31,3,3.4,4.6
CUST02912,18,Male,Houston,95404,7,74.85,523.95,Beauty,In-Store,27,1,4.4,3.7
CUST02913,48,Male,San Diego,58773,15,47.14,707.1,Books,Online,24,2,4.1,5.2
CUST02914,26,Female,Dallas,28221,20,148.64,2972.8,Home & Garden,In-Store,45,1,3.7,6.9
CUST02915,30,Male,San Jose,25474,15,88.33,1324.95,Health,Online,7,1,4.6,5.6
CUST02916,44,Female,New York,61858,15,60.38,905.7,Electronics,Mobile App,15,2,3.3,5.3
CUST02917,29,Male,Philadelphia,29085,7,35.21,246.47,Beauty,In-Store,94,1,4.1,3.2
CUST02918,57,Female,New York,33625,12,76.57,918.84,Automotive,Online,21,0,4.8,4.8
CUST02919,47,Female,Chicago,33098,17,46.35,787.95,Automotive,Online,24,1,3.8,5.6
CUST02920,35,Female,Phoenix,154715,14,50.26,703.64,Groceries,Mobile App,2,2,4.1,5.2
CUST02921,34,Male,Houston,47410,14,121.48,1700.72,Automotive,In-Store,27,3,4.3,5.4
CUST02922,41,Female,New York,39627,15,79.86,1197.9,Electronics,In-Store,15,0,4.5,5.5
CUST02923,56,Female,Dallas,24200,6,218.51,1311.06,Books,In-Store,2,3,4.2,4.0
CUST02924,31,Male,Phoenix,36717,12,90.09,1081.08,Sports,Online,1,1,4.8,5.0
CUST02925,32,Female,Houston,88085,10,36.24,362.4,Electronics,Online,43,0,3.9,4.1
CUST02926,34,Male,San Antonio,36083,9,88.56,797.04,Books,Online,19,0,4.3,4.2
CUST02927,18,Female,Phoenix,38230,13,31.46,408.98,Clothing,Online,45,1,3.7,4.6
CUST02928,27,Female,San Antonio,49210,21,76.23,1600.83,Electronics,Online,59,2,3.7,6.4
CUST02929,41,Female,San Jose,99139,7,70.68,494.76,Groceries,Online,63,0,4.6,3.5
CUST02930,43,Female,San Antonio,49800,10,96.1,961.0,Home & Garden,Mobile App,40,0,4.2,4.3
CUST02931,41,Female,Philadelphia,44431,10,80.58,805.8,Books,In-Store,89,0,3.9,4.0
CUST02932,30,Male,Phoenix,64639,9,18.9,170.1,Toys,Online,34,0,4.4,3.9
CUST02933,38,Male,San Jose,40026,12,113.18,1358.16,Toys,Online,18,0,4.1,5.0
CUST02934,55,Male,Houston,89184,12,36.09,433.08,Books,In-Store,33,1,3.6,4.5
CUST02935,18,Female,Dallas,25342,13,26.66,346.58,Automotive,Online,2,2,3.5,4.8
CUST02936,54,Male,San Diego,20000,14,51.97,727.58,Books,Mobile App,26,0,4.2,5.0
CUST02937,64,Female,Los Angeles,98630,9,54.29,488.61,Toys,Online,23,3,3.5,4.1
CUST02938,30,Non-binary,San Antonio,34283,5,150.97,754.85,Home & Garden,Online,39,3,2.6,3.4
CUST02939,30,Male,Los Angeles,44807,13,170.7,2219.1,Sports,Online,17,2,3.2,5.5
CUST02940,45,Female,Los Angeles,47590,15,107.68,1615.2,Clothing,In-Store,3,1,3.8,5.7
CUST02941,18,Male,San Diego,112649,6,77.88,467.28,Health,Online,43,1,3.2,3.4
CUST02942,26,Male,San Jose,142470,11,59.43,653.73,Toys,In-Store,4,0,4.0,4.6
CUST02943,47,Female,Houston,131049,16,135.62,2169.92,Electronics,In-Store,6,1,3.6,6.1
CUST02944,35,Male,Phoenix,75811,9,183.59,1652.31,Beauty,Mobile App,17,4,2.5,4.6
CUST02945,40,Male,San Jose,71038,9,80.55,724.95,Health,Online,21,0,3.7,4.2
CUST02946,40,Male,Houston,56236,14,84.39,1181.46,Automotive,In-Store,68,3,3.8,4.9
CUST02947,22,Female,Philadelphia,109651,13,80.72,1049.36,Home & Garden,Online,10,2,4.9,5.1
CUST02948,40,Female,Dallas,67579,20,182.89,3657.8,Automotive,Mobile App,3,2,3.7,7.5
CUST02949,29,Non-binary,Los Angeles,43754,8,45.36,362.88,Clothing,Online,19,0,4.3,3.9
CUST02950,63,Male,Chicago,88551,16,40.56,648.96,Electronics,Online,3,2,3.5,5.5
CUST02951,37,Female,Chicago,26353,9,256.12,2305.08,Home & Garden,Online,25,0,4.6,4.8
CUST02952,57,Non-binary,New York,70578,11,57.27,629.97,Books,Online,26,1,3.9,4.4
CUST02953,48,Female,Dallas,103117,17,243.07,4132.19,Toys,Online,8,0,4.1,7.1
CUST02954,29,Female,San Antonio,32174,9,62.5,562.5,Books,Online,28,0,4.5,4.1
CUST02955,18,Male,Phoenix,23908,10,238.76,2387.6,Sports,In-Store,7,2,3.8,5.1
CUST02956,33,Female,Philadelphia,32762,8,31.63,253.04,Health,In-Store,50,2,3.8,3.6
CUST02957,18,Male,Dallas,101483,10,72.29,722.9,Home & Garden,Mobile App,5,1,3.9,4.4
CUST02958,24,Female,Philadelphia,23323,13,103.8,1349.4,Automotive,In-Store,11,2,3.1,5.2
CUST02959,39,Male,Houston,154368,14,63.4,887.6,Beauty,Mobile App,7,0,4.0,5.2
CUST02960,27,Female,Chicago,106598,14,42.97,601.58,Groceries,In-Store,15,1,3.6,5.0
CUST02961,44,Female,New York,51145,13,119.15,1548.95,Beauty,Online,25,4,3.7,5.2
CUST02962,56,Male,Los Angeles,112603,15,165.52,2482.8,Electronics,Online,66,1,3.7,5.7
CUST02963,45,Male,Los Angeles,73882,13,126.25,1641.25,Automotive,Online,36,4,3.8,5.2
CUST02964,41,Male,San Jose,100492,12,70.66,847.92,Toys,In-Store,26,1,3.0,4.7
CUST02965,52,Male,Dallas,206114,11,52.17,573.87,Home & Garden,Online,34,2,4.0,4.4
CUST02966,31,Male,Houston,30977,12,25.45,305.4,Sports,Online,2,2,3.5,4.6
CUST02967,25,Female,San Antonio,69516,12,95.93,1151.16,Health,In-Store,11,1,3.8,4.9
CUST02968,41,Male,San Antonio,30743,18,173.95,3131.1,Sports,In-Store,10,2,4.6,6.8
CUST02969,51,Female,Houston,44574,10,41.16,411.6,Clothing,In-Store,38,2,3.2,4.1
CUST02970,49,Male,Houston,90439,14,28.85,403.9,Sports,Online,1,1,3.1,5.0
CUST02971,50,Female,Chicago,81416,16,34.45,551.2,Automotive,In-Store,31,2,4.3,5.3
CUST02972,37,Female,Philadelphia,20000,9,59.64,536.76,Health,In-Store,31,1,2.8,4.0
CUST02973,45,Female,Phoenix,46356,9,23.27,209.43,Health,In-Store,21,1,4.2,3.9
CUST02974,18,Male,Chicago,37741,8,32.19,257.52,Electronics,In-Store,6,3,3.1,3.9
CUST02975,65,Non-binary,Los Angeles,67989,11,58.5,643.5,Health,Online,26,1,4.0,4.5
CUST02976,32,Male,New York,30217,13,27.55,358.15,Beauty,Online,16,2,3.8,4.7
CUST02977,40,Female,Chicago,29145,7,74.46,521.22,Automotive,Mobile App,87,2,3.0,3.3
CUST02978,47,Male,San Diego,22652,11,123.44,1357.84,Beauty,Online,44,1,4.2,4.6
CUST02979,64,Female,Houston,90250,18,26.59,478.62,Automotive,Online,3,2,3.6,5.8
CUST02980,23,Female,San Diego,25680,13,56.98,740.74,Beauty,Online,18,3,3.9,4.9
CUST02981,42,Female,Dallas,96028,12,42.52,510.24,Clothing,Mobile App,39,0,4.3,4.5
CUST02982,28,Female,Chicago,29997,8,204.69,1637.52,Sports,In-Store,11,1,4.7,4.4
CUST02983,29,Female,Dallas,92508,15,73.36,1100.4,Toys,Online,2,2,3.9,5.5
CUST02984,42,Female,Los Angeles,38697,17,253.4,4307.8,Automotive,Mobile App,26,3,3.9,7.1
CUST02985,54,Female,Chicago,26279,9,231.52,2083.68,Electronics,Mobile App,17,1,3.8,4.8
CUST02986,28,Female,Philadelphia,112332,18,26.83,482.94,Books,Online,2,3,3.0,5.8
CUST02987,31,Female,Houston,41865,10,71.27,712.7,Books,Online,55,1,3.9,4.1
CUST02988,27,Female,New York,30485,13,164.78,2142.14,Home & Garden,Online,30,0,3.5,5.4
CUST02989,28,Female,New York,98788,11,60.87,669.57,Health,Online,1,5,2.8,4.6
CUST02990,40,Male,Philadelphia,49019,14,79.29,1110.06,Sports,In-Store,65,3,3.9,4.9
CUST02991,26,Male,Phoenix,37987,17,106.29,1806.93,Electronics,In-Store,15,3,3.8,6.1
CUST02992,48,Female,San Antonio,97679,8,43.51,348.08,Electronics,Mobile App,40,2,3.4,3.7
CUST02993,42,Female,Phoenix,49274,17,308.59,5246.03,Electronics,Mobile App,24,2,4.7,7.5
CUST02994,47,Female,San Diego,47762,12,89.63,1075.56,Health,In-Store,2,1,3.1,5.0
CUST02995,27,Female,San Diego,123524,13,203.59,2646.67,Automotive,Mobile App,2,2,4.2,5.8
CUST02996,56,Male,New York,122819,18,89.59,1612.62,Health,Mobile App,2,3,4.5,6.2
CUST02997,33,Male,Chicago,72624,16,46.39,742.24,Groceries,Online,2,2,3.5,5.5
CUST02998,42,Female,Los Angeles,61978,7,131.12,917.84,Electronics,Online,66,0,4.5,3.6
CUST02999,48,Female,Philadelphia,37852,17,23.17,393.89,Clothing,Mobile App,9,2,3.2,5.5
CUST03000,42,Male,Houston,76605,9,54.3,488.7,Health,In-Store,28,2,3.2,4.0
CUST03001,26,Male,Philadelphia,66760,18,80.11,1441.98,Groceries,Mobile App,19,3,3.6,6.1
CUST03002,59,Female,Philadelphia,70903,16,234.09,3745.44,Automotive,Online,16,0,3.6,6.7
CUST03003,41,Female,San Antonio,104949,15,198.31,2974.65,Electronics,Online,108,3,3.7,5.6
CUST03004,32,Female,Dallas,37428,7,90.68,634.76,Groceries,In-Store,110,0,3.2,3.2
CUST03005,23,Male,San Diego,53910,9,212.43,1911.87,Electronics,Online,13,2,2.7,4.7
CUST03006,31,Male,Dallas,26599,11,53.39,587.29,Books,Online,1,0,4.1,4.6
CUST03007,35,Female,New York,20000,16,23.23,371.68,Sports,Online,1,1,3.3,5.4
CUST03008,29,Male,Philadelphia,39463,7,175.31,1227.17,Toys,In-Store,33,1,4.2,4.0
CUST03009,61,Female,San Jose,52924,12,43.46,521.52,Toys,Online,17,1,3.7,4.6
CUST03010,47,Female,Chicago,56995,10,83.49,834.9,Clothing,Online,4,1,4.1,4.5
CUST03011,60,Female,New York,94818,13,151.38,1967.94,Groceries,In-Store,132,2,3.2,4.7
CUST03012,41,Male,Philadelphia,45179,12,29.32,351.84,Toys,Online,2,1,4.1,4.7
CUST03013,62,Female,Houston,97459,12,56.31,675.72,Sports,Mobile App,6,1,3.9,4.8
CUST03014,18,Female,Houston,46967,12,121.25,1455.0,Groceries,Online,30,2,3.8,5.0
CUST03015,40,Male,Phoenix,82622,16,43.48,695.68,Groceries,Online,26,1,4.7,5.4
CUST03016,18,Female,San Antonio,52295,13,68.18,886.34,Home & Garden,Mobile App,26,2,3.3,4.9
CUST03017,18,Male,Houston,73320,8,267.75,2142.0,Groceries,Mobile App,6,5,3.4,4.7
CUST03018,35,Male,San Diego,25489,13,61.34,797.42,Sports,Online,29,1,3.1,4.9
CUST03019,68,Male,Philadelphia,20000,9,38.39,345.51,Beauty,In-Store,13,0,3.7,4.1
CUST03020,18,Female,Chicago,95843,17,90.16,1532.72,Electronics,Mobile App,34,2,3.6,5.8
CUST03021,32,Female,Chicago,61949,11,137.86,1516.46,Automotive,In-Store,26,3,4.0,4.8
CUST03022,24,Non-binary,San Antonio,43113,11,145.18,1596.98,Beauty,In-Store,12,1,4.3,4.9
CUST03023,36,Female,Phoenix,63090,13,60.73,789.49,Home & Garden,Online,12,1,4.3,5.0
CUST03024,44,Female,Dallas,54581,7,146.1,1022.7,Sports,Online,120,1,3.7,3.3
CUST03025,40,Female,Phoenix,29831,7,112.23,785.61,Home & Garden,Online,96,0,4.4,3.4
CUST03026,43,Male,Los Angeles,38512,14,16.98,237.72,Automotive,In-Store,21,2,3.8,4.8
CUST03027,39,Male,Chicago,44323,16,28.09,449.44,Toys,In-Store,51,4,3.5,5.1
CUST03028,37,Male,San Antonio,20000,13,48.4,629.2,Health,Mobile App,18,0,3.8,4.9
CUST03029,46,Male,Los Angeles,127989,15,153.66,2304.9,Beauty,Mobile App,1,0,3.4,6.0
CUST03030,39,Male,San Antonio,32340,17,20.98,356.66,Toys,Online,1,0,4.6,5.5
CUST03031,42,Female,Los Angeles,52941,10,26.11,261.1,Groceries,Mobile App,8,1,3.3,4.2
CUST03032,28,Male,San Diego,20000,10,31.56,315.6,Automotive,Online,20,1,3.4,4.2
CUST03033,20,Male,San Jose,25089,9,115.61,1040.49,Toys,In-Store,28,0,3.2,4.3
CUST03034,28,Female,San Antonio,36529,5,34.34,171.7,Toys,Mobile App,69,1,3.8,2.9
CUST03035,58,Male,Philadelphia,47114,25,49.33,1233.25,Health,Online,2,1,4.5,7.3
CUST03036,33,Female,Phoenix,49508,14,25.27,353.78,Electronics,Mobile App,11,0,3.9,5.0
CUST03037,28,Female,Dallas,69663,13,96.62,1256.06,Clothing,Online,15,3,4.6,5.1
CUST03038,50,Female,San Jose,52154,16,72.09,1153.44,Books,In-Store,10,4,3.1,5.7
CUST03039,36,Male,Chicago,46227,13,47.49,617.37,Sports,Mobile App,5,2,3.9,4.9
CUST03040,32,Female,Dallas,46667,3,140.58,421.74,Home & Garden,Mobile App,36,0,4.1,2.9
CUST03041,47,Female,Chicago,62625,7,80.26,561.82,Groceries,In-Store,59,1,3.8,3.5
CUST03042,36,Female,New York,53439,7,23.86,167.02,Clothing,Online,58,0,3.5,3.3
CUST03043,18,Female,Philadelphia,69248,15,49.63,744.45,Toys,Online,38,1,3.9,5.1
CUST03044,29,Male,Chicago,30884,13,128.5,1670.5,Home & Garden,Mobile App,61,0,3.5,5.0
CUST03045,59,Male,Los Angeles,20768,13,256.42,3333.46,Groceries,Online,4,1,4.3,6.1
CUST03046,32,Male,Los Angeles,64792,12,94.41,1132.92,Home & Garden,Online,10,3,4.0,4.9
CUST03047,38,Female,Philadelphia,45184,19,75.14,1427.66,Electronics,Online,6,5,4.1,6.3
CUST03048,46,Male,San Diego,60567,10,142.38,1423.8,Automotive,In-Store,2,2,3.3,4.8
CUST03049,44,Female,San Diego,55484,11,59.67,656.37,Books,Mobile App,11,2,3.4,4.6
CUST03050,36,Female,Los Angeles,76069,16,46.9,750.4,Books,Online,12,1,2.9,5.5
CUST03051,31,Female,Chicago,27635,13,41.48,539.24,Books,In-Store,5,2,2.6,4.9
CUST03052,32,Female,San Antonio,26005,16,97.11,1553.76,Health,Online,16,0,2.8,5.8
CUST03053,35,Male,San Diego,40945,20,33.52,670.4,Health,Online,12,3,3.0,6.1
CUST03054,30,Female,Chicago,88810,11,75.55,831.05,Home & Garden,Online,49,1,4.0,4.4
CUST03055,47,Male,New York,71679,12,108.09,1297.08,Health,In-Store,12,2,3.9,5.0
CUST03056,27,Male,Los Angeles,67915,6,67.9,407.4,Home & Garden,Online,119,3,3.7,2.9
CUST03057,31,Male,Houston,29853,9,52.71,474.39,Sports,Online,85,2,3.4,3.7
CUST03058,19,Male,Chicago,32898,11,16.53,181.83,Books,Online,1,3,4.0,4.4
CUST03059,18,Male,San Diego,137650,10,102.16,1021.6,Electronics,Online,8,2,3.9,4.6
CUST03060,47,Female,Chicago,49106,12,66.65,799.8,Groceries,Online,12,2,4.0,4.8
CUST03061,24,Female,Los Angeles,41262,12,61.24,734.88,Toys,Mobile App,25,2,4.0,4.7
CUST03062,28,Male,Los Angeles,92908,8,26.42,211.36,Books,Mobile App,165,2,3.1,2.9
CUST03063,32,Male,Philadelphia,96101,12,93.31,1119.72,Groceries,In-Store,2,3,3.7,5.0
CUST03064,40,Male,San Diego,100820,6,106.8,640.8,Electronics,Online,21,0,4.0,3.6
CUST03065,24,Female,San Antonio,87800,13,86.78,1128.14,Books,In-Store,3,1,3.8,5.2
CUST03066,23,Male,Phoenix,127647,7,19.02,133.14,Clothing,In-Store,30,0,3.5,3.5
CUST03067,32,Female,San Diego,37631,11,62.08,682.88,Automotive,Online,36,0,4.2,4.4
CUST03068,33,Male,Philadelphia,60226,10,166.38,1663.8,Automotive,Mobile App,3,3,4.4,4.9
CUST03069,26,Male,Chicago,54056,8,227.33,1818.64,Books,In-Store,28,0,4.0,4.4
CUST03070,23,Male,Los Angeles,43495,15,258.77,3881.55,Groceries,Online,6,0,3.9,6.7
CUST03071,30,Female,San Jose,51536,13,60.42,785.46,Sports,Online,74,2,2.7,4.6
CUST03072,49,Female,San Diego,100806,17,41.59,707.03,Books,Online,58,2,3.6,5.3
CUST03073,33,Male,Los Angeles,33249,13,112.47,1462.11,Toys,Online,7,2,3.6,5.3
CUST03074,37,Male,San Jose,42804,14,246.11,3445.54,Beauty,Online,39,1,4.2,6.1
CUST03075,35,Male,Phoenix,106955,16,44.72,715.52,Electronics,In-Store,31,2,3.5,5.3
CUST03076,19,Male,Philadelphia,57750,11,67.26,739.86,Books,Online,6,1,2.6,4.6
CUST03077,40,Male,New York,34905,18,45.42,817.56,Health,Online,3,1,4.2,5.9
CUST03078,18,Female,Dallas,23594,11,10,110,Books,Online,2,0,3.7,4.4
CUST03079,18,Male,Los Angeles,50651,17,64.81,1101.77,Groceries,In-Store,91,2,3.6,5.3
CUST03080,20,Female,San Antonio,47048,14,56.45,790.3,Sports,Online,36,2,3.6,5.0
CUST03081,28,Male,San Jose,58771,10,46.17,461.7,Home & Garden,Mobile App,58,1,4.3,4.0
CUST03082,38,Female,Dallas,88052,14,152.11,2129.54,Health,Online,9,0,3.9,5.7
CUST03083,38,Male,Philadelphia,49671,11,45.12,496.32,Electronics,Online,18,0,4.1,4.4
CUST03084,33,Non-binary,Los Angeles,51108,13,26.65,346.45,Books,In-Store,3,1,3.8,4.8
CUST03085,50,Female,Philadelphia,85338,11,90.47,995.17,Sports,Online,135,2,3.9,3.9
CUST03086,26,Male,Phoenix,20000,11,75.46,830.06,Clothing,Mobile App,26,1,3.7,4.5
CUST03087,23,Male,Los Angeles,130971,12,41.25,495.0,Home & Garden,In-Store,36,1,3.5,4.5
CUST03088,18,Non-binary,San Jose,26061,14,228.63,3200.82,Automotive,In-Store,35,2,4.4,6.0
CUST03089,34,Female,New York,33001,15,45.64,684.6,Beauty,In-Store,46,2,3.6,5.1
CUST03090,27,Male,San Antonio,32671,8,53.55,428.4,Sports,In-Store,50,0,3.7,3.7
CUST03091,33,Female,Phoenix,68903,10,57.12,571.2,Automotive,In-Store,12,3,3.3,4.3
CUST03092,19,Female,Chicago,42708,16,34.3,548.8,Sports,Online,11,2,3.2,5.4
CUST03093,42,Male,New York,27474,13,49.29,640.77,Books,In-Store,12,1,4.3,4.9
CUST03094,18,Male,San Diego,88730,10,37.56,375.6,Health,In-Store,9,2,2.6,4.3
CUST03095,38,Female,Los Angeles,85085,12,87.27,1047.24,Home & Garden,Online,19,1,3.4,4.8
CUST03096,53,Female,Houston,156236,16,32.1,513.6,Clothing,In-Store,22,1,3.7,5.3
CUST03097,26,Female,San Jose,53202,14,19.22,269.08,Toys,In-Store,34,3,3.6,4.8
CUST03098,46,Female,Philadelphia,38988,13,263.81,3429.53,Automotive,Online,6,1,4.0,6.1
CUST03099,50,Female,New York,25305,8,85.52,684.16,Beauty,Online,31,0,4.4,3.9
CUST03100,48,Male,San Diego,20000,8,42.56,340.48,Groceries,Online,5,0,2.7,3.9
CUST03101,54,Female,Houston,40307,14,32.15,450.1,Automotive,In-Store,23,6,2.6,4.9
CUST03102,42,Female,Phoenix,22525,14,24.56,343.84,Books,Online,48,0,5.0,4.7
CUST03103,31,Female,Los Angeles,116943,17,177.07,3010.19,Toys,In-Store,4,2,4.5,6.7
CUST03104,37,Male,Houston,23974,7,142.29,996.03,Automotive,Online,46,0,3.7,3.8
CUST03105,40,Male,Philadelphia,49812,14,39.12,547.68,Toys,In-Store,10,3,3.3,5.0
CUST03106,52,Male,San Jose,71318,15,27.92,418.8,Health,Online,27,3,3.1,5.1
CUST03107,43,Male,San Antonio,60044,13,81.4,1058.2,Books,Mobile App,66,0,3.3,4.7
CUST03108,54,Male,Phoenix,65749,7,25.37,177.59,Automotive,In-Store,11,0,3.6,3.6
CUST03109,41,Non-binary,San Antonio,28652,14,102.88,1440.32,Automotive,Online,55,4,3.5,5.1
CUST03110,41,Female,Los Angeles,33649,7,274.66,1922.62,Clothing,Online,135,1,3.7,3.6
CUST03111,51,Male,Los Angeles,26347,11,41.09,451.99,Health,Online,18,2,2.5,4.4
CUST03112,60,Female,San Antonio,43294,17,54.85,932.45,Automotive,Online,17,1,3.5,5.7
CUST03113,38,Female,San Antonio,47465,9,73.8,664.2,Health,Online,142,4,3.0,3.4
CUST03114,29,Female,Los Angeles,78344,17,98.92,1681.64,Beauty,In-Store,4,1,3.5,6.1
CUST03115,31,Female,Houston,73863,13,61.45,798.85,Books,Online,8,0,3.8,5.0
CUST03116,18,Male,San Diego,25113,14,69.32,970.48,Groceries,Mobile App,1,3,3.2,5.3
CUST03117,25,Male,Phoenix,20000,12,40.14,481.68,Electronics,In-Store,3,0,4.4,4.7
CUST03118,34,Male,San Diego,46435,8,133.28,1066.24,Groceries,In-Store,84,0,3.7,3.7
CUST03119,41,Male,San Jose,29989,10,28.15,281.5,Books,Mobile App,48,2,3.6,4.0
CUST03120,60,Male,New York,41195,11,27.64,304.04,Health,Online,32,2,3.7,4.3
CUST03121,37,Female,Dallas,28232,14,42.67,597.38,Clothing,In-Store,18,3,3.9,5.0
CUST03122,40,Female,New York,27527,12,56.94,683.28,Beauty,In-Store,23,2,4.0,4.7
CUST03123,45,Male,San Diego,42379,11,45.55,501.05,Clothing,Mobile App,50,2,3.7,4.2
CUST03124,34,Male,San Jose,83177,16,40.03,640.48,Books,In-Store,1,0,4.1,5.5
CUST03125,20,Female,Chicago,86641,15,48.85,732.75,Toys,Online,11,0,3.3,5.3
CUST03126,27,Female,Chicago,72845,17,54.71,930.07,Toys,Mobile App,1,2,4.1,5.8
CUST03127,46,Female,Philadelphia,33586,12,71.02,852.24,Groceries,Online,1,1,3.6,4.9
CUST03128,43,Female,Houston,28747,11,69.52,764.72,Health,Online,77,0,2.9,4.2
CUST03129,18,Male,San Jose,30895,15,64.82,972.3,Toys,Mobile App,50,1,4.5,5.1
CUST03130,40,Female,San Diego,20116,10,118.44,1184.4,Automotive,In-Store,100,3,3.5,4.0
CUST03131,34,Female,Philadelphia,29742,15,36.24,543.6,Groceries,Online,12,3,3.9,5.2
CUST03132,28,Female,Los Angeles,69913,12,31.09,373.08,Electronics,In-Store,13,2,3.8,4.6
CUST03133,46,Female,San Antonio,49476,19,112.43,2136.17,Automotive,Mobile App,1,1,2.9,6.7
CUST03134,45,Female,Los Angeles,24796,11,53.89,592.79,Books,Mobile App,1,0,4.5,4.6
CUST03135,27,Female,Dallas,32986,13,73.06,949.78,Clothing,In-Store,4,0,4.3,5.1
CUST03136,18,Female,Dallas,80127,18,10,180,Electronics,Online,24,6,3.3,5.5
CUST03137,32,Female,New York,60989,11,44.48,489.28,Sports,Mobile App,32,2,4.8,4.4
CUST03138,40,Female,New York,96076,10,38.97,389.7,Beauty,Online,15,1,4.0,4.2
CUST03139,65,Female,San Diego,45920,14,54.34,760.76,Books,In-Store,31,3,4.1,5.0
CUST03140,49,Male,Phoenix,25427,14,88.96,1245.44,Health,In-Store,27,1,4.3,5.2
CUST03141,57,Male,Chicago,38010,13,55.2,717.6,Beauty,Online,37,2,2.7,4.8
CUST03142,25,Male,Houston,30567,15,272.55,4088.25,Toys,Online,81,7,2.9,6.3
CUST03143,24,Male,Los Angeles,20000,14,61.01,854.14,Toys,Mobile App,11,2,4.3,5.2
CUST03144,27,Female,Houston,66982,11,81.68,898.48,Sports,Online,15,1,3.2,4.6
CUST03145,29,Female,Philadelphia,88633,10,26.15,261.5,Toys,In-Store,27,3,2.2,4.1
CUST03146,28,Female,San Jose,55087,14,30.47,426.58,Electronics,In-Store,23,1,2.7,4.9
CUST03147,23,Male,Phoenix,42840,15,76.57,1148.55,Electronics,Online,27,2,3.2,5.4
CUST03148,18,Male,Philadelphia,40036,23,82.83,1905.09,Sports,Online,65,1,3.8,6.9
CUST03149,18,Female,San Jose,98072,15,64.37,965.55,Sports,Online,4,4,2.8,5.4
CUST03150,33,Male,Phoenix,34750,12,57.6,691.2,Groceries,In-Store,87,2,3.3,4.3
CUST03151,32,Female,Chicago,26166,9,119.27,1073.43,Health,Online,13,2,4.4,4.4
CUST03152,23,Male,Houston,75389,13,49.34,641.42,Electronics,Mobile App,18,2,4.8,4.9
CUST03153,35,Female,Chicago,39306,11,30.65,337.15,Health,Online,40,1,4.1,4.2
CUST03154,41,Male,Dallas,51985,13,233.84,3039.92,Automotive,Online,46,1,3.8,5.7
CUST03155,36,Female,Chicago,44801,16,22.32,357.12,Beauty,In-Store,45,4,3.0,5.1
CUST03156,30,Female,Dallas,39341,12,60.94,731.28,Beauty,In-Store,29,0,3.9,4.6
CUST03157,30,Male,San Diego,48216,14,26.51,371.14,Groceries,Mobile App,8,4,3.9,5.0
CUST03158,42,Female,San Diego,65762,8,74.8,598.4,Books,Online,21,0,3.8,3.9
CUST03159,41,Female,Philadelphia,62298,10,110.75,1107.5,Home & Garden,Online,45,1,4.1,4.4
CUST03160,43,Male,Phoenix,69061,12,158.44,1901.28,Health,In-Store,41,3,3.6,5.1
CUST03161,34,Female,Houston,21239,9,105.95,953.55,Beauty,Online,87,1,3.0,3.9
CUST03162,42,Female,New York,82735,9,107.33,965.97,Automotive,Mobile App,34,0,4.4,4.2
CUST03163,30,Female,Philadelphia,83628,15,37.01,555.15,Electronics,Online,3,1,3.5,5.3
CUST03164,54,Male,Philadelphia,122317,13,92.42,1201.46,Automotive,Online,2,0,3.3,5.2
CUST03165,35,Female,Dallas,160526,15,69.31,1039.65,Automotive,Mobile App,35,5,2.0,5.3
CUST03166,45,Non-binary,New York,44379,14,86.16,1206.24,Toys,In-Store,4,1,4.6,5.4
CUST03167,37,Male,Phoenix,40758,15,29.82,447.3,Groceries,In-Store,39,2,3.9,5.0
CUST03168,41,Female,Houston,41879,12,69.46,833.52,Home & Garden,In-Store,30,0,3.9,4.7
CUST03169,37,Male,New York,46954,13,36.87,479.31,Health,Online,176,3,3.5,3.8
CUST03170,27,Male,Houston,32591,12,72.02,864.24,Clothing,Mobile App,76,1,3.4,4.4
CUST03171,40,Male,Phoenix,29594,16,72.9,1166.4,Electronics,Online,1,2,3.5,5.7
CUST03172,38,Male,San Jose,80632,8,85.76,686.08,Toys,Online,32,1,3.5,3.9
CUST03173,31,Female,New York,54773,13,64.6,839.8,Beauty,In-Store,8,3,3.5,5.0
CUST03174,31,Male,San Diego,24358,10,132.07,1320.7,Clothing,Online,4,0,4.3,4.7
CUST03175,45,Male,Los Angeles,25564,12,95.77,1149.24,Automotive,In-Store,1,1,3.3,5.0
CUST03176,36,Female,Phoenix,40469,16,51.36,821.76,Health,Online,1,1,3.9,5.6
CUST03177,50,Male,Los Angeles,71446,16,105.17,1682.72,Toys,In-Store,33,0,4.0,5.7
CUST03178,47,Male,San Jose,49152,11,33.58,369.38,Toys,Mobile App,5,0,4.0,4.5
CUST03179,39,Male,San Antonio,46858,14,24.49,342.86,Health,Online,6,4,4.2,5.0
CUST03180,34,Female,Philadelphia,44167,13,34.08,443.04,Automotive,Online,5,3,3.9,4.9
CUST03181,33,Male,Phoenix,57960,8,53.02,424.16,Sports,Mobile App,128,1,2.5,3.2
CUST03182,34,Male,Phoenix,25037,11,123.43,1357.73,Automotive,In-Store,3,2,3.3,4.9
CUST03183,42,Female,Los Angeles,92001,13,80.47,1046.11,Groceries,Online,13,1,4.1,5.1
CUST03184,48,Male,Dallas,43828,8,113.55,908.4,Toys,Online,136,3,3.3,3.3
CUST03185,18,Male,San Antonio,54248,13,106.91,1389.83,Sports,Online,24,1,3.4,5.1
CUST03186,42,Female,Philadelphia,27501,13,33.5,435.5,Automotive,Mobile App,18,4,2.7,4.8
CUST03187,45,Male,Los Angeles,30174,11,35.26,387.86,Home & Garden,Online,6,1,3.7,4.5
CUST03188,41,Female,Philadelphia,45431,14,48.99,685.86,Automotive,Online,23,2,3.4,5.0
CUST03189,35,Female,San Jose,42756,22,84.44,1857.68,Home & Garden,In-Store,1,4,4.0,7.1
CUST03190,41,Male,Chicago,31063,9,90.17,811.53,Home & Garden,In-Store,69,0,3.6,3.9
CUST03191,39,Female,Chicago,39810,13,171.25,2226.25,Health,In-Store,22,3,3.6,5.5
CUST03192,51,Male,Dallas,43586,7,127.87,895.09,Toys,In-Store,46,1,4.1,3.7
CUST03193,35,Female,Phoenix,73736,15,41.06,615.9,Home & Garden,Mobile App,27,1,3.3,5.1
CUST03194,31,Male,Phoenix,32689,8,48.02,384.16,Beauty,Online,23,3,4.0,3.8
CUST03195,18,Male,Philadelphia,20953,12,114.24,1370.88,Beauty,Online,20,0,3.7,5.0
CUST03196,53,Male,San Antonio,61177,9,96.36,867.24,Books,Online,42,2,3.5,4.1
CUST03197,38,Female,New York,32575,7,64.84,453.88,Books,Online,34,0,4.0,3.6
CUST03198,23,Female,San Diego,64489,15,40.14,602.1,Sports,Online,2,1,4.6,5.3
CUST03199,19,Female,Houston,30956,13,72.08,937.04,Sports,Online,70,0,4.9,4.7
CUST03200,51,Male,Philadelphia,95326,20,35.61,712.2,Books,In-Store,5,3,3.4,6.2
CUST03201,31,Male,Dallas,41838,10,114.05,1140.5,Home & Garden,In-Store,25,0,4.1,4.5
CUST03202,37,Female,San Diego,43694,12,23.24,278.88,Sports,Online,8,1,4.2,4.6
CUST03203,60,Male,Philadelphia,46834,15,188.82,2832.3,Toys,Mobile App,7,2,4.3,6.2
CUST03204,29,Female,New York,20054,12,57.2,686.4,Books,In-Store,71,1,4.7,4.4
CUST03205,33,Female,San Diego,78140,9,69.62,626.58,Home & Garden,Online,14,1,3.4,4.2
CUST03206,30,Female,San Antonio,144643,13,39.52,513.76,Electronics,Online,10,1,4.1,4.9
CUST03207,40,Female,Phoenix,103576,10,38.39,383.9,Automotive,Online,22,0,4.6,4.2
CUST03208,18,Female,Los Angeles,92426,11,139.15,1530.65,Toys,Online,18,0,5.0,4.9
CUST03209,48,Female,Philadelphia,57480,7,22.27,155.89,Books,Mobile App,1,0,4.1,3.7
CUST03210,25,Female,San Jose,29872,20,102.81,2056.2,Sports,In-Store,2,2,4.2,6.8
CUST03211,38,Female,San Diego,60014,10,146.87,1468.7,Home & Garden,Online,6,1,3.4,4.8
CUST03212,32,Female,Phoenix,85692,9,125.31,1127.79,Automotive,In-Store,17,2,3.9,4.4
CUST03213,39,Male,New York,94083,13,50.6,657.8,Groceries,In-Store,19,0,4.3,4.9
CUST03214,50,Male,Philadelphia,26248,11,46.84,515.24,Beauty,Mobile App,27,3,4.0,4.4
CUST03215,20,Male,Houston,20000,10,40.4,404.0,Groceries,Online,1,3,3.9,4.3
CUST03216,48,Male,Philadelphia,28942,7,101.56,710.92,Beauty,Online,1,0,4.0,3.9
CUST03217,48,Non-binary,Phoenix,181124,7,21.29,149.03,Sports,In-Store,77,0,3.6,3.2
CUST03218,50,Female,Chicago,63989,17,110.34,1875.78,Clothing,In-Store,3,0,3.2,6.2
CUST03219,49,Male,San Diego,60728,5,24.32,121.6,Electronics,Mobile App,69,0,4.2,2.9
CUST03220,39,Male,Dallas,28139,16,44.64,714.24,Beauty,Online,49,3,4.0,5.2
CUST03221,43,Male,New York,20259,9,115.67,1041.03,Automotive,Mobile App,67,0,4.8,4.0
CUST03222,35,Male,Dallas,65666,18,95.0,1710.0,Toys,Online,8,0,4.8,6.3
CUST03223,33,Male,Los Angeles,51095,12,36.66,439.92,Clothing,In-Store,12,6,2.4,4.6
CUST03224,45,Non-binary,Los Angeles,33730,13,42.88,557.44,Automotive,Online,48,2,3.9,4.6
CUST03225,34,Female,Los Angeles,71496,11,109.38,1203.18,Health,Mobile App,9,1,3.9,4.8
CUST03226,36,Female,Houston,129850,15,68.17,1022.55,Clothing,In-Store,23,1,3.7,5.3
CUST03227,26,Male,Phoenix,49784,8,113.45,907.6,Toys,Online,32,0,3.6,4.0
CUST03228,37,Female,Chicago,48993,16,39.05,624.8,Beauty,Online,22,2,3.4,5.4
CUST03229,27,Female,Philadelphia,53450,9,44.15,397.35,Toys,In-Store,28,1,3.7,4.0
CUST03230,50,Female,San Antonio,61612,10,72.79,727.9,Electronics,Online,29,0,3.8,4.3
CUST03231,44,Male,San Jose,73680,9,115.51,1039.59,Books,Online,5,1,3.2,4.4
CUST03232,23,Male,San Antonio,56961,14,50.55,707.7,Groceries,Online,1,4,3.2,5.2
CUST03233,39,Male,Philadelphia,28249,11,50.49,555.39,Automotive,Online,41,0,3.5,4.3
CUST03234,49,Female,San Jose,40783,8,284.33,2274.64,Beauty,Mobile App,63,0,5.0,4.4
CUST03235,36,Female,San Jose,118429,12,67.65,811.8,Groceries,Online,12,1,3.9,4.8
CUST03236,27,Male,Phoenix,75042,20,125.59,2511.8,Groceries,Online,14,4,3.4,6.9
CUST03237,23,Female,New York,107935,13,55.0,715.0,Groceries,In-Store,10,1,3.6,4.9
CUST03238,35,Female,Philadelphia,86725,21,73.64,1546.44,Beauty,Mobile App,87,1,3.3,6.2
CUST03239,39,Female,Houston,144513,10,20.26,202.6,Sports,Online,3,0,4.0,4.2
CUST03240,18,Non-binary,Houston,55453,4,92.79,371.16,Home & Garden,In-Store,80,1,3.6,2.8
CUST03241,59,Male,San Diego,48247,14,116.39,1629.46,Clothing,Mobile App,26,2,3.8,5.4
CUST03242,44,Male,San Diego,49801,10,25.77,257.7,Home & Garden,Online,29,0,4.2,4.1
CUST03243,59,Male,San Antonio,107502,11,38.72,425.92,Home & Garden,Online,22,0,3.4,4.4
CUST03244,46,Male,Los Angeles,82844,9,85.54,769.86,Clothing,Mobile App,47,1,3.7,4.0
CUST03245,37,Female,San Jose,52613,12,35.19,422.28,Automotive,Online,23,3,4.1,4.6
CUST03246,30,Female,Los Angeles,76984,8,117.21,937.68,Toys,In-Store,47,1,3.7,3.9
CUST03247,48,Male,Philadelphia,91070,13,60.21,782.73,Books,Online,4,4,3.6,5.0
CUST03248,41,Non-binary,Dallas,35475,16,110.51,1768.16,Beauty,Online,44,1,3.9,5.7
CUST03249,38,Female,San Diego,21778,13,153.89,2000.57,Electronics,Online,16,0,3.8,5.4
CUST03250,31,Female,San Antonio,66416,11,883.72,9720.92,Clothing,Online,8,1,3.9,8.4
CUST03251,27,Female,Los Angeles,63964,13,66.45,863.85,Books,Mobile App,14,1,3.6,5.0
CUST03252,47,Female,Houston,20607,9,73.25,659.25,Clothing,In-Store,53,1,4.2,3.9
CUST03253,49,Female,San Diego,67651,16,232.05,3712.8,Electronics,Mobile App,14,1,2.9,6.7
CUST03254,41,Male,Philadelphia,42824,5,161.47,807.35,Electronics,Online,59,1,3.2,3.3
CUST03255,33,Male,San Jose,70733,9,58.82,529.38,Electronics,Online,17,0,3.7,4.1
CUST03256,34,Male,San Diego,85272,8,155.18,1241.44,Electronics,Online,98,1,3.9,3.7
CUST03257,50,Female,Phoenix,47700,14,204.23,2859.22,Beauty,In-Store,12,0,4.1,6.0
CUST03258,18,Female,San Antonio,52868,10,74.06,740.6,Groceries,Online,42,2,4.1,4.2
CUST03259,19,Female,Chicago,28308,9,187.08,1683.72,Groceries,Online,12,1,4.1,4.6
CUST03260,43,Female,Chicago,64781,9,88.56,797.04,Electronics,Online,33,2,4.4,4.1
CUST03261,53,Male,Philadelphia,55077,17,56.39,958.63,Sports,In-Store,62,2,3.6,5.4
CUST03262,39,Male,New York,39735,13,53.95,701.35,Beauty,Online,46,0,3.6,4.7
CUST03263,36,Male,Chicago,24261,19,132.85,2524.15,Books,Online,3,2,4.7,6.8
CUST03264,34,Male,San Jose,29142,9,83.83,754.47,Automotive,Online,55,2,3.1,4.0
CUST03265,24,Male,Philadelphia,23915,9,161.78,1456.02,Home & Garden,Online,125,0,4.0,3.8
CUST03266,43,Non-binary,Los Angeles,61686,11,66.09,726.99,Toys,Online,16,0,4.2,4.6
CUST03267,38,Male,Dallas,38492,11,25.16,276.76,Toys,Online,17,0,4.7,4.4
CUST03268,26,Female,New York,55652,9,35.67,321.03,Sports,Online,34,0,3.8,3.9
CUST03269,47,Female,Phoenix,22294,12,43.62,523.44,Groceries,Online,5,2,4.0,4.7
CUST03270,27,Female,San Jose,25887,17,35.48,603.16,Clothing,Online,4,0,4.1,5.6
CUST03271,40,Female,San Jose,48179,16,30.88,494.08,Home & Garden,Online,24,1,3.7,5.3
CUST03272,35,Female,Chicago,53239,7,21.57,150.99,Home & Garden,In-Store,36,0,4.2,3.5
CUST03273,18,Female,San Antonio,50401,12,272.51,3270.12,Sports,Mobile App,18,0,4.1,5.8
CUST03274,33,Male,Houston,25666,14,26.2,366.8,Sports,Online,8,1,3.8,5.0
CUST03275,27,Female,Philadelphia,40146,18,85.64,1541.52,Toys,In-Store,21,1,3.9,6.1
CUST03276,46,Female,San Jose,59646,11,204.75,2252.25,Sports,In-Store,29,0,4.2,5.1
CUST03277,23,Male,San Antonio,41423,16,50.04,800.64,Beauty,In-Store,6,3,5.0,5.5
CUST03278,50,Female,New York,79129,13,77.77,1011.01,Books,In-Store,18,1,5.0,5.0
CUST03279,28,Female,Chicago,30197,9,114.82,1033.38,Electronics,Online,16,0,4.3,4.3
CUST03280,42,Male,Houston,87454,10,133.29,1332.9,Groceries,Online,179,1,2.9,3.6
CUST03281,43,Male,San Diego,20000,12,74.95,899.4,Toys,Mobile App,43,1,3.5,4.6
CUST03282,47,Male,San Jose,26437,17,23.42,398.14,Books,Online,11,4,3.7,5.5
CUST03283,29,Male,San Jose,52525,9,160.05,1440.45,Sports,In-Store,28,1,3.2,4.4
CUST03284,20,Male,Phoenix,26220,11,27.36,300.96,Automotive,Mobile App,4,1,3.6,4.4
CUST03285,36,Male,Chicago,63718,9,54.74,492.66,Sports,Online,29,0,4.6,4.0
CUST03286,35,Female,Dallas,35894,12,192.06,2304.72,Toys,In-Store,3,0,4.0,5.5
CUST03287,43,Female,Philadelphia,35686,15,89.96,1349.4,Automotive,Online,5,2,4.0,5.6
CUST03288,18,Female,San Antonio,57580,18,89.27,1606.86,Electronics,Mobile App,5,1,3.6,6.2
CUST03289,26,Male,Houston,50900,13,56.11,729.43,Toys,Mobile App,8,2,4.6,5.0
CUST03290,18,Male,Phoenix,40215,10,104.26,1042.6,Groceries,Mobile App,23,1,3.8,4.5
CUST03291,18,Male,San Antonio,36516,11,35.49,390.39,Automotive,Mobile App,57,2,3.8,4.2
CUST03292,31,Male,Dallas,26723,15,109.28,1639.2,Groceries,Online,2,0,4.1,5.7
CUST03293,26,Female,Dallas,91848,14,29.72,416.08,Home & Garden,Online,7,3,4.0,5.0
CUST03294,34,Female,New York,33144,8,45.9,367.2,Home & Garden,In-Store,44,2,3.6,3.7
CUST03295,46,Male,San Jose,40693,11,101.75,1119.25,Groceries,In-Store,152,1,4.1,3.9
CUST03296,32,Female,New York,49065,12,75.36,904.32,Automotive,Online,11,2,2.9,4.8
CUST03297,47,Male,Dallas,28295,15,42.58,638.7,Groceries,Online,2,2,3.0,5.3
CUST03298,41,Male,Chicago,25448,15,248.1,3721.5,Health,Online,8,0,3.5,6.6
CUST03299,31,Female,Chicago,141961,9,206.71,1860.39,Automotive,Mobile App,13,1,4.1,4.7
CUST03300,52,Female,Houston,31497,14,54.1,757.4,Sports,Online,15,2,3.5,5.1
CUST03301,37,Female,San Antonio,30190,8,165.83,1326.64,Sports,Online,62,1,3.4,4.0
CUST03302,38,Female,San Antonio,20000,13,31.64,411.32,Toys,Online,27,1,4.5,4.7
CUST03303,36,Male,Phoenix,32447,13,66.01,858.13,Electronics,Online,20,2,3.3,4.9
CUST03304,35,Female,Phoenix,78070,17,147.12,2501.04,Home & Garden,Mobile App,5,2,3.3,6.4
CUST03305,21,Female,Los Angeles,27570,17,34.51,586.67,Electronics,In-Store,32,1,3.7,5.4
CUST03306,18,Male,San Diego,25290,8,56.23,449.84,Groceries,In-Store,139,0,3.8,3.1
CUST03307,20,Female,Houston,30302,14,99.94,1399.16,Books,In-Store,8,1,4.1,5.4
CUST03308,67,Female,San Antonio,55648,8,52.5,420.0,Health,Online,99,2,2.8,3.4
CUST03309,34,Female,Los Angeles,39373,10,58.33,583.3,Home & Garden,Mobile App,26,0,4.5,4.3
CUST03310,36,Male,San Antonio,140356,8,36.37,290.96,Clothing,In-Store,46,1,3.8,3.7
CUST03311,26,Female,Chicago,69032,11,24.03,264.33,Home & Garden,Online,1,1,3.5,4.5
CUST03312,46,Female,Philadelphia,30061,14,97.72,1368.08,Electronics,In-Store,2,3,3.7,5.4
CUST03313,43,Female,Dallas,36373,20,71.53,1430.6,Clothing,In-Store,48,3,3.9,6.2
CUST03314,18,Female,Houston,54520,9,372.4,3351.6,Toys,Online,25,1,4.0,5.3
CUST03315,27,Male,San Jose,45968,16,37.7,603.2,Toys,Online,34,1,3.8,5.3
CUST03316,48,Female,Philadelphia,50779,18,66.61,1198.98,Sports,Mobile App,5,2,3.2,6.1
CUST03317,33,Male,Phoenix,21322,17,118.59,2016.03,Clothing,In-Store,4,1,3.5,6.2
CUST03318,27,Male,Chicago,53001,11,136.54,1501.94,Toys,In-Store,29,0,4.3,4.8
CUST03319,38,Male,Los Angeles,51539,8,70.04,560.32,Clothing,Mobile App,15,1,3.9,4.0
CUST03320,43,Female,San Jose,143329,18,108.62,1955.16,Beauty,Online,7,1,3.4,6.4
CUST03321,56,Female,San Diego,54161,9,17.74,159.66,Books,Online,143,1,4.6,3.2
CUST03322,41,Female,Phoenix,62255,12,462.63,5551.56,Sports,Mobile App,14,1,3.5,6.8
CUST03323,42,Female,Philadelphia,46501,7,62.2,435.4,Books,In-Store,26,0,3.9,3.7
CUST03324,64,Male,Philadelphia,100334,13,71.32,927.16,Clothing,Online,29,0,3.9,4.9
CUST03325,48,Female,San Diego,30988,13,97.88,1272.44,Home & Garden,In-Store,41,4,2.8,5.0
CUST03326,42,Male,San Antonio,41783,12,48.51,582.12,Sports,Online,15,3,3.5,4.7
CUST03327,45,Female,San Diego,220807,13,187.36,2435.68,Automotive,In-Store,9,1,3.5,5.7
CUST03328,30,Female,San Jose,38440,7,41.05,287.35,Automotive,Mobile App,50,2,3.0,3.4
CUST03329,52,Female,New York,108785,12,44.24,530.88,Health,Online,7,1,4.4,4.7
CUST03330,43,Female,Los Angeles,23798,17,177.62,3019.54,Health,Online,29,3,3.5,6.5
CUST03331,28,Female,Houston,42139,8,51.8,414.4,Beauty,In-Store,66,2,4.0,3.6
CUST03332,41,Female,San Jose,56349,9,41.15,370.35,Books,Mobile App,53,0,3.8,3.8
CUST03333,40,Female,New York,58112,16,66.29,1060.64,Beauty,In-Store,101,0,4.5,5.0
CUST03334,44,Male,San Diego,91244,13,71.71,932.23,Health,Mobile App,5,0,4.0,5.1
CUST03335,48,Male,San Antonio,28853,12,494.45,5933.4,Books,In-Store,3,2,3.3,7.0
CUST03336,24,Male,San Jose,33798,13,72.98,948.74,Groceries,Online,12,2,3.2,5.0
CUST03337,22,Female,Los Angeles,76069,10,44.62,446.2,Sports,Mobile App,89,0,4.5,3.8
CUST03338,32,Female,San Diego,40141,16,54.5,872.0,Sports,Online,23,3,3.3,5.5
CUST03339,49,Female,Philadelphia,39227,21,318.09,6679.89,Home & Garden,Online,3,0,4.3,8.9
CUST03340,39,Female,Philadelphia,89520,13,43.89,570.57,Toys,In-Store,26,3,3.8,4.8
CUST03341,41,Female,Chicago,46711,17,27.48,467.16,Home & Garden,In-Store,31,3,2.9,5.4
CUST03342,35,Female,Philadelphia,42022,11,74.46,819.06,Books,In-Store,14,1,3.8,4.6
CUST03343,44,Female,Chicago,31657,12,50.34,604.08,Toys,Mobile App,34,2,4.0,4.6
CUST03344,39,Male,San Jose,35022,20,38.72,774.4,Automotive,In-Store,26,1,3.4,6.1
CUST03345,33,Female,Houston,52775,8,25.86,206.88,Beauty,Mobile App,5,0,3.4,3.9
CUST03346,33,Male,Los Angeles,101735,13,29.1,378.3,Books,Online,58,3,2.9,4.5
CUST03347,46,Female,Chicago,35038,11,73.76,811.36,Books,Online,4,1,3.2,4.7
CUST03348,61,Female,San Diego,36052,17,56.28,956.76,Beauty,Online,39,4,4.0,5.6
CUST03349,24,Male,Philadelphia,39449,15,134.97,2024.55,Groceries,Mobile App,21,6,2.5,5.8
CUST03350,26,Male,Los Angeles,189026,12,47.36,568.32,Home & Garden,In-Store,18,0,4.5,4.6
CUST03351,47,Female,Dallas,25088,7,43.88,307.16,Sports,In-Store,7,2,3.4,3.7
CUST03352,44,Female,San Antonio,44294,13,60.46,785.98,Health,In-Store,16,5,3.5,4.9
CUST03353,43,Male,Los Angeles,26528,17,40.17,682.89,Health,Mobile App,23,2,3.9,5.5
CUST03354,18,Female,Phoenix,131423,13,21.32,277.16,Groceries,In-Store,37,3,2.9,4.6
CUST03355,37,Female,San Antonio,112330,7,114.96,804.72,Groceries,Mobile App,81,0,4.4,3.5
CUST03356,42,Male,Phoenix,70839,13,134.99,1754.87,Health,In-Store,10,3,4.1,5.4
CUST03357,34,Male,Houston,40358,15,102.46,1536.9,Toys,Mobile App,63,5,2.8,5.3
CUST03358,52,Male,Chicago,47349,13,38.56,501.28,Sports,Online,11,1,4.3,4.8
CUST03359,37,Male,Houston,72113,7,60.23,421.61,Home & Garden,Mobile App,61,1,4.2,3.4
CUST03360,31,Male,Houston,79612,11,60.86,669.46,Groceries,Online,11,2,3.6,4.6
CUST03361,18,Male,New York,71012,19,81.16,1542.04,Health,Online,26,0,3.3,6.2
CUST03362,47,Male,Dallas,36185,12,22.33,267.96,Automotive,Mobile App,2,0,4.6,4.6
CUST03363,34,Male,Chicago,51195,15,61.81,927.15,Automotive,In-Store,12,3,3.0,5.4
CUST03364,18,Female,San Antonio,54447,11,94.55,1040.05,Sports,In-Store,1,2,3.4,4.8
CUST03365,46,Non-binary,Phoenix,23661,10,490.77,4907.7,Books,Online,21,1,3.9,6.1
CUST03366,24,Female,Houston,51200,8,81.34,650.72,Beauty,In-Store,25,1,4.7,3.9
CUST03367,28,Male,Chicago,52416,10,15.24,152.4,Beauty,Mobile App,73,1,4.2,3.8
CUST03368,33,Non-binary,Houston,52459,11,87.5,962.5,Automotive,In-Store,103,3,3.4,4.1
CUST03369,37,Male,Dallas,98000,11,157.18,1728.98,Toys,In-Store,36,2,4.0,4.9
CUST03370,42,Male,San Jose,38604,5,37.51,187.55,Home & Garden,In-Store,44,1,2.9,3.1
CUST03371,18,Female,Dallas,42887,12,122.7,1472.4,Home & Garden,Online,12,0,3.6,5.1
CUST03372,52,Female,New York,22720,15,40.08,601.2,Toys,In-Store,24,2,3.5,5.2
CUST03373,23,Female,San Antonio,28165,15,45.38,680.7,Clothing,Mobile App,19,0,4.1,5.2
CUST03374,22,Male,Dallas,24341,16,76.38,1222.08,Toys,In-Store,26,2,3.4,5.6
CUST03375,42,Male,Philadelphia,20000,8,101.04,808.32,Toys,Mobile App,54,2,4.3,3.8
CUST03376,18,Male,Philadelphia,33277,6,29.61,177.66,Clothing,Mobile App,22,1,3.9,3.4
CUST03377,41,Male,Phoenix,60782,21,114.57,2405.97,Electronics,In-Store,31,4,3.8,6.9
CUST03378,35,Female,Chicago,53552,10,132.71,1327.1,Books,Online,2,1,3.2,4.7
CUST03379,42,Male,Dallas,56613,10,25.91,259.1,Sports,Online,154,1,4.4,3.3
CUST03380,19,Female,Dallas,50288,12,71.91,862.92,Books,Online,1,2,3.7,4.9
CUST03381,47,Female,San Jose,40843,12,296.84,3562.08,Beauty,Mobile App,28,1,3.6,5.9
CUST03382,46,Non-binary,New York,121782,14,58.46,818.44,Beauty,In-Store,113,0,4.6,4.5
CUST03383,24,Female,Los Angeles,38618,13,98.22,1276.86,Health,Online,6,0,4.2,5.2
CUST03384,34,Male,Chicago,79771,11,23.79,261.69,Home & Garden,Online,36,2,3.4,4.2
CUST03385,18,Female,Chicago,50105,19,45.5,864.5,Groceries,Online,1,0,3.6,6.1
CUST03386,18,Female,Los Angeles,58810,21,42.54,893.34,Beauty,Online,4,6,3.9,6.5
CUST03387,40,Female,San Jose,37314,14,276.31,3868.34,Books,Mobile App,1,5,3.6,6.5
CUST03388,39,Male,San Diego,55505,11,33.83,372.13,Groceries,Mobile App,60,4,3.6,4.1
CUST03389,38,Male,Phoenix,38324,15,168.81,2532.15,Beauty,Online,16,2,4.2,6.0
CUST03390,34,Male,Phoenix,49343,14,23.81,333.34,Toys,Online,1,2,3.7,5.0
CUST03391,29,Male,Houston,65938,13,18.93,246.09,Home & Garden,Online,45,1,2.6,4.5
CUST03392,24,Female,Los Angeles,27499,17,34.02,578.34,Beauty,Online,52,2,4.3,5.3
CUST03393,28,Male,Phoenix,121302,12,60.1,721.2,Electronics,Mobile App,12,1,3.2,4.8
CUST03394,34,Male,Dallas,41652,16,36.03,576.48,Electronics,In-Store,78,0,4.9,5.0
CUST03395,37,Male,New York,99462,11,107.82,1186.02,Automotive,Online,14,2,3.5,4.8
CUST03396,40,Male,Phoenix,37318,12,26.56,318.72,Electronics,Mobile App,14,3,3.1,4.6
CUST03397,38,Female,Philadelphia,20000,10,33.96,339.6,Clothing,Mobile App,1,1,2.9,4.3
CUST03398,46,Male,San Jose,80254,20,35.62,712.4,Toys,Online,21,0,4.3,6.1
CUST03399,35,Male,Philadelphia,27942,12,201.5,2418.0,Clothing,Mobile App,1,2,4.2,5.5
CUST03400,18,Female,San Jose,30363,18,106.05,1908.9,Beauty,In-Store,8,1,3.7,6.3
CUST03401,31,Female,Chicago,53837,6,119.38,716.28,Automotive,Online,55,1,2.9,3.4
CUST03402,55,Female,New York,61130,12,87.88,1054.56,Health,Online,87,1,3.5,4.4
CUST03403,40,Female,Los Angeles,33760,12,107.82,1293.84,Sports,Mobile App,72,2,3.9,4.6
CUST03404,58,Male,Chicago,26957,13,40.85,531.05,Health,In-Store,48,1,2.5,4.6
CUST03405,19,Female,San Diego,43235,6,106.78,640.68,Home & Garden,In-Store,16,0,3.7,3.6
CUST03406,39,Non-binary,Philadelphia,65110,5,117.34,586.7,Toys,Mobile App,5,0,5.0,3.5
CUST03407,39,Female,San Antonio,73473,11,55.19,607.09,Toys,Mobile App,84,0,3.5,4.1
CUST03408,31,Female,Los Angeles,46206,13,95.45,1240.85,Beauty,Online,14,1,4.8,5.1
CUST03409,25,Male,San Diego,51971,11,57.78,635.58,Home & Garden,In-Store,1,2,4.1,4.6
CUST03410,55,Male,New York,45454,11,35.45,389.95,Toys,Mobile App,45,0,3.8,4.2
CUST03411,50,Female,San Jose,55645,9,23.44,210.96,Clothing,Mobile App,76,1,4.0,3.6
CUST03412,67,Male,Philadelphia,30110,4,181.45,725.8,Automotive,In-Store,90,0,4.0,2.9
CUST03413,50,Female,Dallas,20868,8,106.79,854.32,Books,In-Store,60,3,3.6,3.8
CUST03414,18,Female,Phoenix,30863,13,60.84,790.92,Beauty,Online,8,1,3.4,5.0
CUST03415,41,Female,Phoenix,40580,15,138.52,2077.8,Books,Online,30,1,4.7,5.7
CUST03416,24,Male,San Diego,110144,9,60.2,541.8,Electronics,Online,14,2,4.4,4.1
CUST03417,54,Male,San Diego,20891,15,25.83,387.45,Health,Online,15,1,4.3,5.1
CUST03418,18,Female,Phoenix,69727,13,101.42,1318.46,Electronics,In-Store,34,1,3.6,5.0
CUST03419,42,Male,Los Angeles,22187,16,61.35,981.6,Sports,Mobile App,17,1,3.6,5.5
CUST03420,37,Female,San Jose,72591,11,46.16,507.76,Automotive,Online,42,1,3.8,4.3
CUST03421,33,Male,New York,20178,20,71.47,1429.4,Automotive,Online,1,1,3.5,6.5
CUST03422,49,Female,San Antonio,25687,12,38.96,467.52,Home & Garden,Online,12,1,3.8,4.6
CUST03423,32,Female,San Antonio,53220,12,136.62,1639.44,Automotive,In-Store,30,3,3.4,5.0
CUST03424,43,Male,Philadelphia,56384,12,330.17,3962.04,Electronics,Mobile App,17,0,4.5,6.1
CUST03425,42,Male,Chicago,50235,15,25.75,386.25,Home & Garden,In-Store,4,1,4.5,5.2
CUST03426,50,Male,Houston,66870,9,27.79,250.11,Toys,Online,24,0,3.5,3.9
CUST03427,46,Female,New York,42338,10,23.48,234.8,Electronics,Mobile App,62,1,4.4,3.9
CUST03428,38,Male,Los Angeles,48150,11,59.32,652.52,Sports,Online,53,2,3.5,4.3
CUST03429,40,Male,Philadelphia,69068,15,140.72,2110.8,Groceries,Mobile App,10,2,3.7,5.9
CUST03430,33,Female,Philadelphia,56607,20,269.1,5382.0,Books,Online,23,0,4.2,8.1
CUST03431,40,Male,Houston,30391,12,140.73,1688.76,Health,In-Store,79,0,3.8,4.7
CUST03432,42,Female,San Antonio,107427,13,75.12,976.56,Health,In-Store,10,0,3.2,5.0
CUST03433,27,Female,Phoenix,56198,13,79.1,1028.3,Home & Garden,Mobile App,119,0,4.4,4.4
CUST03434,29,Female,Phoenix,109671,13,94.34,1226.42,Books,In-Store,65,0,3.6,4.8
CUST03435,35,Male,San Antonio,26269,10,114.12,1141.2,Books,Online,126,0,4.6,3.9
CUST03436,18,Female,San Diego,134735,18,66.13,1190.34,Sports,In-Store,19,3,3.8,6.0
CUST03437,22,Female,San Antonio,106285,10,21.56,215.6,Electronics,In-Store,32,3,4.0,4.1
CUST03438,36,Male,Houston,68791,16,69.9,1118.4,Clothing,In-Store,8,1,3.7,5.6
CUST03439,42,Male,San Diego,22652,12,59.81,717.72,Clothing,Online,6,5,3.0,4.8
CUST03440,47,Male,Phoenix,44833,13,75.1,976.3,Books,Online,53,3,3.5,4.8
CUST03441,39,Male,San Jose,42501,10,66.57,665.7,Sports,Online,19,2,4.0,4.3
CUST03442,52,Male,Houston,32790,15,25.59,383.85,Clothing,In-Store,4,2,4.4,5.2
CUST03443,18,Female,Chicago,60207,16,84.0,1344.0,Automotive,Mobile App,17,3,4.5,5.7
CUST03444,35,Male,Los Angeles,24173,12,81.07,972.84,Clothing,Online,66,1,4.5,4.5
CUST03445,36,Female,Chicago,33619,12,11.97,143.64,Clothing,In-Store,45,3,3.7,4.3
CUST03446,32,Female,Houston,82492,14,63.6,890.4,Books,In-Store,1,2,2.9,5.2
CUST03447,22,Male,Chicago,136326,12,74.54,894.48,Toys,In-Store,21,1,3.5,4.8
CUST03448,33,Male,Dallas,44028,8,53.27,426.16,Home & Garden,In-Store,61,0,3.4,3.6
CUST03449,46,Female,New York,46101,10,52.46,524.6,Health,Online,22,0,3.8,4.3
CUST03450,57,Male,Phoenix,113630,12,46.39,556.68,Groceries,Online,20,1,4.3,4.6
CUST03451,34,Male,New York,48129,5,105.56,527.8,Books,Online,38,1,3.7,3.3
CUST03452,44,Female,Dallas,65179,13,37.02,481.26,Clothing,Online,1,2,4.7,4.9
CUST03453,56,Female,Philadelphia,95293,8,19.4,155.2,Toys,Online,6,0,3.5,3.8
CUST03454,41,Male,Houston,45196,20,34.61,692.2,Health,In-Store,16,5,3.3,6.1
CUST03455,24,Female,Chicago,74171,9,110.84,997.56,Automotive,Mobile App,7,0,3.9,4.4
CUST03456,18,Male,Los Angeles,74590,13,54.53,708.89,Books,In-Store,23,2,4.3,4.9
CUST03457,19,Male,Chicago,33306,12,71.72,860.64,Beauty,Online,53,1,4.1,4.6
CUST03458,43,Male,Los Angeles,55403,16,75.83,1213.28,Home & Garden,Online,19,1,2.9,5.6
CUST03459,47,Male,New York,80636,10,82.61,826.1,Books,In-Store,11,0,4.1,4.5
CUST03460,42,Male,Houston,54614,11,103.67,1140.37,Electronics,In-Store,37,0,4.4,4.6
CUST03461,34,Male,San Diego,156330,6,26.81,160.86,Health,In-Store,25,2,3.9,3.4
CUST03462,32,Male,San Jose,43385,13,78.72,1023.36,Books,Online,1,1,4.4,5.1
CUST03463,40,Female,San Diego,20000,18,136.4,2455.2,Health,Online,7,0,3.7,6.6
CUST03464,24,Non-binary,San Diego,53608,14,40.38,565.32,Toys,Mobile App,46,4,3.3,4.8
CUST03465,35,Male,Dallas,38894,6,65.09,390.54,Beauty,Online,11,0,3.9,3.6
CUST03466,24,Male,Chicago,102566,14,245.49,3436.86,Books,Mobile App,1,0,4.6,6.3
CUST03467,22,Female,Philadelphia,106517,5,49.68,248.4,Electronics,Online,71,0,3.8,2.9
CUST03468,18,Male,New York,142753,12,47.07,564.84,Toys,Online,96,0,3.3,4.2
CUST03469,27,Female,Houston,35103,4,62.04,248.16,Books,Online,127,1,3.5,2.4
CUST03470,28,Female,Houston,68595,9,36.95,332.55,Books,Online,26,0,4.5,4.0
CUST03471,62,Male,San Diego,84028,18,64.13,1154.34,Toys,Mobile App,27,0,4.5,5.9
CUST03472,18,Male,Philadelphia,45406,12,56.52,678.24,Beauty,In-Store,1,2,4.3,4.8
CUST03473,33,Male,Dallas,60438,12,167.62,2011.44,Home & Garden,Online,8,0,3.6,5.3
CUST03474,75,Female,San Jose,68496,14,119.67,1675.38,Home & Garden,Mobile App,6,3,3.8,5.5
CUST03475,37,Female,San Jose,133217,11,98.19,1080.09,Beauty,Mobile App,52,2,3.5,4.5
CUST03476,25,Female,San Antonio,111004,8,103.85,830.8,Beauty,In-Store,32,0,4.9,4.0
CUST03477,47,Male,Chicago,32477,11,62.21,684.31,Toys,Online,28,1,3.8,4.5
CUST03478,55,Female,Phoenix,20000,17,75.65,1286.05,Health,Online,1,3,3.6,5.9
CUST03479,35,Male,Philadelphia,55511,9,195.03,1755.27,Automotive,Mobile App,102,1,2.8,4.1
CUST03480,27,Female,Dallas,37243,18,175.07,3151.26,Books,Online,14,1,3.8,6.8
CUST03481,54,Male,Houston,77778,13,141.93,1845.09,Books,In-Store,59,0,3.5,5.1
CUST03482,39,Male,San Jose,39590,12,90.26,1083.12,Groceries,In-Store,30,2,3.7,4.8
CUST03483,47,Female,Houston,20000,10,100.28,1002.8,Groceries,Online,135,1,2.7,3.7
CUST03484,42,Male,Chicago,51054,16,91.47,1463.52,Toys,Online,26,3,3.8,5.7
CUST03485,33,Female,San Jose,36134,14,97.83,1369.62,Automotive,In-Store,63,0,4.4,5.1
CUST03486,60,Female,Los Angeles,51313,9,172.11,1548.99,Clothing,Online,27,1,3.6,4.5
CUST03487,46,Male,New York,20000,8,32.95,263.6,Beauty,Mobile App,17,0,3.8,3.8
CUST03488,37,Male,Philadelphia,166862,15,116.52,1747.8,Home & Garden,In-Store,45,5,3.0,5.5
CUST03489,18,Female,Phoenix,58591,17,389.94,6628.98,Clothing,Online,17,2,2.9,8.1
CUST03490,42,Female,San Jose,80920,16,175.86,2813.76,Toys,Online,11,1,4.3,6.4
CUST03491,58,Female,Phoenix,106757,12,95.1,1141.2,Sports,Online,12,1,3.4,4.9
CUST03492,65,Female,Chicago,37345,16,60.52,968.32,Groceries,Online,26,1,2.9,5.5
CUST03493,18,Female,San Jose,65812,9,49.36,444.24,Books,Online,35,0,3.9,4.0
CUST03494,20,Female,San Diego,32347,13,107.77,1401.01,Sports,In-Store,31,0,5.0,5.1
CUST03495,34,Female,Los Angeles,38411,12,85.5,1026.0,Groceries,Mobile App,70,2,3.9,4.5
CUST03496,38,Male,New York,39139,10,185.36,1853.6,Groceries,Mobile App,15,0,3.7,4.9
CUST03497,34,Male,San Diego,120714,6,53.0,318.0,Groceries,In-Store,68,1,5.0,3.2
CUST03498,41,Female,Philadelphia,83979,14,27.11,379.54,Toys,In-Store,10,2,3.8,5.0
CUST03499,36,Male,New York,149028,11,46.88,515.68,Toys,Mobile App,16,2,3.1,4.5
CUST03500,44,Female,Philadelphia,93616,8,96.06,768.48,Clothing,Mobile App,62,1,3.8,3.8
CUST03501,49,Male,Chicago,29855,15,62.63,939.45,Health,Online,1,1,3.9,5.4
CUST03502,32,Male,Chicago,42819,14,80.13,1121.82,Clothing,Mobile App,49,2,4.2,5.0
CUST03503,52,Female,Houston,20000,19,50.95,968.05,Beauty,Online,7,3,4.2,6.1
CUST03504,54,Female,Los Angeles,35514,12,78.67,944.04,Beauty,In-Store,1,2,3.6,4.9
CUST03505,46,Female,New York,30135,15,75.49,1132.35,Health,Mobile App,11,1,4.0,5.5
CUST03506,27,Male,Chicago,43000,12,22.95,275.4,Beauty,Mobile App,10,0,4.1,4.6
CUST03507,63,Male,Phoenix,27951,18,34.3,617.4,Automotive,Mobile App,44,2,4.3,5.6
CUST03508,57,Male,Philadelphia,94817,10,16.14,161.4,Groceries,Online,94,1,3.7,3.6
CUST03509,29,Male,Phoenix,55038,13,77.9,1012.7,Sports,Online,15,0,4.3,5.0
CUST03510,18,Male,New York,39627,12,71.86,862.32,Sports,In-Store,3,1,4.3,4.9
CUST03511,27,Female,San Diego,49478,13,91.44,1188.72,Clothing,Online,182,1,4.1,4.1
CUST03512,28,Male,San Jose,46071,8,46.3,370.4,Electronics,In-Store,26,1,3.8,3.8
CUST03513,29,Male,San Antonio,37654,9,255.49,2299.41,Home & Garden,Mobile App,106,1,3.3,4.3
CUST03514,36,Male,New York,94317,10,40.8,408.0,Sports,In-Store,17,2,3.9,4.2
CUST03515,55,Male,Dallas,50139,12,115.34,1384.08,Books,Online,32,2,3.6,4.9
CUST03516,18,Male,Philadelphia,95380,7,45.38,317.66,Sports,In-Store,19,0,4.2,3.7
CUST03517,37,Female,Phoenix,34732,15,84.32,1264.8,Clothing,Mobile App,21,1,3.6,5.5
CUST03518,36,Female,Los Angeles,106204,13,103.97,1351.61,Beauty,Mobile App,7,0,3.7,5.2
CUST03519,51,Female,New York,166023,13,10,130,Groceries,Mobile App,72,2,3.8,4.3
CUST03520,18,Male,Los Angeles,86257,13,151.77,1973.01,Groceries,Online,8,0,3.8,5.5
CUST03521,43,Male,Houston,48934,5,23.69,118.45,Clothing,Mobile App,38,1,3.9,3.1
CUST03522,38,Male,New York,133024,12,37.21,446.52,Beauty,Mobile App,7,2,4.2,4.7
CUST03523,42,Female,Chicago,91558,8,88.16,705.28,Health,In-Store,123,0,3.9,3.3
CUST03524,35,Female,San Diego,95867,14,17.97,251.58,Beauty,In-Store,1,0,4.1,5.0
CUST03525,34,Male,Los Angeles,21290,11,68.85,757.35,Electronics,In-Store,2,2,3.3,4.7
CUST03526,23,Male,Los Angeles,71218,9,43.7,393.3,Groceries,Online,33,0,4.3,4.0
CUST03527,26,Female,New York,31906,13,35.24,458.12,Books,In-Store,1,1,4.2,4.9
CUST03528,28,Male,New York,27329,15,87.07,1306.05,Clothing,Online,29,1,3.3,5.4
CUST03529,49,Female,Houston,116962,6,211.07,1266.42,Toys,Mobile App,12,0,4.0,3.9
CUST03530,23,Female,San Diego,232924,11,224.14,2465.54,Health,In-Store,5,2,3.9,5.4
CUST03531,18,Male,San Jose,37505,16,43.31,692.96,Electronics,Online,18,1,4.3,5.4
CUST03532,39,Female,Los Angeles,32243,7,218.94,1532.58,Groceries,Mobile App,17,2,3.3,4.2
CUST03533,36,Male,Dallas,66203,10,100.27,1002.7,Health,Mobile App,12,1,4.4,4.5
CUST03534,38,Female,Los Angeles,36050,12,51.77,621.24,Home & Garden,Online,18,1,4.3,4.7
CUST03535,39,Male,Houston,123855,18,45.93,826.74,Groceries,Online,9,2,3.5,5.9
CUST03536,18,Female,Phoenix,31376,11,188.21,2070.31,Health,Online,33,3,4.3,5.0
CUST03537,39,Female,Houston,135172,9,85.3,767.7,Books,Online,40,0,4.4,4.1
CUST03538,54,Male,Houston,30588,15,52.04,780.6,Automotive,Online,29,4,3.0,5.2
CUST03539,61,Female,Phoenix,117109,11,13.75,151.25,Sports,In-Store,13,2,3.5,4.3
CUST03540,51,Male,Los Angeles,20000,18,13.98,251.64,Toys,Online,9,3,3.3,5.6
CUST03541,25,Female,San Jose,23263,15,21.39,320.85,Books,Online,27,2,3.7,5.0
CUST03542,18,Female,San Diego,60220,19,34.17,649.23,Electronics,Mobile App,24,4,3.2,5.9
CUST03543,37,Female,Philadelphia,73139,7,54.64,382.48,Health,In-Store,106,1,3.7,3.1
CUST03544,33,Female,San Jose,20000,9,63.88,574.92,Clothing,In-Store,5,0,3.9,4.2
CUST03545,32,Female,Philadelphia,71477,12,57.53,690.36,Toys,Online,17,1,3.9,4.7
CUST03546,70,Female,Philadelphia,69269,13,15.28,198.64,Toys,Online,48,1,3.4,4.5
CUST03547,61,Female,Dallas,62681,12,45.0,540.0,Home & Garden,Online,3,1,3.4,4.7
CUST03548,39,Male,Philadelphia,97903,9,28.47,256.23,Books,Online,168,2,4.5,3.0
CUST03549,30,Male,San Antonio,67776,13,31.75,412.75,Toys,Mobile App,17,0,4.1,4.8
CUST03550,39,Male,Chicago,40970,12,63.54,762.48,Groceries,In-Store,56,3,3.7,4.5
CUST03551,51,Male,New York,45482,12,106.49,1277.88,Groceries,In-Store,1,1,3.4,5.1
CUST03552,53,Male,Chicago,120315,13,89.32,1161.16,Books,Online,42,0,4.5,4.9
CUST03553,43,Male,Chicago,29889,12,46.99,563.88,Groceries,In-Store,66,7,2.3,4.3
CUST03554,39,Male,Los Angeles,76011,7,67.65,473.55,Electronics,Online,211,0,4.6,2.5
CUST03555,18,Male,Philadelphia,29728,12,50.15,601.8,Home & Garden,Online,13,2,4.1,4.7
CUST03556,42,Male,Phoenix,32796,9,67.92,611.28,Automotive,Online,18,2,3.8,4.1
CUST03557,25,Male,San Jose,73918,13,87.75,1140.75,Toys,Online,13,2,3.6,5.1
CUST03558,47,Female,Chicago,97850,14,107.78,1508.92,Toys,Mobile App,1,2,3.7,5.5
CUST03559,59,Male,Los Angeles,54075,13,48.58,631.54,Clothing,Mobile App,17,5,3.5,4.9
CUST03560,34,Female,San Jose,77748,11,50.12,551.32,Sports,Online,31,3,3.1,4.4
CUST03561,58,Female,San Diego,57930,11,121.09,1331.99,Home & Garden,Online,9,2,4.1,4.9
CUST03562,23,Male,Phoenix,71765,18,43.36,780.48,Groceries,Online,53,1,3.2,5.6
CUST03563,27,Male,San Jose,88212,14,103.62,1450.68,Books,In-Store,1,1,3.4,5.5
CUST03564,61,Female,Dallas,38238,12,20.17,242.04,Sports,Online,82,2,4.3,4.1
CUST03565,21,Male,Chicago,48003,12,47.86,574.32,Beauty,In-Store,93,0,4.1,4.2
CUST03566,45,Male,New York,55971,22,49.17,1081.74,Toys,Online,4,1,4.1,6.7
CUST03567,28,Male,Philadelphia,155346,15,74.78,1121.7,Home & Garden,Mobile App,53,2,3.6,5.2
CUST03568,38,Female,San Diego,40905,12,206.33,2475.96,Sports,In-Store,36,1,4.1,5.3
CUST03569,46,Female,Philadelphia,85302,15,52.08,781.2,Home & Garden,Mobile App,2,1,4.3,5.4
CUST03570,45,Female,San Jose,48658,10,80.9,809.0,Home & Garden,In-Store,16,1,4.2,4.4
CUST03571,55,Female,Houston,52151,9,57.83,520.47,Toys,In-Store,5,1,3.9,4.2
CUST03572,44,Female,Philadelphia,109468,8,129.25,1034.0,Automotive,Mobile App,85,0,5.0,3.7
CUST03573,36,Male,Chicago,36850,12,140.55,1686.6,Health,Online,23,2,2.8,5.1
CUST03574,46,Female,San Diego,37463,14,52.57,735.98,Health,Mobile App,17,3,3.5,5.1
CUST03575,42,Female,Phoenix,30324,8,53.61,428.88,Clothing,Online,38,0,3.5,3.8
CUST03576,32,Female,Phoenix,30159,12,46.08,552.96,Groceries,Online,19,1,3.3,4.6
CUST03577,48,Female,San Diego,32508,12,140.66,1687.92,Home & Garden,Online,12,0,5.0,5.2
CUST03578,33,Male,Philadelphia,23954,8,112.24,897.92,Health,Online,47,3,3.5,3.9
CUST03579,30,Male,Phoenix,39847,12,60.79,729.48,Beauty,Online,96,4,2.5,4.2
CUST03580,40,Male,Dallas,72654,9,61.29,551.61,Home & Garden,Mobile App,1,1,2.8,4.2
CUST03581,46,Female,San Jose,39985,11,67.53,742.83,Health,Online,9,1,3.0,4.6
CUST03582,44,Female,Houston,41288,12,44.48,533.76,Automotive,In-Store,1,2,3.8,4.7
CUST03583,24,Male,San Antonio,74376,15,48.97,734.55,Books,In-Store,5,2,4.1,5.3
CUST03584,44,Female,Phoenix,94754,11,41.81,459.91,Sports,Online,87,0,4.3,4.0
CUST03585,34,Male,New York,101482,8,48.03,384.24,Books,Online,12,1,3.6,3.9
CUST03586,48,Male,Chicago,61229,19,42.63,809.97,Toys,In-Store,8,2,4.0,6.0
CUST03587,42,Female,San Jose,111235,14,14.3,200.2,Toys,In-Store,73,2,3.3,4.5
CUST03588,35,Male,Phoenix,20000,15,272.22,4083.3,Toys,Online,1,1,3.9,6.8
CUST03589,28,Female,San Diego,58487,7,76.79,537.53,Sports,Online,23,2,3.8,3.7
CUST03590,35,Male,New York,48843,9,28.72,258.48,Clothing,Online,24,1,4.2,4.0
CUST03591,56,Male,San Diego,47277,8,142.46,1139.68,Beauty,Online,50,0,4.0,4.0
CUST03592,27,Female,San Antonio,39404,12,37.55,450.6,Automotive,Online,12,2,4.0,4.6
CUST03593,35,Male,Philadelphia,20000,15,29.49,442.35,Books,Online,18,2,3.8,5.1
CUST03594,25,Female,New York,35995,12,57.88,694.56,Sports,Online,32,1,3.6,4.6
CUST03595,50,Female,New York,36696,22,34.86,766.92,Automotive,Online,18,0,4.1,6.5
CUST03596,35,Female,Chicago,37908,8,19.98,159.84,Toys,Online,117,2,4.6,3.1
CUST03597,31,Male,Chicago,20000,10,59.2,592.0,Clothing,In-Store,8,0,3.9,4.4
CUST03598,34,Female,Houston,20000,12,72.26,867.12,Clothing,In-Store,47,1,4.3,4.6
CUST03599,18,Non-binary,Philadelphia,20000,10,29.97,299.7,Clothing,Online,26,0,4.1,4.1
CUST03600,46,Female,San Diego,36667,11,191.92,2111.12,Books,In-Store,18,3,4.4,5.1
CUST03601,59,Female,San Antonio,49470,14,114.56,1603.84,Groceries,In-Store,45,2,3.0,5.3
CUST03602,55,Male,Houston,20000,15,19.02,285.3,Toys,Online,9,1,3.6,5.1
CUST03603,46,Female,Phoenix,68109,17,37.94,644.98,Home & Garden,Online,75,8,2.1,5.2
CUST03604,37,Female,Dallas,54889,11,111.69,1228.59,Electronics,Online,16,1,4.0,4.8
CUST03605,59,Female,Houston,41758,10,108.1,1081.0,Toys,Online,2,1,3.4,4.6
CUST03606,68,Male,Houston,41308,14,125.1,1751.4,Groceries,Mobile App,23,1,4.3,5.5
CUST03607,28,Male,Philadelphia,41532,9,94.82,853.38,Beauty,Online,103,1,3.5,3.7
CUST03608,36,Female,San Antonio,31694,8,95.02,760.16,Electronics,In-Store,162,0,4.0,3.1
CUST03609,45,Male,New York,42184,17,87.44,1486.48,Books,In-Store,67,1,4.5,5.6
CUST03610,37,Male,San Jose,24765,21,108.44,2277.24,Electronics,Online,45,3,3.2,6.8
CUST03611,18,Female,New York,62574,18,113.01,2034.18,Beauty,In-Store,135,2,3.5,5.6
CUST03612,60,Female,Philadelphia,45105,16,21.97,351.52,Automotive,Mobile App,6,2,3.6,5.3
CUST03613,22,Male,Houston,40091,17,52.11,885.87,Groceries,In-Store,4,4,4.2,5.8
CUST03614,31,Female,San Jose,20000,13,163.61,2126.93,Sports,Online,27,2,3.5,5.4
CUST03615,50,Male,San Antonio,20000,9,40.75,366.75,Groceries,Mobile App,55,2,3.7,3.8
CUST03616,37,Female,Phoenix,33133,6,22.53,135.18,Beauty,Online,147,2,3.5,2.6
CUST03617,18,Female,San Antonio,33113,13,110.73,1439.49,Clothing,In-Store,7,1,4.6,5.3
CUST03618,35,Male,San Diego,54310,8,149.89,1199.12,Health,Mobile App,43,2,2.5,4.1
CUST03619,25,Female,San Antonio,52219,10,72.87,728.7,Home & Garden,Online,3,2,3.2,4.5
CUST03620,34,Male,Los Angeles,81319,17,57.48,977.16,Home & Garden,Online,19,0,3.5,5.7
CUST03621,18,Female,Phoenix,69155,17,102.07,1735.19,Home & Garden,Mobile App,31,3,3.7,5.9
CUST03622,34,Female,Philadelphia,35755,15,52.89,793.35,Toys,Online,27,2,3.5,5.2
CUST03623,36,Female,San Jose,81227,19,30.95,588.05,Sports,Online,15,3,3.1,5.9
CUST03624,51,Male,New York,60880,11,56.75,624.25,Home & Garden,Mobile App,18,1,2.3,4.5
CUST03625,46,Female,Houston,45598,14,39.62,554.68,Toys,Mobile App,1,2,4.1,5.1
CUST03626,48,Male,Philadelphia,92426,8,53.54,428.32,Toys,Mobile App,162,2,3.2,3.0
CUST03627,41,Female,Chicago,109980,13,42.13,547.69,Toys,Online,27,0,3.6,4.8
CUST03628,31,Female,Houston,121259,10,12.66,126.6,Clothing,In-Store,76,2,3.7,3.7
CUST03629,43,Female,New York,24290,10,59.27,592.7,Health,Online,48,2,3.5,4.1
CUST03630,23,Male,Phoenix,72007,13,96.35,1252.55,Electronics,Online,33,3,3.9,5.0
CUST03631,19,Male,San Jose,89748,13,58.16,756.08,Groceries,Online,24,2,3.8,4.9
CUST03632,29,Male,Houston,117976,7,272.77,1909.39,Books,In-Store,7,1,3.9,4.4
CUST03633,34,Male,Phoenix,27074,15,55.48,832.2,Books,In-Store,24,3,4.5,5.3
CUST03634,30,Male,New York,54709,19,113.27,2152.13,Clothing,Online,2,0,3.9,6.7
CUST03635,26,Male,Houston,114872,15,25.82,387.3,Clothing,Mobile App,32,1,3.6,5.0
CUST03636,31,Female,New York,122335,13,90.82,1180.66,Toys,Online,47,4,3.1,4.9
CUST03637,26,Male,Houston,200611,15,207.96,3119.4,Toys,Mobile App,1,2,3.3,6.4
CUST03638,39,Female,Dallas,35265,19,104.1,1977.9,Sports,Online,10,4,3.5,6.5
CUST03639,49,Female,San Diego,46676,11,14.87,163.57,Clothing,In-Store,46,4,2.6,4.1
CUST03640,59,Male,Los Angeles,81154,10,48.72,487.2,Books,In-Store,7,0,3.3,4.3
CUST03641,53,Male,San Diego,20121,8,75.24,601.92,Books,Mobile App,27,0,3.3,3.9
CUST03642,38,Male,New York,98688,6,40.8,244.8,Health,Mobile App,41,0,3.7,3.3
CUST03643,47,Female,Phoenix,20000,9,110.11,990.99,Sports,In-Store,6,1,3.8,4.4
CUST03644,47,Male,Phoenix,38225,11,37.75,415.25,Electronics,In-Store,29,1,3.8,4.3
CUST03645,37,Female,Houston,49378,9,71.84,646.56,Home & Garden,In-Store,121,0,3.8,3.5
CUST03646,57,Female,New York,20000,11,31.19,343.09,Health,Mobile App,3,1,3.7,4.5
CUST03647,43,Male,San Diego,70684,4,111.32,445.28,Home & Garden,In-Store,151,0,3.2,2.4
CUST03648,29,Female,Phoenix,23099,8,16.66,133.28,Beauty,Online,33,0,3.9,3.7
CUST03649,22,Male,San Diego,30874,12,23.95,287.4,Automotive,Online,16,1,3.7,4.5
CUST03650,36,Female,Philadelphia,130518,5,51.61,258.05,Automotive,In-Store,3,0,3.3,3.4
CUST03651,40,Male,Philadelphia,53774,6,130.79,784.74,Books,Online,17,0,3.7,3.7
CUST03652,30,Male,San Diego,57388,10,69.08,690.8,Beauty,In-Store,37,0,4.6,4.2
CUST03653,35,Male,San Diego,64664,12,55.47,665.64,Automotive,Online,58,0,3.5,4.4
CUST03654,40,Female,Los Angeles,68336,11,50.03,550.33,Health,Online,11,2,3.4,4.5
CUST03655,23,Male,Philadelphia,51445,15,104.02,1560.3,Toys,Online,53,4,3.4,5.4
CUST03656,31,Female,Chicago,33618,8,113.08,904.64,Electronics,Online,257,0,3.2,2.6
CUST03657,32,Female,Chicago,58596,17,33.05,561.85,Health,Online,50,1,3.6,5.3
CUST03658,39,Female,Chicago,82455,18,349.63,6293.34,Health,Online,5,3,3.1,8.2
CUST03659,30,Female,Houston,41325,13,49.78,647.14,Books,Online,8,1,3.6,4.9
CUST03660,38,Male,Los Angeles,31617,15,67.8,1017.0,Automotive,In-Store,17,2,4.4,5.4
CUST03661,32,Female,San Jose,52616,13,28.72,373.36,Electronics,Online,6,0,3.7,4.8
CUST03662,37,Female,Chicago,21611,8,21.0,168.0,Home & Garden,In-Store,78,2,3.0,3.4
CUST03663,39,Female,San Diego,84574,19,60.14,1142.66,Clothing,Online,18,3,2.6,6.1
CUST03664,39,Female,Philadelphia,31187,17,99.04,1683.68,Automotive,Mobile App,1,2,4.0,6.1
CUST03665,65,Female,San Antonio,88729,8,448.0,3584.0,Home & Garden,In-Store,7,1,4.0,5.3
CUST03666,35,Female,Los Angeles,72788,8,16.67,133.36,Home & Garden,In-Store,20,0,4.6,3.7
CUST03667,36,Male,Houston,47664,12,61.0,732.0,Electronics,Mobile App,6,2,4.2,4.8
CUST03668,37,Female,Los Angeles,24702,12,10,120,Toys,Online,43,0,3.8,4.3
CUST03669,50,Male,Phoenix,20000,12,31.67,380.04,Home & Garden,In-Store,146,1,3.3,3.8
CUST03670,34,Male,Houston,97096,11,202.62,2228.82,Automotive,In-Store,1,1,4.7,5.3
CUST03671,27,Female,Houston,36361,15,112.06,1680.9,Electronics,Online,2,1,4.5,5.8
CUST03672,26,Male,Houston,34139,10,23.63,236.3,Groceries,Mobile App,8,0,3.6,4.2
CUST03673,37,Female,Los Angeles,71971,16,131.5,2104.0,Sports,Online,1,2,3.7,6.1
CUST03674,50,Male,Philadelphia,69330,14,52.91,740.74,Books,Online,6,3,3.0,5.2
CUST03675,26,Female,Philadelphia,28881,13,60.88,791.44,Books,Online,5,1,4.3,5.0
CUST03676,36,Male,San Jose,23590,11,94.82,1043.02,Health,Mobile App,91,1,4.3,4.2
CUST03677,42,Female,San Jose,31795,16,70.16,1122.56,Electronics,In-Store,3,2,4.3,5.7
CUST03678,54,Non-binary,San Diego,37780,13,39.29,510.77,Beauty,Online,63,4,2.7,4.5
CUST03679,46,Male,San Diego,75772,9,33.47,301.23,Books,In-Store,9,2,4.0,4.1
CUST03680,63,Female,San Antonio,27119,14,72.01,1008.14,Health,In-Store,11,0,3.6,5.2
CUST03681,50,Male,San Diego,25338,17,18.41,312.97,Electronics,Online,23,2,3.9,5.4
CUST03682,21,Female,Los Angeles,45517,12,58.16,697.92,Toys,Online,50,1,4.2,4.5
CUST03683,29,Male,Houston,43991,16,19.82,317.12,Clothing,Online,16,5,3.3,5.3
CUST03684,40,Female,Houston,41724,12,114.47,1373.64,Health,Mobile App,31,3,4.0,4.9
CUST03685,39,Male,Phoenix,42885,9,78.56,707.04,Automotive,In-Store,116,1,3.4,3.6
CUST03686,36,Female,Houston,20000,14,188.49,2638.86,Health,Online,7,3,3.8,6.0
CUST03687,61,Male,Chicago,34217,15,78.97,1184.55,Health,Mobile App,71,1,3.9,5.1
CUST03688,46,Female,Dallas,26740,16,35.65,570.4,Toys,Online,9,4,2.8,5.4
CUST03689,72,Male,Phoenix,62507,13,50.86,661.18,Health,Online,27,0,3.9,4.8
CUST03690,40,Female,New York,34371,13,12.94,168.22,Sports,In-Store,22,1,3.1,4.6
CUST03691,54,Female,San Diego,41120,12,143.5,1722.0,Groceries,Mobile App,55,1,3.9,4.9
CUST03692,20,Male,Chicago,30856,20,57.46,1149.2,Electronics,Online,10,3,3.5,6.4
CUST03693,18,Male,Los Angeles,112238,16,292.98,4687.68,Groceries,Mobile App,2,1,3.2,7.2
CUST03694,49,Male,San Diego,26247,7,10,70,Toys,Online,117,0,4.1,2.9
CUST03695,53,Male,Chicago,100170,11,110.68,1217.48,Books,Online,2,1,3.5,4.8
CUST03696,38,Male,Philadelphia,20000,17,92.16,1566.72,Health,Mobile App,25,3,4.3,5.9
CUST03697,18,Male,San Diego,56807,9,33.53,301.77,Clothing,Online,19,2,4.1,4.0
CUST03698,30,Male,San Jose,75606,12,48.83,585.96,Health,Online,7,0,3.8,4.7
CUST03699,50,Female,San Antonio,42108,12,47.46,569.52,Electronics,In-Store,21,1,3.5,4.6
CUST03700,30,Female,Philadelphia,49294,11,43.5,478.5,Automotive,Online,6,2,3.8,4.5
CUST03701,18,Male,Phoenix,20000,9,350.35,3153.15,Books,In-Store,2,1,3.5,5.3
CUST03702,50,Male,Los Angeles,68497,12,32.86,394.32,Clothing,Online,1,1,3.7,4.7
CUST03703,26,Female,Philadelphia,121677,16,141.47,2263.52,Toys,Online,23,1,4.7,6.0
CUST03704,39,Female,Chicago,35580,12,54.04,648.48,Clothing,Online,6,6,2.3,4.8
CUST03705,34,Male,Chicago,21825,11,95.1,1046.1,Home & Garden,Online,57,2,3.8,4.4
CUST03706,49,Non-binary,Philadelphia,63658,10,105.66,1056.6,Automotive,Online,1,1,2.8,4.6
CUST03707,34,Male,Chicago,40544,13,102.34,1330.42,Health,Online,52,5,3.1,4.9
CUST03708,40,Female,Houston,71359,11,125.76,1383.36,Home & Garden,Online,12,3,3.9,4.9
CUST03709,40,Male,San Antonio,27806,14,78.72,1102.08,Electronics,Online,16,2,3.6,5.2
CUST03710,36,Female,New York,36052,10,82.83,828.3,Clothing,In-Store,71,1,3.8,4.1
CUST03711,29,Male,Dallas,58954,13,251.89,3274.57,Electronics,Online,43,0,4.7,5.8
CUST03712,47,Female,Philadelphia,47313,17,47.17,801.89,Home & Garden,Mobile App,68,2,4.1,5.3
CUST03713,47,Female,Houston,26753,17,92.72,1576.24,Toys,Online,83,2,4.0,5.5
CUST03714,20,Male,Chicago,30319,9,32.19,289.71,Books,In-Store,1,0,3.5,4.1
CUST03715,18,Female,Los Angeles,26085,9,134.33,1208.97,Groceries,In-Store,23,0,3.6,4.4
CUST03716,44,Female,Chicago,20000,10,50.56,505.6,Clothing,Online,21,0,3.8,4.3
CUST03717,47,Non-binary,Los Angeles,47932,15,77.1,1156.5,Health,Online,1,1,3.5,5.5
CUST03718,58,Female,San Antonio,53891,9,81.88,736.92,Beauty,Mobile App,49,0,3.9,4.0
CUST03719,49,Female,San Antonio,86245,16,83.17,1330.72,Electronics,In-Store,39,2,3.6,5.5
CUST03720,39,Male,Philadelphia,35300,10,109.3,1093.0,Books,Online,6,0,4.2,4.6
CUST03721,41,Female,Philadelphia,221683,12,38.78,465.36,Books,Online,14,0,4.4,4.6
CUST03722,54,Female,Houston,42862,7,37.64,263.48,Groceries,Online,74,2,3.3,3.3
CUST03723,18,Female,Dallas,50458,14,55.74,780.36,Books,In-Store,11,3,3.9,5.1
CUST03724,41,Female,Chicago,94629,11,209.54,2304.94,Home & Garden,In-Store,20,1,3.3,5.2
CUST03725,65,Male,Los Angeles,20351,12,109.44,1313.28,Books,In-Store,15,1,3.7,5.0
CUST03726,45,Male,Dallas,32958,12,56.93,683.16,Clothing,In-Store,5,2,3.3,4.8
CUST03727,36,Female,New York,87141,9,60.88,547.92,Beauty,Online,40,0,4.1,4.0
CUST03728,44,Male,Philadelphia,21764,11,29.15,320.65,Sports,Mobile App,10,2,4.0,4.4
CUST03729,50,Female,Phoenix,113664,6,24.27,145.62,Toys,In-Store,49,2,3.4,3.2
CUST03730,29,Male,San Jose,40278,8,135.3,1082.4,Automotive,Mobile App,8,1,4.2,4.2
CUST03731,27,Female,San Jose,25831,12,17.59,211.08,Groceries,Online,65,0,4.0,4.2
CUST03732,45,Male,San Diego,69650,9,74.76,672.84,Beauty,In-Store,1,1,4.3,4.3
CUST03733,52,Female,Los Angeles,23109,14,74.89,1048.46,Sports,In-Store,25,3,3.0,5.2
CUST03734,34,Female,Phoenix,72344,16,34.92,558.72,Health,In-Store,14,1,4.1,5.4
CUST03735,26,Male,Philadelphia,61958,10,75.75,757.5,Home & Garden,In-Store,14,0,4.2,4.4
CUST03736,56,Male,Phoenix,92755,12,184.65,2215.8,Home & Garden,Mobile App,58,3,3.4,5.1
CUST03737,43,Female,San Antonio,56139,10,66.39,663.9,Sports,Online,56,2,3.8,4.1
CUST03738,20,Male,Houston,55124,7,52.75,369.25,Health,Mobile App,10,2,3.0,3.7
CUST03739,27,Male,Phoenix,23451,9,68.6,617.4,Home & Garden,In-Store,20,1,2.9,4.1
CUST03740,43,Male,Dallas,37304,12,91.3,1095.6,Automotive,Online,36,1,3.6,4.8
CUST03741,63,Female,San Jose,34792,17,93.73,1593.41,Automotive,Online,3,2,3.2,6.1
CUST03742,48,Female,Phoenix,130908,11,32.79,360.69,Home & Garden,Online,54,3,4.2,4.2
CUST03743,53,Female,Philadelphia,24196,11,830.22,9132.42,Groceries,Mobile App,44,1,3.7,7.9
CUST03744,24,Female,Philadelphia,28681,19,50.61,961.59,Home & Garden,Online,25,2,3.6,6.0
CUST03745,21,Female,San Jose,61146,12,42.43,509.16,Toys,In-Store,8,2,3.9,4.7
CUST03746,42,Male,San Jose,62772,14,372.3,5212.2,Clothing,Online,70,0,3.8,6.6
CUST03747,23,Female,Dallas,50538,11,46.83,515.13,Books,Online,17,3,3.8,4.5
CUST03748,39,Male,Phoenix,32711,11,51.41,565.51,Toys,Online,121,0,4.1,3.8
CUST03749,33,Non-binary,San Jose,33021,12,38.18,458.16,Sports,In-Store,1,4,4.0,4.7
CUST03750,27,Male,Phoenix,25641,21,17.08,358.68,Electronics,Mobile App,1,1,3.7,6.3
CUST03751,28,Female,San Diego,120760,14,38.18,534.52,Health,Online,76,1,2.9,4.6
CUST03752,22,Male,Philadelphia,92620,12,178.13,2137.56,Clothing,Online,81,0,3.8,4.9
CUST03753,33,Male,New York,56857,12,21.59,259.08,Electronics,Mobile App,18,2,3.9,4.5
CUST03754,35,Male,Dallas,45903,7,133.02,931.14,Automotive,Online,3,0,4.2,4.0
CUST03755,49,Female,San Antonio,37107,12,106.4,1276.8,Home & Garden,Online,66,1,3.2,4.6
CUST03756,51,Female,New York,34775,12,37.07,444.84,Electronics,Online,61,2,3.6,4.3
CUST03757,31,Non-binary,Phoenix,146291,9,75.31,677.79,Sports,Online,71,1,3.9,3.8
CUST03758,18,Male,San Jose,94671,17,114.09,1939.53,Health,In-Store,41,1,4.5,6.0
CUST03759,39,Male,Dallas,50972,10,73.35,733.5,Beauty,Mobile App,41,4,3.2,4.2
CUST03760,25,Male,Dallas,20973,15,79.76,1196.4,Health,Online,4,3,3.5,5.5
CUST03761,30,Male,San Antonio,20000,16,63.85,1021.6,Home & Garden,In-Store,1,2,3.0,5.7
CUST03762,44,Male,Chicago,93689,13,128.19,1666.47,Clothing,In-Store,26,2,3.1,5.2
CUST03763,44,Female,Phoenix,110042,6,47.32,283.92,Toys,Online,40,1,4.1,3.3
CUST03764,18,Male,San Antonio,53739,10,35.26,352.6,Home & Garden,Online,46,1,4.2,4.0
CUST03765,33,Female,Chicago,40943,8,85.45,683.6,Home & Garden,Online,1,1,4.0,4.1
CUST03766,26,Male,Phoenix,61868,12,40.58,486.96,Books,In-Store,40,1,3.8,4.5
CUST03767,49,Female,San Antonio,20000,13,142.82,1856.66,Toys,Online,33,2,2.6,5.3
CUST03768,50,Male,Los Angeles,131605,9,119.11,1071.99,Books,In-Store,6,1,4.3,4.4
CUST03769,31,Male,San Antonio,79337,13,34.02,442.26,Health,In-Store,3,0,3.7,4.9
CUST03770,28,Male,Phoenix,67689,11,45.66,502.26,Home & Garden,Mobile App,58,1,4.1,4.2
CUST03771,41,Female,Dallas,43032,7,140.11,980.77,Beauty,Online,19,2,4.1,3.9
CUST03772,53,Female,San Jose,146770,19,38.61,733.59,Books,Mobile App,76,3,3.2,5.6
CUST03773,34,Female,Philadelphia,20000,16,95.95,1535.2,Groceries,In-Store,1,2,3.6,5.9
CUST03774,35,Female,San Antonio,32387,7,200.73,1405.11,Groceries,In-Store,41,0,4.4,4.0
CUST03775,33,Male,Philadelphia,36290,11,50.86,559.46,Beauty,Online,43,2,3.0,4.3
CUST03776,39,Male,Phoenix,25816,17,65.46,1112.82,Home & Garden,Online,55,5,3.9,5.5
CUST03777,28,Female,New York,31904,11,66.8,734.8,Health,Online,102,1,3.2,4.0
CUST03778,29,Female,San Diego,34935,11,54.59,600.49,Electronics,Online,14,2,3.7,4.5
CUST03779,47,Male,San Antonio,26632,9,86.73,780.57,Electronics,Online,64,2,3.5,3.9
CUST03780,34,Female,San Antonio,88221,11,108.27,1190.97,Clothing,Online,51,2,3.2,4.5
CUST03781,34,Male,Phoenix,49673,8,25.76,206.08,Beauty,Mobile App,12,0,4.1,3.8
CUST03782,47,Male,Chicago,112900,6,121.52,729.12,Groceries,Online,8,1,3.1,3.7
CUST03783,41,Female,Dallas,122410,6,150.76,904.56,Health,In-Store,2,1,3.4,3.8
CUST03784,34,Male,New York,44415,18,84.1,1513.8,Books,Online,4,1,3.5,6.2
CUST03785,37,Female,Los Angeles,54228,10,71.65,716.5,Groceries,Online,28,0,3.9,4.3
CUST03786,48,Female,New York,90358,11,130.68,1437.48,Sports,Online,42,2,4.4,4.7
CUST03787,21,Female,San Diego,92185,15,48.19,722.85,Groceries,Online,6,1,3.7,5.3
CUST03788,39,Female,Phoenix,84781,10,92.05,920.5,Groceries,Online,8,0,4.6,4.5
CUST03789,33,Male,Dallas,65908,16,101.32,1621.12,Clothing,Online,1,5,4.0,5.9
CUST03790,34,Male,New York,41931,9,29.91,269.19,Health,In-Store,32,1,4.3,3.9
CUST03791,37,Female,Chicago,33279,15,34.02,510.3,Sports,In-Store,35,1,3.5,5.0
CUST03792,40,Female,Chicago,20000,8,103.42,827.36,Home & Garden,Online,28,2,2.6,4.0
CUST03793,27,Female,San Jose,41955,9,28.54,256.86,Clothing,Online,50,3,3.5,3.8
CUST03794,20,Male,Chicago,74632,15,92.82,1392.3,Automotive,Online,24,0,4.3,5.5
CUST03795,35,Male,Philadelphia,71396,21,102.65,2155.65,Groceries,Online,1,5,3.8,7.0
CUST03796,64,Female,Houston,58494,17,101.19,1720.23,Electronics,Online,2,0,4.3,6.1
CUST03797,54,Male,Phoenix,60618,13,192.24,2499.12,Automotive,Mobile App,1,0,4.6,5.8
CUST03798,49,Female,New York,75663,12,36.8,441.6,Books,Online,33,2,3.8,4.5
CUST03799,28,Male,Chicago,89852,11,50.51,555.61,Groceries,Online,6,2,4.4,4.5
CUST03800,52,Female,Philadelphia,78082,12,48.95,587.4,Health,In-Store,5,1,3.3,4.7
CUST03801,63,Male,San Diego,24068,12,49.39,592.68,Groceries,In-Store,6,4,3.0,4.7
CUST03802,47,Female,Chicago,115135,6,160.43,962.58,Health,In-Store,148,2,3.4,2.9
CUST03803,37,Male,San Antonio,30187,17,23.2,394.4,Groceries,Online,10,1,3.7,5.5
CUST03804,49,Male,San Diego,111195,13,30.31,394.03,Books,In-Store,68,2,4.1,4.4
CUST03805,28,Female,Dallas,61993,17,262.39,4460.63,Toys,Mobile App,1,2,3.2,7.3
CUST03806,55,Female,Philadelphia,49673,7,126.72,887.04,Health,In-Store,100,2,3.3,3.4
CUST03807,28,Female,San Antonio,36536,10,160.11,1601.1,Sports,In-Store,33,0,4.9,4.6
CUST03808,34,Male,Dallas,105697,10,113.6,1136.0,Toys,Online,4,2,3.8,4.6
CUST03809,49,Male,Los Angeles,25638,9,76.78,691.02,Health,Mobile App,4,0,4.4,4.3
CUST03810,33,Female,Los Angeles,174289,14,83.43,1168.02,Health,Mobile App,64,0,4.0,5.0
CUST03811,27,Male,Phoenix,27339,8,43.58,348.64,Beauty,Online,6,0,3.9,3.9
CUST03812,37,Female,New York,34849,6,108.31,649.86,Home & Garden,Online,3,1,3.4,3.7
CUST03813,35,Female,Chicago,20381,11,95.64,1052.04,Toys,Mobile App,38,0,4.8,4.6
CUST03814,55,Female,Chicago,41703,12,75.13,901.56,Sports,Online,4,1,3.9,4.9
CUST03815,21,Male,Houston,31242,7,50.09,350.63,Toys,Online,86,2,4.3,3.2
CUST03816,34,Male,San Diego,61476,11,128.11,1409.21,Beauty,Mobile App,3,2,4.5,4.9
CUST03817,43,Male,San Antonio,20000,5,78.29,391.45,Electronics,Online,34,0,3.5,3.2
CUST03818,30,Male,Los Angeles,47928,10,125.6,1256.0,Sports,Online,197,2,3.6,3.5
CUST03819,26,Male,San Antonio,82225,16,35.7,571.2,Books,Online,7,3,2.4,5.4
CUST03820,31,Male,Dallas,41131,12,38.65,463.8,Automotive,Online,82,1,4.2,4.2
CUST03821,56,Female,San Diego,20504,10,81.91,819.1,Clothing,Online,37,1,4.0,4.3
CUST03822,18,Male,Dallas,39469,8,228.99,1831.92,Groceries,Online,33,0,3.9,4.4
CUST03823,25,Male,Dallas,30270,14,74.44,1042.16,Sports,Online,17,2,4.0,5.2
CUST03824,48,Female,Dallas,81922,14,95.97,1343.58,Beauty,Online,3,2,4.0,5.4
CUST03825,18,Male,San Jose,27465,10,73.36,733.6,Toys,Online,39,2,4.4,4.2
CUST03826,46,Male,Philadelphia,50558,10,53.54,535.4,Electronics,Mobile App,38,1,3.1,4.2
CUST03827,52,Female,San Diego,55322,20,97.29,1945.8,Toys,Online,42,3,2.7,6.5
CUST03828,41,Female,Dallas,48442,16,58.28,932.48,Health,In-Store,21,2,4.0,5.5
CUST03829,53,Non-binary,Chicago,46087,7,102.64,718.48,Books,Online,143,1,4.7,3.0
CUST03830,56,Female,Phoenix,71863,13,100.46,1305.98,Groceries,Online,54,0,3.8,4.9
CUST03831,45,Female,Los Angeles,40835,9,31.86,286.74,Health,Online,11,1,3.7,4.0
CUST03832,22,Male,New York,63041,11,26.68,293.48,Electronics,Online,20,3,3.3,4.3
CUST03833,33,Female,Houston,43946,7,43.96,307.72,Books,In-Store,13,0,3.7,3.7
CUST03834,33,Male,Chicago,34476,14,158.04,2212.56,Books,In-Store,1,3,3.6,5.8
CUST03835,54,Male,Houston,26141,8,59.15,473.2,Electronics,Mobile App,36,1,4.5,3.8
CUST03836,64,Male,New York,35974,14,56.04,784.56,Sports,In-Store,2,1,4.2,5.2
CUST03837,37,Female,Houston,30486,12,164.8,1977.6,Toys,Mobile App,17,1,4.4,5.3
CUST03838,18,Male,San Diego,26101,10,67.23,672.3,Clothing,Online,28,2,3.2,4.3
CUST03839,40,Male,Philadelphia,82853,17,38.75,658.75,Health,In-Store,35,0,3.6,5.5
CUST03840,54,Male,San Diego,103323,8,33.83,270.64,Sports,In-Store,30,2,4.2,3.7
CUST03841,24,Female,Philadelphia,42125,10,26.26,262.6,Beauty,In-Store,76,0,4.3,3.8
CUST03842,31,Female,San Jose,185893,10,155.87,1558.7,Automotive,In-Store,19,2,4.0,4.7
CUST03843,53,Female,Houston,20000,9,46.97,422.73,Home & Garden,Mobile App,24,1,3.7,4.0
CUST03844,51,Male,Phoenix,50432,11,25.67,282.37,Beauty,Mobile App,16,2,3.8,4.4
CUST03845,25,Male,San Antonio,59577,12,119.19,1430.28,Electronics,Mobile App,42,0,4.2,4.9
CUST03846,41,Male,Phoenix,31517,9,85.88,772.92,Clothing,Mobile App,21,1,4.5,4.2
CUST03847,49,Female,Houston,88768,12,69.11,829.32,Home & Garden,Online,1,3,4.2,4.9
CUST03848,63,Male,Los Angeles,63807,10,34.49,344.9,Automotive,In-Store,49,0,3.5,4.0
CUST03849,39,Male,San Antonio,113359,11,16.44,180.84,Books,In-Store,18,3,3.5,4.3
CUST03850,31,Male,Houston,66224,14,50.76,710.64,Groceries,In-Store,3,0,3.3,5.2
CUST03851,41,Female,Los Angeles,77508,11,33.96,373.56,Beauty,Mobile App,2,1,4.4,4.5
CUST03852,46,Male,San Antonio,80704,12,58.11,697.32,Books,Online,37,0,3.3,4.6
CUST03853,51,Male,New York,20000,11,21.7,238.7,Beauty,Mobile App,3,0,4.7,4.4
CUST03854,22,Male,Houston,52022,10,28.31,283.1,Toys,Mobile App,34,1,3.9,4.1
CUST03855,24,Female,San Antonio,24617,13,51.61,670.93,Health,Online,15,2,4.3,4.9
CUST03856,38,Male,Houston,23048,13,37.89,492.57,Sports,Online,108,3,4.3,4.2
CUST03857,28,Female,Philadelphia,91530,14,106.44,1490.16,Groceries,In-Store,29,1,3.5,5.3
CUST03858,19,Female,Los Angeles,27249,13,258.96,3366.48,Clothing,Online,3,0,4.4,6.1
CUST03859,24,Female,New York,33459,15,200.31,3004.65,Groceries,In-Store,20,1,3.6,6.2
CUST03860,41,Female,Los Angeles,24648,10,98.75,987.5,Groceries,Mobile App,37,1,3.6,4.4
CUST03861,30,Male,Chicago,20000,10,46.3,463.0,Electronics,Online,1,0,3.9,4.4
CUST03862,43,Non-binary,Philadelphia,41596,10,100.34,1003.4,Beauty,In-Store,27,2,4.4,4.4
CUST03863,41,Male,Chicago,52106,19,46.32,880.08,Sports,Online,18,1,3.8,6.0
CUST03864,31,Male,San Jose,101073,18,76.44,1375.92,Clothing,Mobile App,8,0,4.7,6.1
CUST03865,40,Female,Houston,44042,13,33.45,434.85,Groceries,Mobile App,2,2,3.7,4.9
CUST03866,36,Female,San Diego,66750,10,229.29,2292.9,Clothing,Online,1,3,4.4,5.1
CUST03867,27,Male,Dallas,34978,14,41.03,574.42,Clothing,Mobile App,36,1,3.7,4.9
CUST03868,47,Male,Los Angeles,77413,12,107.99,1295.88,Toys,In-Store,1,1,3.9,5.1
CUST03869,55,Male,Dallas,97826,9,68.81,619.29,Clothing,Online,110,1,3.8,3.6
CUST03870,41,Male,Phoenix,29957,10,107.9,1079.0,Electronics,Online,2,0,3.9,4.6
CUST03871,48,Male,Chicago,56486,18,62.27,1120.86,Toys,Mobile App,50,2,3.6,5.7
CUST03872,38,Male,Dallas,39686,16,151.15,2418.4,Sports,Online,1,4,3.7,6.2
CUST03873,32,Female,San Antonio,27873,9,28.02,252.18,Books,Mobile App,2,3,4.3,4.1
CUST03874,32,Male,Phoenix,62627,14,55.3,774.2,Beauty,Online,3,2,4.0,5.2
CUST03875,23,Male,Chicago,47802,10,50.9,509.0,Electronics,Online,17,2,2.7,4.3
CUST03876,49,Female,Los Angeles,37397,14,70.96,993.44,Groceries,Online,5,0,4.9,5.3
CUST03877,50,Male,Chicago,85516,12,54.8,657.6,Clothing,Online,62,4,2.7,4.4
CUST03878,25,Male,Philadelphia,42145,12,199.58,2394.96,Health,Online,1,0,4.2,5.5
CUST03879,51,Female,San Antonio,60654,8,85.17,681.36,Clothing,Mobile App,24,2,4.5,4.0
CUST03880,34,Female,Dallas,86419,8,70.48,563.84,Health,Online,16,2,2.6,4.0
CUST03881,40,Female,San Diego,36399,6,137.49,824.94,Electronics,Online,38,0,4.4,3.6
CUST03882,25,Male,Philadelphia,24405,9,60.34,543.06,Clothing,Online,55,0,3.7,3.9
CUST03883,42,Female,Phoenix,71188,12,24.19,290.28,Books,Online,9,2,3.4,4.6
CUST03884,20,Female,San Antonio,32419,8,77.65,621.2,Beauty,Online,16,1,3.7,4.0
CUST03885,32,Female,San Antonio,87624,7,78.74,551.18,Beauty,Mobile App,28,0,4.5,3.7
CUST03886,18,Female,Chicago,102273,12,86.57,1038.84,Electronics,Mobile App,32,1,3.9,4.8
CUST03887,18,Male,Phoenix,44864,11,85.06,935.66,Books,Online,29,2,4.1,4.6
CUST03888,49,Female,Philadelphia,83624,7,81.85,572.95,Groceries,Online,89,0,4.7,3.3
CUST03889,53,Male,Dallas,20000,16,20.17,322.72,Health,Online,26,0,4.1,5.2
CUST03890,36,Male,Houston,29129,11,80.56,886.16,Groceries,Online,23,0,4.7,4.6
CUST03891,32,Female,Philadelphia,42205,12,83.06,996.72,Beauty,Mobile App,98,1,4.1,4.3
CUST03892,18,Male,New York,160157,13,47.11,612.43,Clothing,Online,38,0,4.1,4.7
CUST03893,38,Female,Dallas,38057,13,520.78,6770.14,Home & Garden,Online,1,1,4.5,7.6
CUST03894,30,Male,Dallas,85197,12,100.1,1201.2,Sports,In-Store,5,0,4.3,5.0
CUST03895,20,Female,San Jose,127062,18,110.67,1992.06,Health,Mobile App,32,3,2.4,6.2
CUST03896,56,Male,New York,53113,12,83.15,997.8,Toys,Mobile App,4,0,3.7,4.9
CUST03897,23,Female,Phoenix,79417,8,1351.81,10814.48,Automotive,Mobile App,20,1,3.2,8.3
CUST03898,33,Male,Phoenix,66046,14,120.75,1690.5,Beauty,Online,38,2,3.0,5.4
CUST03899,54,Female,Los Angeles,36412,10,10,100,Toys,Mobile App,2,3,4.0,4.2
CUST03900,45,Male,San Diego,20000,9,35.24,317.16,Health,In-Store,21,0,4.4,4.0
CUST03901,47,Female,San Jose,61596,10,84.21,842.1,Home & Garden,Online,19,4,3.7,4.4
CUST03902,40,Male,New York,89480,12,28.17,338.04,Home & Garden,In-Store,39,0,3.1,4.4
CUST03903,35,Female,San Antonio,54067,9,114.51,1030.59,Sports,Online,27,1,3.8,4.3
CUST03904,34,Male,Houston,36730,9,34.81,313.29,Toys,Online,115,0,3.2,3.4
CUST03905,20,Male,New York,34089,12,69.79,837.48,Clothing,Mobile App,58,1,4.5,4.5
CUST03906,47,Male,Dallas,25932,9,103.72,933.48,Books,Online,1,0,3.5,4.4
CUST03907,62,Female,Phoenix,34772,8,71.42,571.36,Health,In-Store,16,2,3.0,4.0
CUST03908,38,Female,San Jose,47328,11,139.99,1539.89,Home & Garden,In-Store,18,1,3.9,4.9
CUST03909,58,Female,Los Angeles,20000,9,79.7,717.3,Home & Garden,Mobile App,95,0,4.7,3.7
CUST03910,41,Male,Philadelphia,107903,9,115.68,1041.12,Groceries,In-Store,62,1,3.6,4.0
CUST03911,37,Male,San Antonio,54417,13,86.22,1120.86,Clothing,Online,1,0,3.6,5.2
CUST03912,29,Male,San Diego,63885,11,39.08,429.88,Electronics,Online,46,0,3.9,4.2
CUST03913,43,Female,Phoenix,83419,11,44.1,485.1,Groceries,In-Store,4,2,3.2,4.5
CUST03914,43,Female,San Antonio,86069,12,198.18,2378.16,Groceries,Mobile App,14,2,2.9,5.4
CUST03915,44,Male,Chicago,46259,9,63.2,568.8,Beauty,Online,18,0,3.9,4.1
CUST03916,41,Female,Phoenix,88294,9,77.6,698.4,Automotive,In-Store,15,0,4.1,4.2
CUST03917,35,Female,Los Angeles,80643,9,93.32,839.88,Groceries,Mobile App,1,1,3.5,4.3
CUST03918,18,Female,New York,71345,13,42.78,556.14,Home & Garden,Online,38,3,4.2,4.7
CUST03919,44,Female,Phoenix,67724,23,56.49,1299.27,Groceries,Online,17,4,4.9,6.9
CUST03920,34,Male,Los Angeles,46499,10,16.57,165.7,Automotive,In-Store,52,1,2.7,3.9
CUST03921,44,Female,San Diego,38879,12,47.6,571.2,Automotive,Online,24,0,3.5,4.6
CUST03922,48,Female,Phoenix,63186,13,114.52,1488.76,Clothing,Online,18,0,4.7,5.2
CUST03923,44,Male,Chicago,36674,9,159.89,1439.01,Books,Mobile App,129,2,3.1,3.8
CUST03924,37,Female,Phoenix,23827,8,42.56,340.48,Electronics,Mobile App,5,0,5.0,3.9
CUST03925,62,Female,Los Angeles,79900,9,153.55,1381.95,Clothing,Online,12,2,4.0,4.5
CUST03926,40,Male,Dallas,39852,9,38.1,342.9,Automotive,Online,40,1,3.8,3.9
CUST03927,41,Non-binary,Philadelphia,37872,10,49.19,491.9,Electronics,Online,39,1,4.0,4.1
CUST03928,23,Male,San Antonio,27655,7,118.72,831.04,Clothing,Mobile App,144,3,2.8,3.1
CUST03929,37,Female,San Antonio,30648,15,53.58,803.7,Home & Garden,Online,27,2,3.5,5.2
CUST03930,47,Female,San Diego,35965,8,17.39,139.12,Health,In-Store,43,1,3.5,3.6
CUST03931,24,Male,Houston,83184,14,113.0,1582.0,Toys,In-Store,10,3,3.9,5.5
CUST03932,39,Male,Philadelphia,71206,10,34.57,345.7,Beauty,Online,2,1,3.6,4.3
CUST03933,24,Male,San Diego,56086,9,35.15,316.35,Home & Garden,Online,12,1,3.8,4.1
CUST03934,18,Male,Philadelphia,33745,11,118.79,1306.69,Beauty,Online,2,2,2.5,4.9
CUST03935,30,Female,Philadelphia,73258,8,64.48,515.84,Toys,Online,1,1,3.5,4.0
CUST03936,40,Female,San Jose,62358,7,74.12,518.84,Automotive,In-Store,47,1,3.9,3.6
CUST03937,55,Male,Chicago,62756,9,68.7,618.3,Toys,Online,19,0,3.8,4.1
CUST03938,37,Non-binary,Philadelphia,56850,11,55.76,613.36,Clothing,In-Store,13,2,3.2,4.5
CUST03939,32,Male,Philadelphia,51887,10,70.58,705.8,Home & Garden,Online,13,2,3.2,4.4
CUST03940,41,Female,Phoenix,35005,16,20.31,324.96,Electronics,Mobile App,23,2,3.2,5.2
CUST03941,56,Male,Phoenix,67857,14,72.41,1013.74,Groceries,In-Store,9,2,3.2,5.2
CUST03942,53,Female,Chicago,73591,12,48.03,576.36,Sports,Online,37,1,3.4,4.5
CUST03943,42,Male,Los Angeles,24317,16,64.33,1029.28,Automotive,Online,6,4,3.1,5.6
CUST03944,43,Female,Phoenix,32143,12,31.87,382.44,Books,Online,7,1,5.0,4.6
CUST03945,36,Non-binary,Philadelphia,33923,12,88.81,1065.72,Groceries,In-Store,17,4,3.7,4.9
CUST03946,29,Female,Dallas,50453,15,88.91,1333.65,Health,In-Store,46,3,3.6,5.3
CUST03947,34,Male,Los Angeles,20248,9,434.39,3909.51,Clothing,Mobile App,58,1,4.1,5.3
CUST03948,40,Female,Philadelphia,39017,12,48.62,583.44,Clothing,Online,10,1,3.7,4.7
CUST03949,18,Male,Los Angeles,89721,18,44.36,798.48,Home & Garden,Online,18,5,3.4,5.8
CUST03950,24,Male,Dallas,25953,14,45.42,635.88,Automotive,Mobile App,6,1,4.5,5.1
CUST03951,30,Male,Dallas,34595,11,113.83,1252.13,Health,Mobile App,23,3,3.3,4.7
CUST03952,50,Female,Dallas,27228,12,40.63,487.56,Sports,Online,11,1,3.7,4.7
CUST03953,35,Male,New York,55808,10,34.34,343.4,Sports,Mobile App,10,2,2.9,4.3
CUST03954,21,Male,Philadelphia,45449,9,86.84,781.56,Sports,In-Store,63,1,3.5,3.9
CUST03955,24,Male,Los Angeles,40012,11,72.22,794.42,Health,Online,45,1,3.6,4.4
CUST03956,38,Female,New York,98024,12,82.84,994.08,Toys,Mobile App,15,2,3.8,4.8
CUST03957,36,Male,Los Angeles,90502,11,26.66,293.26,Sports,Online,95,3,3.9,3.9
CUST03958,46,Female,Houston,48439,9,38.78,349.02,Clothing,Online,130,3,3.7,3.3
CUST03959,61,Male,San Jose,30378,15,65.53,982.95,Clothing,In-Store,48,2,3.8,5.2
CUST03960,34,Male,Houston,32406,11,38.13,419.43,Groceries,Online,17,2,4.3,4.4
CUST03961,21,Female,Dallas,77036,14,33.85,473.9,Home & Garden,Mobile App,13,2,3.3,5.0
CUST03962,34,Male,Dallas,67631,21,28.27,593.67,Sports,In-Store,32,4,3.2,6.2
CUST03963,59,Female,Houston,99300,11,137.6,1513.6,Toys,In-Store,32,1,4.0,4.8
CUST03964,44,Male,Houston,22635,11,20.28,223.08,Health,In-Store,3,2,3.2,4.4
CUST03965,57,Male,Dallas,49892,12,30.89,370.68,Sports,Online,14,1,3.9,4.6
CUST03966,32,Male,San Jose,140808,7,43.32,303.24,Books,Mobile App,10,3,2.6,3.7
CUST03967,69,Male,Houston,75418,11,25.71,282.81,Health,Mobile App,36,0,4.8,4.2
CUST03968,43,Male,San Antonio,21891,9,22.05,198.45,Sports,In-Store,58,1,4.7,3.7
CUST03969,27,Female,Los Angeles,59178,14,54.79,767.06,Books,In-Store,9,5,3.4,5.1
CUST03970,43,Female,Chicago,95622,8,163.12,1304.96,Health,Online,60,1,3.6,4.0
CUST03971,25,Female,Los Angeles,39895,9,65.01,585.09,Home & Garden,Online,102,3,2.8,3.6
CUST03972,49,Male,Houston,77008,9,52.49,472.41,Electronics,In-Store,41,2,3.5,3.9
CUST03973,18,Female,Chicago,38455,15,31.14,467.1,Home & Garden,Online,16,0,3.2,5.1
CUST03974,18,Male,New York,91655,13,144.29,1875.77,Home & Garden,In-Store,19,3,3.2,5.4
CUST03975,42,Female,New York,20000,19,31.35,595.65,Books,Online,13,3,3.6,5.9
CUST03976,18,Male,Chicago,31951,13,66.47,864.11,Groceries,In-Store,55,2,3.4,4.7
CUST03977,27,Female,Philadelphia,42735,7,41.67,291.69,Beauty,Mobile App,154,2,3.9,2.8
CUST03978,39,Male,Dallas,35449,19,58.56,1112.64,Sports,Online,16,1,3.9,6.1
CUST03979,28,Male,Chicago,65049,15,48.23,723.45,Home & Garden,Online,38,2,3.4,5.1
CUST03980,42,Male,Houston,83527,8,57.11,456.88,Toys,Online,48,0,3.8,3.7
CUST03981,44,Male,New York,73087,13,66.39,863.07,Sports,Online,16,3,3.7,5.0
CUST03982,32,Male,New York,78666,9,116.91,1052.19,Electronics,In-Store,6,1,3.4,4.4
CUST03983,23,Female,Houston,73037,13,63.44,824.72,Books,Online,10,0,5.0,5.0
CUST03984,52,Male,Phoenix,22372,15,32.68,490.2,Sports,Online,6,1,4.1,5.2
CUST03985,42,Female,San Diego,52427,8,35.65,285.2,Automotive,Online,46,2,3.3,3.6
CUST03986,44,Male,Phoenix,69548,7,187.89,1315.23,Home & Garden,Online,199,0,4.3,2.9
CUST03987,57,Female,Phoenix,49795,11,78.76,866.36,Toys,Mobile App,11,0,3.5,4.6
CUST03988,24,Male,San Diego,35473,17,111.55,1896.35,Home & Garden,Online,17,2,4.2,6.1
CUST03989,34,Male,Houston,24791,8,13.76,110.08,Toys,Online,48,1,3.7,3.6
CUST03990,53,Non-binary,Dallas,31707,12,27.81,333.72,Automotive,In-Store,19,1,4.0,4.5
CUST03991,35,Male,Phoenix,20000,11,45.49,500.39,Beauty,In-Store,15,2,4.4,4.5
CUST03992,41,Female,Phoenix,29377,17,72.49,1232.33,Automotive,In-Store,24,0,2.9,5.8
CUST03993,42,Female,New York,38383,7,178.64,1250.48,Clothing,In-Store,11,1,4.4,4.1
CUST03994,31,Female,Houston,40547,13,96.24,1251.12,Sports,Online,9,0,4.4,5.2
CUST03995,42,Male,Dallas,21294,6,33.99,203.94,Health,In-Store,55,1,3.9,3.2
CUST03996,49,Female,Chicago,43169,11,156.12,1717.32,Toys,Mobile App,1,1,4.4,5.1
CUST03997,48,Male,New York,153238,14,36.79,515.06,Beauty,In-Store,12,1,3.4,5.0
CUST03998,21,Female,San Antonio,63996,17,54.05,918.85,Health,Online,16,4,3.3,5.7
CUST03999,47,Female,Chicago,58844,10,97.95,979.5,Clothing,In-Store,36,2,3.6,4.4
CUST04000,28,Female,San Antonio,46341,10,51.58,515.8,Sports,In-Store,60,0,3.4,4.0
CUST04001,35,Male,Houston,26021,11,33.23,365.53,Books,In-Store,3,1,4.3,4.5
CUST04002,22,Female,San Jose,26052,8,17.63,141.04,Health,Online,113,0,3.3,3.2
CUST04003,45,Male,San Jose,117401,8,286.11,2288.88,Home & Garden,Mobile App,8,2,3.6,4.7
CUST04004,51,Male,Philadelphia,69324,7,63.41,443.87,Beauty,Online,56,2,3.5,3.5
CUST04005,18,Male,Philadelphia,38061,18,66.16,1190.88,Toys,Online,8,4,3.2,6.0
CUST04006,47,Female,New York,32413,15,23.01,345.15,Clothing,Online,17,3,3.5,5.1
CUST04007,43,Female,Houston,23098,10,119.23,1192.3,Books,Mobile App,8,0,4.3,4.6
CUST04008,33,Male,San Antonio,87428,8,28.95,231.6,Automotive,Mobile App,38,2,3.5,3.7
CUST04009,37,Male,Dallas,25051,18,31.01,558.18,Toys,In-Store,39,2,3.3,5.6
CUST04010,62,Male,Houston,42158,17,99.43,1690.31,Home & Garden,Online,1,2,3.6,6.1
CUST04011,56,Male,New York,33017,11,96.75,1064.25,Health,Online,93,5,3.3,4.2
CUST04012,51,Non-binary,San Jose,74849,11,45.31,498.41,Toys,Mobile App,6,0,4.6,4.5
CUST04013,50,Male,Houston,56546,11,46.38,510.18,Health,Online,35,1,4.4,4.3
CUST04014,38,Female,San Jose,31348,10,19.39,193.9,Automotive,In-Store,10,0,3.7,4.2
CUST04015,29,Female,Houston,71540,15,78.38,1175.7,Electronics,Online,4,3,4.0,5.5
CUST04016,32,Male,Chicago,43265,11,13.31,146.41,Electronics,Mobile App,15,1,3.3,4.3
CUST04017,30,Female,Houston,53546,15,38.42,576.3,Books,Mobile App,36,2,4.8,5.1
CUST04018,35,Male,Dallas,43830,18,47.92,862.56,Health,Online,12,3,3.5,5.9
CUST04019,47,Female,New York,20000,13,113.88,1480.44,Books,In-Store,25,2,4.0,5.2
CUST04020,41,Female,San Diego,117725,20,63.18,1263.6,Automotive,In-Store,1,6,2.8,6.5
CUST04021,21,Male,Los Angeles,59432,14,92.98,1301.72,Health,Online,17,1,3.3,5.3
CUST04022,33,Male,Chicago,29271,9,183.18,1648.62,Groceries,Online,59,0,3.5,4.3
CUST04023,47,Male,Chicago,55732,9,62.62,563.58,Home & Garden,Mobile App,28,1,3.4,4.1
CUST04024,37,Male,Phoenix,38222,14,138.36,1937.04,Toys,Online,52,0,3.7,5.4
CUST04025,37,Male,San Jose,78064,21,93.03,1953.63,Groceries,Online,3,3,3.6,6.9
CUST04026,59,Female,Houston,26117,11,111.59,1227.49,Beauty,In-Store,3,2,3.3,4.8
CUST04027,53,Female,Phoenix,48271,11,95.52,1050.72,Books,Online,31,1,3.7,4.6
CUST04028,48,Male,Chicago,46532,11,217.82,2396.02,Toys,Online,48,2,4.3,5.1
CUST04029,49,Male,New York,48438,9,39.57,356.13,Automotive,Online,1,0,3.3,4.1
CUST04030,18,Female,San Antonio,24544,9,36.98,332.82,Clothing,Online,49,1,4.3,3.8
CUST04031,34,Male,Los Angeles,41578,8,73.51,588.08,Groceries,Online,74,0,4.0,3.6
CUST04032,39,Male,Chicago,67224,6,356.65,2139.9,Sports,In-Store,312,0,4.6,2.4
CUST04033,31,Female,Dallas,151586,9,123.64,1112.76,Health,Mobile App,85,1,4.0,3.9
CUST04034,18,Female,Philadelphia,63104,9,134.29,1208.61,Toys,Online,125,0,4.9,3.7
CUST04035,55,Non-binary,Dallas,26384,13,30.85,401.05,Health,Online,51,2,3.3,4.5
CUST04036,31,Male,Chicago,37403,9,16.43,147.87,Health,Mobile App,33,1,3.7,3.8
CUST04037,36,Male,Philadelphia,66630,4,54.51,218.04,Sports,In-Store,94,0,3.6,2.6
CUST04038,47,Female,New York,32310,7,32.39,226.73,Home & Garden,Online,59,2,3.7,3.4
CUST04039,18,Male,Dallas,71647,8,26.14,209.12,Toys,Mobile App,87,0,3.5,3.4
CUST04040,32,Female,Los Angeles,84162,14,46.96,657.44,Groceries,Mobile App,26,3,3.8,5.0
CUST04041,34,Male,Dallas,20000,10,91.34,913.4,Clothing,In-Store,87,0,3.8,4.0
CUST04042,32,Male,San Jose,35901,12,76.59,919.08,Groceries,Online,4,3,3.2,4.9
CUST04043,22,Male,Houston,47816,13,105.63,1373.19,Groceries,Online,23,2,4.3,5.1
CUST04044,43,Male,San Jose,52392,13,67.92,882.96,Automotive,Mobile App,157,0,4.4,4.1
CUST04045,20,Male,Dallas,54396,11,41.47,456.17,Clothing,Online,12,0,3.7,4.5
CUST04046,31,Female,Phoenix,69446,11,81.76,899.36,Sports,Online,17,0,4.1,4.6
CUST04047,40,Male,Chicago,30197,10,76.82,768.2,Electronics,Online,11,3,3.3,4.4
CUST04048,58,Female,Houston,61505,10,64.18,641.8,Groceries,Mobile App,7,5,3.0,4.4
CUST04049,35,Male,Los Angeles,87634,11,63.63,699.93,Automotive,Online,5,0,3.3,4.6
CUST04050,38,Male,San Antonio,52244,14,48.24,675.36,Automotive,Online,47,2,3.4,4.9
CUST04051,48,Female,San Diego,29382,12,126.53,1518.36,Groceries,In-Store,103,1,3.0,4.5
CUST04052,18,Non-binary,Philadelphia,43205,12,101.81,1221.72,Electronics,Online,19,1,3.5,4.9
CUST04053,45,Male,New York,28863,14,63.4,887.6,Electronics,Mobile App,14,2,3.9,5.2
CUST04054,47,Female,Los Angeles,109615,10,41.17,411.7,Beauty,Online,104,0,3.9,3.7
CUST04055,44,Female,San Jose,26460,14,127.63,1786.82,Clothing,Online,20,2,3.6,5.5
CUST04056,39,Male,Los Angeles,91199,17,75.64,1285.88,Toys,In-Store,20,3,3.9,5.8
CUST04057,29,Female,Philadelphia,81872,10,74.83,748.3,Electronics,In-Store,35,1,3.7,4.3
CUST04058,45,Female,San Jose,67371,12,117.87,1414.44,Electronics,In-Store,31,0,3.6,4.9
CUST04059,41,Non-binary,Philadelphia,55646,9,129.62,1166.58,Books,In-Store,37,0,5.0,4.3
CUST04060,35,Female,Dallas,58362,14,38.04,532.56,Sports,In-Store,81,3,3.3,4.6
CUST04061,28,Male,Los Angeles,65110,15,94.92,1423.8,Automotive,Mobile App,11,1,4.3,5.6
CUST04062,18,Female,San Jose,44695,8,18.67,149.36,Automotive,Online,4,0,3.8,3.9
CUST04063,57,Female,Los Angeles,58936,13,60.2,782.6,Groceries,Online,1,1,3.9,5.0
CUST04064,18,Female,Dallas,70064,16,92.81,1484.96,Health,In-Store,17,1,4.0,5.7
CUST04065,49,Male,San Diego,74290,12,118.0,1416.0,Electronics,In-Store,13,2,3.4,5.0
CUST04066,36,Male,New York,81784,10,53.93,539.3,Health,Online,26,1,4.1,4.2
CUST04067,28,Female,Houston,23948,12,31.84,382.08,Books,Online,2,6,2.9,4.7
CUST04068,20,Male,Philadelphia,103694,7,73.85,516.95,Automotive,Online,10,1,4.1,3.8
CUST04069,49,Male,San Antonio,92761,17,52.47,891.99,Health,Online,20,1,3.5,5.7
CUST04070,55,Male,Phoenix,144285,12,74.34,892.08,Automotive,Online,9,1,4.2,4.8
CUST04071,18,Male,New York,51193,8,90.98,727.84,Beauty,Online,8,1,3.1,4.1
CUST04072,27,Male,San Jose,166479,17,121.29,2061.93,Books,In-Store,22,1,4.5,6.1
CUST04073,48,Female,New York,65321,6,86.12,516.72,Toys,Online,93,1,3.1,3.1
CUST04074,42,Male,San Antonio,38991,10,22.66,226.6,Health,Mobile App,67,0,4.2,3.8
CUST04075,18,Female,San Jose,38938,14,57.76,808.64,Beauty,In-Store,1,2,4.4,5.2
CUST04076,47,Male,San Jose,55747,10,102.75,1027.5,Automotive,Online,17,0,3.7,4.5
CUST04077,36,Male,Phoenix,80452,16,90.72,1451.52,Electronics,Mobile App,12,1,3.0,5.8
CUST04078,44,Female,Phoenix,28733,8,36.84,294.72,Automotive,Online,31,1,3.3,3.7
CUST04079,21,Female,Dallas,67405,13,67.33,875.29,Electronics,Online,4,3,3.6,5.0
CUST04080,43,Female,Chicago,28677,15,60.45,906.75,Automotive,Mobile App,50,2,4.1,5.1
CUST04081,22,Female,Houston,90830,9,60.07,540.63,Automotive,Online,54,0,3.8,3.9
CUST04082,44,Female,Houston,41988,18,70.82,1274.76,Automotive,In-Store,15,4,3.9,6.0
CUST04083,33,Male,Houston,57827,14,190.46,2666.44,Groceries,In-Store,38,4,2.7,5.8
CUST04084,42,Male,San Antonio,72366,13,32.12,417.56,Health,In-Store,4,1,4.3,4.8
CUST04085,46,Female,Dallas,24336,15,56.56,848.4,Health,In-Store,7,3,3.8,5.4
CUST04086,49,Female,Phoenix,66819,9,44.11,396.99,Books,Online,21,0,4.0,4.0
CUST04087,31,Male,San Antonio,23462,7,130.02,910.14,Groceries,Online,7,0,4.3,4.0
CUST04088,21,Female,Dallas,88100,12,83.83,1005.96,Books,Online,86,0,3.5,4.4
CUST04089,39,Male,Phoenix,33577,21,41.3,867.3,Clothing,Online,7,0,3.9,6.4
CUST04090,50,Male,San Antonio,20000,16,76.42,1222.72,Sports,Mobile App,16,1,3.5,5.6
CUST04091,23,Female,Chicago,48460,11,74.35,817.85,Beauty,Mobile App,62,0,3.8,4.3
CUST04092,18,Male,Phoenix,107370,11,35.65,392.15,Electronics,Online,91,0,4.0,3.9
CUST04093,42,Female,Philadelphia,74869,12,133.64,1603.68,Beauty,In-Store,29,3,3.0,5.0
CUST04094,34,Male,Houston,31548,9,53.74,483.66,Electronics,In-Store,61,0,3.7,3.8
CUST04095,44,Male,Phoenix,55330,13,42.63,554.19,Books,In-Store,24,1,4.2,4.8
CUST04096,42,Female,Dallas,24099,11,138.48,1523.28,Health,Mobile App,9,1,4.2,4.9
CUST04097,59,Female,New York,37610,12,125.39,1504.68,Home & Garden,In-Store,27,2,4.2,5.0
CUST04098,71,Male,Dallas,62716,15,84.36,1265.4,Automotive,In-Store,35,4,3.9,5.4
CUST04099,22,Female,Phoenix,57278,16,21.24,339.84,Beauty,In-Store,27,4,3.6,5.2
CUST04100,30,Male,San Jose,26212,11,242.0,2662.0,Electronics,In-Store,84,1,3.0,4.9
CUST04101,20,Male,Phoenix,22362,14,97.68,1367.52,Electronics,Mobile App,10,0,4.2,5.4
CUST04102,21,Male,Houston,103814,12,111.3,1335.6,Home & Garden,Online,15,2,3.6,5.0
CUST04103,32,Female,Philadelphia,39660,12,36.78,441.36,Home & Garden,Mobile App,31,2,4.8,4.5
CUST04104,44,Male,Philadelphia,53443,11,75.07,825.77,Clothing,Online,39,1,3.9,4.5
CUST04105,37,Male,Chicago,75277,11,53.32,586.52,Clothing,Online,33,0,3.7,4.4
CUST04106,38,Female,San Diego,26447,13,31.06,403.78,Automotive,Online,23,4,3.0,4.7
CUST04107,64,Female,Los Angeles,44309,10,42.3,423.0,Automotive,Online,3,0,4.8,4.3
CUST04108,29,Non-binary,Houston,43497,15,28.6,429.0,Health,Online,38,3,4.3,5.0
CUST04109,24,Female,San Diego,20000,13,263.95,3431.35,Home & Garden,Online,7,0,4.7,6.1
CUST04110,46,Female,Houston,63433,11,47.65,524.15,Electronics,Mobile App,7,2,2.7,4.5
CUST04111,39,Female,Los Angeles,39291,9,27.22,244.98,Clothing,Mobile App,10,2,2.5,4.0
CUST04112,55,Female,Dallas,116394,13,52.63,684.19,Toys,In-Store,28,0,4.6,4.8
CUST04113,37,Male,San Antonio,30023,17,34.76,590.92,Clothing,Online,12,2,4.0,5.6
CUST04114,48,Female,San Antonio,51305,11,88.53,973.83,Automotive,In-Store,89,1,4.0,4.2
CUST04115,42,Female,New York,32428,13,49.87,648.31,Electronics,Mobile App,1,1,3.9,5.0
CUST04116,39,Male,New York,50339,14,66.95,937.3,Electronics,In-Store,44,1,3.7,5.0
CUST04117,27,Male,San Antonio,33909,10,164.84,1648.4,Clothing,In-Store,40,1,4.1,4.6
CUST04118,42,Female,Dallas,62416,6,183.32,1099.92,Electronics,Online,42,0,3.7,3.7
CUST04119,35,Male,San Diego,136180,7,58.1,406.7,Toys,Online,40,1,3.6,3.6
CUST04120,33,Male,San Jose,41545,12,32.85,394.2,Clothing,Mobile App,2,0,3.6,4.7
CUST04121,41,Female,New York,37752,10,603.96,6039.6,Health,In-Store,20,0,4.4,6.6
CUST04122,47,Male,San Jose,88926,11,92.66,1019.26,Beauty,Online,30,0,3.7,4.6
CUST04123,47,Male,Phoenix,42984,11,29.6,325.6,Health,Online,24,3,3.7,4.3
CUST04124,42,Male,Dallas,55484,12,51.06,612.72,Health,Online,14,2,3.3,4.7
CUST04125,55,Female,Houston,91321,16,71.93,1150.88,Home & Garden,Online,2,0,3.6,5.7
CUST04126,32,Male,New York,104327,12,44.85,538.2,Health,Online,8,0,3.9,4.7
CUST04127,29,Non-binary,Houston,46927,19,57.12,1085.28,Groceries,Mobile App,4,0,4.4,6.2
CUST04128,35,Male,Houston,114554,16,39.49,631.84,Health,In-Store,2,0,4.2,5.5
CUST04129,44,Male,Houston,88995,8,38.52,308.16,Toys,Online,115,2,4.0,3.2
CUST04130,22,Male,Los Angeles,76142,10,76.02,760.2,Clothing,Online,1,1,4.0,4.5
CUST04131,31,Male,Phoenix,87928,13,19.31,251.03,Groceries,In-Store,5,4,3.6,4.8
CUST04132,46,Male,New York,249032,19,47.78,907.82,Beauty,In-Store,24,1,4.0,6.0
CUST04133,43,Female,Philadelphia,77627,11,34.26,376.86,Home & Garden,Online,18,1,3.6,4.4
CUST04134,40,Male,San Antonio,36556,11,89.54,984.94,Electronics,In-Store,39,0,4.0,4.5
CUST04135,46,Male,Chicago,20000,8,68.95,551.6,Books,In-Store,45,0,3.6,3.8
CUST04136,51,Male,New York,115049,11,70.05,770.55,Home & Garden,Mobile App,5,1,2.9,4.6
CUST04137,29,Male,Houston,34176,19,26.22,498.18,Beauty,Online,7,2,4.3,5.9
CUST04138,56,Female,Los Angeles,66995,13,211.35,2747.55,Electronics,Online,6,1,4.6,5.8
CUST04139,18,Female,Los Angeles,47129,10,61.45,614.5,Beauty,Mobile App,8,2,3.5,4.4
CUST04140,53,Male,Chicago,77588,14,65.56,917.84,Home & Garden,Online,48,2,3.7,5.0
CUST04141,18,Male,New York,40526,17,10,170,Books,In-Store,58,1,3.2,5.1
CUST04142,18,Male,San Jose,36906,5,127.04,635.2,Clothing,Online,18,0,3.2,3.4
CUST04143,34,Female,San Antonio,36869,10,90.59,905.9,Automotive,In-Store,24,0,4.2,4.4
CUST04144,18,Male,Houston,59468,15,58.76,881.4,Automotive,Mobile App,2,3,3.2,5.4
CUST04145,42,Male,New York,31761,16,241.52,3864.32,Clothing,Online,36,1,3.2,6.6
CUST04146,50,Female,New York,52135,17,195.6,3325.2,Automotive,Mobile App,3,2,3.7,6.8
CUST04147,29,Female,Philadelphia,29313,13,96.51,1254.63,Sports,Online,1,2,3.4,5.2
CUST04148,51,Female,Dallas,20000,10,49.91,499.1,Automotive,Online,23,0,4.6,4.2
CUST04149,45,Male,Houston,63278,21,43.49,913.29,Beauty,In-Store,16,2,4.8,6.4
CUST04150,40,Male,Los Angeles,68831,14,37.8,529.2,Beauty,Online,70,2,3.6,4.7
CUST04151,41,Female,San Jose,68454,27,87.71,2368.17,Electronics,In-Store,2,2,3.0,8.2
CUST04152,38,Non-binary,San Jose,106679,9,43.83,394.47,Clothing,Mobile App,26,1,3.9,4.0
CUST04153,48,Male,Chicago,40358,16,35.64,570.24,Electronics,In-Store,18,1,4.0,5.4
CUST04154,33,Male,Phoenix,30174,12,133.15,1597.8,Health,Mobile App,22,1,3.5,5.1
CUST04155,43,Male,San Jose,93011,16,36.08,577.28,Health,In-Store,5,3,3.5,5.4
CUST04156,53,Female,San Jose,20000,13,42.88,557.44,Health,Mobile App,75,2,3.1,4.5
CUST04157,29,Female,Phoenix,23781,15,86.7,1300.5,Automotive,In-Store,24,0,4.5,5.5
CUST04158,23,Female,San Diego,46476,11,56.81,624.91,Clothing,Mobile App,26,2,3.5,4.4
CUST04159,55,Male,Dallas,48421,19,57.54,1093.26,Beauty,In-Store,1,3,3.2,6.2
CUST04160,31,Female,San Jose,50740,10,295.19,2951.9,Home & Garden,Online,7,1,3.3,5.4
CUST04161,38,Female,Phoenix,43966,7,88.26,617.82,Electronics,In-Store,33,1,3.5,3.7
CUST04162,42,Female,San Jose,28335,9,22.38,201.42,Health,In-Store,64,3,3.3,3.7
CUST04163,33,Female,Chicago,39930,12,27.11,325.32,Home & Garden,Online,17,1,3.3,4.6
CUST04164,42,Female,Houston,54687,15,65.74,986.1,Sports,In-Store,76,2,3.3,5.0
CUST04165,48,Female,San Antonio,67949,19,350.73,6663.87,Books,In-Store,55,3,3.8,8.2
CUST04166,39,Female,New York,232791,15,69.88,1048.2,Books,In-Store,12,4,3.4,5.4
CUST04167,31,Male,Dallas,55338,8,70.53,564.24,Toys,Online,18,2,4.0,3.9
CUST04168,49,Female,San Diego,33487,19,97.46,1851.74,Books,Mobile App,5,2,4.4,6.5
CUST04169,57,Male,San Diego,49404,8,51.68,413.44,Groceries,In-Store,11,1,3.4,3.9
CUST04170,20,Male,Houston,32266,15,26.48,397.2,Automotive,In-Store,79,0,4.0,4.7
CUST04171,38,Male,San Jose,143418,17,218.22,3709.74,Beauty,In-Store,1,0,4.1,7.0
CUST04172,32,Female,Dallas,39719,11,24.66,271.26,Groceries,In-Store,79,0,4.4,4.0
CUST04173,19,Female,New York,60823,14,47.56,665.84,Sports,Mobile App,1,2,4.1,5.1
CUST04174,19,Female,San Antonio,37151,10,75.22,752.2,Clothing,Mobile App,42,1,4.0,4.2
CUST04175,18,Female,San Jose,63117,16,87.07,1393.12,Health,Online,19,1,3.8,5.7
CUST04176,18,Male,Chicago,144137,10,32.41,324.1,Books,In-Store,91,0,4.1,3.7
CUST04177,27,Male,Chicago,88700,9,115.11,1035.99,Books,In-Store,10,0,4.5,4.4
CUST04178,42,Male,Dallas,70422,14,44.63,624.82,Books,In-Store,13,1,4.4,5.1
CUST04179,34,Male,Los Angeles,47764,11,64.45,708.95,Home & Garden,Online,6,0,3.1,4.6
CUST04180,64,Female,San Antonio,23771,15,79.23,1188.45,Clothing,In-Store,14,3,4.4,5.5
CUST04181,41,Female,Chicago,61051,10,32.52,325.2,Home & Garden,Mobile App,93,1,4.1,3.7
CUST04182,19,Male,Philadelphia,27339,6,106.94,641.64,Clothing,Online,151,2,3.3,2.8
CUST04183,21,Male,Phoenix,50744,9,45.06,405.54,Books,In-Store,113,2,2.9,3.5
CUST04184,20,Male,Phoenix,60749,14,43.97,615.58,Automotive,Online,27,3,2.9,5.0
CUST04185,18,Female,New York,126219,16,171.06,2736.96,Groceries,Online,104,3,3.3,5.7
CUST04186,18,Male,New York,45796,8,190.44,1523.52,Automotive,Online,94,0,4.2,3.9
CUST04187,30,Male,San Antonio,97563,13,102.33,1330.29,Clothing,Mobile App,18,3,2.8,5.1
CUST04188,47,Male,San Antonio,115902,11,84.39,928.29,Automotive,Online,8,3,3.6,4.7
CUST04189,34,Male,Houston,48424,10,82.32,823.2,Health,Online,16,2,4.0,4.4
CUST04190,20,Female,New York,71878,12,41.26,495.12,Electronics,Mobile App,29,1,3.3,4.5
CUST04191,47,Male,New York,65511,14,166.66,2333.24,Health,In-Store,42,0,3.1,5.6
CUST04192,56,Male,San Jose,37131,12,40.52,486.24,Clothing,Mobile App,8,2,3.1,4.7
CUST04193,40,Male,San Diego,140346,6,39.55,237.3,Books,In-Store,105,0,4.8,2.9
CUST04194,40,Female,Dallas,61779,13,118.18,1536.34,Home & Garden,Mobile App,49,0,4.2,5.0
CUST04195,30,Female,San Antonio,25848,8,85.88,687.04,Groceries,Online,99,1,3.7,3.5
CUST04196,40,Male,Phoenix,48730,8,29.95,239.6,Sports,Online,101,2,2.7,3.3
CUST04197,55,Female,San Diego,53080,15,40.82,612.3,Health,Online,3,1,3.3,5.3
CUST04198,25,Male,San Diego,50889,15,113.88,1708.2,Groceries,In-Store,2,2,3.9,5.8
CUST04199,46,Female,San Antonio,40651,13,96.62,1256.06,Groceries,In-Store,41,1,4.0,5.0
CUST04200,33,Male,Dallas,60290,8,86.7,693.6,Clothing,In-Store,7,2,3.7,4.1
CUST04201,29,Female,San Diego,31371,14,77.36,1083.04,Books,Mobile App,16,3,3.7,5.2
CUST04202,48,Non-binary,San Jose,37879,15,56.94,854.1,Health,Online,34,0,3.7,5.2
CUST04203,46,Female,New York,58555,15,68.68,1030.2,Books,Mobile App,11,2,3.5,5.4
CUST04204,45,Female,Phoenix,27739,12,87.82,1053.84,Clothing,Mobile App,22,1,3.0,4.8
CUST04205,37,Male,San Diego,67889,15,109.11,1636.65,Home & Garden,Online,24,2,4.4,5.6
CUST04206,40,Male,Philadelphia,39257,16,173.86,2781.76,Beauty,In-Store,1,1,3.3,6.4
CUST04207,18,Male,Philadelphia,154414,9,137.43,1236.87,Books,Online,104,2,4.3,3.9
CUST04208,45,Female,Los Angeles,21081,12,57.0,684.0,Toys,Online,9,2,3.4,4.8
CUST04209,46,Female,Chicago,59142,8,51.17,409.36,Clothing,Online,8,0,4.2,3.9
CUST04210,53,Male,San Antonio,33824,15,41.15,617.25,Clothing,Online,12,1,4.0,5.2
CUST04211,53,Male,Dallas,37184,14,89.07,1246.98,Beauty,Online,1,2,3.9,5.4
CUST04212,59,Female,San Jose,27638,18,54.65,983.7,Beauty,Online,19,3,3.9,5.9
CUST04213,28,Male,San Diego,26864,10,104.62,1046.2,Clothing,Mobile App,61,0,4.0,4.2
CUST04214,38,Female,Phoenix,111518,9,65.94,593.46,Sports,In-Store,51,1,4.0,3.9
CUST04215,43,Female,Chicago,60645,6,16.45,98.7,Health,Online,93,0,4.0,2.9
CUST04216,43,Male,San Antonio,97011,10,44.62,446.2,Sports,In-Store,46,1,3.4,4.1
CUST04217,23,Non-binary,Los Angeles,50291,12,132.55,1590.6,Books,Online,6,0,3.3,5.2
CUST04218,22,Non-binary,Houston,20430,15,77.71,1165.65,Toys,Online,15,2,3.4,5.4
CUST04219,34,Male,Los Angeles,69389,15,19.66,294.9,Books,Online,17,2,4.1,5.1
CUST04220,32,Male,Chicago,49765,10,71.29,712.9,Toys,In-Store,6,2,4.7,4.4
CUST04221,42,Female,Dallas,29572,13,85.85,1116.05,Groceries,Mobile App,10,1,3.1,5.1
CUST04222,27,Male,Chicago,80055,14,24.45,342.3,Clothing,Mobile App,47,0,4.5,4.7
CUST04223,48,Female,San Jose,65487,14,72.88,1020.32,Automotive,Mobile App,10,0,3.1,5.2
CUST04224,56,Male,Houston,40534,2,188.08,376.16,Sports,In-Store,61,0,4.0,2.5
CUST04225,40,Non-binary,Chicago,53059,8,53.17,425.36,Health,In-Store,30,1,3.3,3.8
CUST04226,19,Female,San Diego,92006,10,224.67,2246.7,Health,Online,51,2,4.1,4.8
CUST04227,40,Female,Houston,45501,14,62.81,879.34,Automotive,Online,11,2,3.8,5.2
CUST04228,65,Male,Dallas,20000,11,144.75,1592.25,Groceries,In-Store,21,2,3.9,4.9
CUST04229,35,Non-binary,San Antonio,48290,14,72.54,1015.56,Electronics,Online,59,5,2.8,4.9
CUST04230,44,Female,San Diego,46055,10,92.84,928.4,Electronics,Online,17,0,3.6,4.5
CUST04231,37,Female,Dallas,103757,13,54.91,713.83,Books,Online,20,2,3.6,4.9
CUST04232,47,Female,Los Angeles,28264,13,65.16,847.08,Toys,Online,11,3,3.3,5.0
CUST04233,60,Male,San Diego,40410,5,52.08,260.4,Home & Garden,Mobile App,71,0,4.6,3.0
CUST04234,34,Female,Chicago,54442,16,54.59,873.44,Electronics,Online,22,1,4.3,5.5
CUST04235,43,Male,Dallas,42859,11,89.19,981.09,Groceries,Online,2,1,3.4,4.7
CUST04236,22,Female,Chicago,45672,13,197.93,2573.09,Home & Garden,In-Store,5,3,2.9,5.8
CUST04237,30,Male,Chicago,82876,7,89.86,629.02,Clothing,Mobile App,55,1,3.4,3.6
CUST04238,58,Female,Philadelphia,23633,11,118.58,1304.38,Electronics,In-Store,18,1,4.5,4.8
CUST04239,48,Female,San Diego,81555,15,78.89,1183.35,Clothing,In-Store,2,3,3.4,5.5
CUST04240,58,Male,Chicago,54640,15,96.69,1450.35,Clothing,In-Store,1,1,4.4,5.7
CUST04241,33,Female,Chicago,40149,5,106.06,530.3,Clothing,Mobile App,89,1,3.2,3.0
CUST04242,18,Male,San Jose,120022,13,41.85,544.05,Books,Mobile App,55,2,3.8,4.6
CUST04243,36,Female,New York,113899,11,56.73,624.03,Automotive,In-Store,1,2,3.5,4.6
CUST04244,37,Female,Phoenix,45472,11,136.91,1506.01,Home & Garden,Online,3,2,3.5,5.0
CUST04245,20,Female,Phoenix,34071,12,53.49,641.88,Automotive,Mobile App,139,2,4.2,3.9
CUST04246,52,Female,Chicago,79978,7,100.56,703.92,Electronics,Mobile App,6,2,3.3,3.9
CUST04247,55,Female,San Jose,30102,12,115.34,1384.08,Home & Garden,In-Store,104,2,4.6,4.5
CUST04248,46,Female,San Jose,116910,18,38.78,698.04,Sports,In-Store,5,1,3.1,5.8
CUST04249,37,Male,Chicago,50901,10,80.81,808.1,Sports,Mobile App,11,1,3.8,4.4
CUST04250,33,Male,San Jose,59564,11,83.28,916.08,Automotive,In-Store,26,0,4.0,4.6
CUST04251,59,Male,Los Angeles,47194,8,72.6,580.8,Sports,Online,54,1,4.0,3.7
CUST04252,56,Female,Dallas,56769,16,67.69,1083.04,Toys,Mobile App,53,3,3.1,5.4
CUST04253,38,Female,New York,74653,12,50.62,607.44,Toys,Online,35,1,3.7,4.6
CUST04254,33,Female,Houston,36934,13,48.48,630.24,Automotive,Online,83,4,2.9,4.4
CUST04255,64,Male,Houston,64427,14,28.3,396.2,Automotive,In-Store,14,1,3.4,5.0
CUST04256,44,Female,New York,25504,9,88.06,792.54,Health,Online,44,0,4.3,4.1
CUST04257,46,Male,Los Angeles,35591,8,197.38,1579.04,Health,Online,47,1,4.0,4.2
CUST04258,50,Female,San Diego,67466,4,115.82,463.28,Toys,In-Store,11,1,2.5,3.2
CUST04259,34,Female,Dallas,42474,16,17.73,283.68,Groceries,Mobile App,16,1,3.7,5.2
CUST04260,21,Female,San Antonio,27003,11,166.75,1834.25,Automotive,Online,157,3,2.5,4.1
CUST04261,32,Female,Chicago,62033,12,58.44,701.28,Beauty,In-Store,63,1,4.0,4.4
CUST04262,34,Male,New York,65421,11,24.27,266.97,Automotive,Online,36,0,4.1,4.2
CUST04263,37,Female,San Antonio,69016,8,38.36,306.88,Groceries,In-Store,6,2,3.4,3.9
CUST04264,38,Female,Philadelphia,40263,9,34.22,307.98,Electronics,In-Store,37,1,3.2,3.9
CUST04265,43,Female,Philadelphia,26790,6,58.83,352.98,Books,Online,63,0,3.9,3.2
CUST04266,25,Female,San Diego,51583,9,55.01,495.09,Health,Online,3,1,3.5,4.2
CUST04267,40,Female,Chicago,56751,7,72.29,506.03,Sports,Mobile App,57,1,3.4,3.5
CUST04268,42,Male,Philadelphia,40750,11,74.55,820.05,Beauty,Online,42,3,3.9,4.4
CUST04269,46,Male,Dallas,24667,20,60.87,1217.4,Books,Online,45,1,4.1,6.2
CUST04270,64,Male,Chicago,46949,10,203.23,2032.3,Beauty,Mobile App,4,2,3.6,5.0
CUST04271,59,Female,Chicago,35227,8,54.68,437.44,Home & Garden,In-Store,193,0,4.3,2.8
CUST04272,18,Male,Dallas,47736,9,92.55,832.95,Health,Mobile App,44,1,3.9,4.1
CUST04273,54,Female,Houston,83656,9,28.11,252.99,Home & Garden,In-Store,124,0,4.0,3.3
CUST04274,29,Female,San Jose,94804,13,55.41,720.33,Clothing,Online,31,1,3.1,4.8
CUST04275,43,Male,Los Angeles,33126,16,57.89,926.24,Beauty,Online,3,0,3.9,5.6
CUST04276,48,Female,San Diego,54388,8,106.33,850.64,Groceries,Mobile App,73,3,3.3,3.7
CUST04277,32,Male,Chicago,55942,16,125.45,2007.2,Health,Online,19,1,3.1,6.0
CUST04278,38,Female,Houston,85500,12,35.36,424.32,Home & Garden,Online,25,0,3.6,4.5
CUST04279,42,Female,Philadelphia,69356,15,34.73,520.95,Clothing,Online,2,1,3.2,5.3
CUST04280,29,Non-binary,Dallas,67760,7,176.23,1233.61,Clothing,In-Store,11,2,4.1,4.1
CUST04281,47,Male,Philadelphia,31329,15,29.29,439.35,Electronics,Mobile App,8,3,3.3,5.2
CUST04282,38,Female,Phoenix,33765,10,35.8,358.0,Books,Mobile App,53,1,3.9,4.0
CUST04283,43,Female,New York,37375,10,66.64,666.4,Health,Online,7,2,3.3,4.4
CUST04284,34,Female,Phoenix,34200,13,23.72,308.36,Sports,Online,48,3,4.6,4.5
CUST04285,48,Male,San Jose,51946,9,28.04,252.36,Clothing,Mobile App,125,4,3.7,3.3
CUST04286,48,Female,San Jose,62971,8,25.93,207.44,Clothing,Mobile App,1,1,3.4,3.9
CUST04287,41,Male,San Diego,82975,13,13.97,181.61,Health,Online,4,2,3.8,4.7
CUST04288,23,Male,Dallas,152326,15,68.16,1022.4,Beauty,In-Store,53,2,4.1,5.2
CUST04289,46,Male,New York,45035,9,81.28,731.52,Clothing,Mobile App,13,1,4.4,4.2
CUST04290,52,Male,Phoenix,59440,11,81.73,899.03,Clothing,Online,9,1,4.0,4.7
CUST04291,40,Male,Philadelphia,57756,11,66.56,732.16,Beauty,Online,7,3,3.6,4.6
CUST04292,38,Male,Chicago,34672,12,41.97,503.64,Beauty,In-Store,31,0,4.5,4.5
CUST04293,43,Male,San Antonio,69432,11,102.06,1122.66,Toys,In-Store,5,0,4.3,4.8
CUST04294,24,Female,Los Angeles,56575,15,44.79,671.85,Home & Garden,In-Store,134,1,3.8,4.5
CUST04295,25,Male,Philadelphia,20286,10,85.44,854.4,Electronics,Online,43,2,3.9,4.3
CUST04296,40,Female,Chicago,163498,14,65.82,921.48,Clothing,Online,209,4,3.2,4.0
CUST04297,46,Female,Los Angeles,30207,14,44.2,618.8,Electronics,In-Store,36,0,3.5,4.9
CUST04298,58,Male,San Antonio,28811,8,22.95,183.6,Health,In-Store,47,1,3.4,3.6
CUST04299,36,Non-binary,San Jose,79991,13,85.54,1112.02,Automotive,Online,7,2,3.5,5.1
CUST04300,46,Male,Chicago,78678,13,71.02,923.26,Toys,Online,47,2,2.9,4.8
CUST04301,32,Male,Houston,83901,12,39.58,474.96,Automotive,In-Store,11,3,4.1,4.7
CUST04302,41,Female,Philadelphia,71123,11,36.03,396.33,Books,Online,2,1,4.5,4.5
CUST04303,34,Male,Philadelphia,20000,14,60.37,845.18,Automotive,Mobile App,1,3,3.2,5.2
CUST04304,31,Female,San Antonio,34123,9,80.44,723.96,Books,Online,2,1,4.2,4.3
CUST04305,34,Male,San Jose,33235,11,51.67,568.37,Automotive,Online,8,1,4.3,4.5
CUST04306,20,Female,Dallas,67444,13,44.31,576.03,Toys,Online,17,5,3.6,4.8
CUST04307,47,Female,Chicago,86931,13,88.7,1153.1,Toys,In-Store,15,0,5.0,5.1
CUST04308,19,Female,Phoenix,69110,1,57.83,57.83,Automotive,In-Store,76,0,3.7,2.1
CUST04309,35,Female,San Antonio,22181,10,43.2,432.0,Beauty,In-Store,22,1,3.6,4.2
CUST04310,47,Male,San Jose,30286,10,178.76,1787.6,Sports,Online,7,0,4.6,4.9
CUST04311,43,Male,San Jose,21176,6,55.81,334.86,Clothing,Mobile App,70,0,3.7,3.2
CUST04312,47,Female,San Antonio,21721,15,131.38,1970.7,Beauty,Online,81,1,3.2,5.4
CUST04313,36,Female,New York,80240,10,62.82,628.2,Electronics,Online,10,0,3.9,4.4
CUST04314,44,Female,Philadelphia,32167,20,227.4,4548.0,Home & Garden,In-Store,19,2,3.9,7.7
CUST04315,36,Female,Los Angeles,20000,17,39.81,676.77,Home & Garden,Online,57,1,4.6,5.3
CUST04316,43,Female,Los Angeles,75040,16,84.65,1354.4,Beauty,Mobile App,24,3,4.0,5.6
CUST04317,57,Male,New York,56537,8,31.37,250.96,Beauty,Online,8,1,4.2,3.9
CUST04318,27,Male,Houston,20000,12,79.56,954.72,Books,In-Store,13,1,4.2,4.8
CUST04319,46,Male,Los Angeles,28115,8,28.14,225.12,Sports,Online,57,0,4.0,3.6
CUST04320,36,Female,Dallas,28206,10,60.81,608.1,Health,Online,16,0,4.3,4.3
CUST04321,29,Female,San Diego,26411,18,271.14,4880.52,Groceries,Online,29,4,3.9,7.5
CUST04322,34,Female,Houston,90495,10,129.91,1299.1,Books,Online,2,1,3.5,4.7
CUST04323,38,Female,San Diego,44218,19,127.63,2424.97,Sports,In-Store,39,1,3.4,6.5
CUST04324,35,Male,New York,35062,11,61.52,676.72,Groceries,Online,1,0,3.4,4.6
CUST04325,27,Female,Chicago,41552,16,59.34,949.44,Beauty,Online,14,1,4.7,5.5
CUST04326,35,Female,Los Angeles,35924,11,86.24,948.64,Automotive,Online,1,1,3.7,4.7
CUST04327,34,Female,Dallas,37710,11,58.48,643.28,Clothing,In-Store,47,0,4.4,4.3
CUST04328,39,Male,Los Angeles,33031,12,83.33,999.96,Groceries,Online,10,4,3.0,4.9
CUST04329,38,Male,New York,20000,12,115.33,1383.96,Sports,In-Store,1,1,4.5,5.1
CUST04330,36,Male,New York,106320,16,26.81,428.96,Clothing,In-Store,31,2,4.4,5.2
CUST04331,26,Male,San Diego,86687,18,34.94,628.92,Groceries,Online,7,2,3.3,5.8
CUST04332,44,Female,Philadelphia,20000,8,121.88,975.04,Electronics,In-Store,34,0,3.8,4.0
CUST04333,45,Female,San Antonio,29012,21,55.4,1163.4,Automotive,In-Store,8,2,3.4,6.5
CUST04334,35,Female,Chicago,71587,14,51.04,714.56,Groceries,Mobile App,24,1,4.0,5.0
CUST04335,58,Female,Philadelphia,35823,14,53.14,743.96,Sports,In-Store,31,2,4.1,5.0
CUST04336,69,Male,Phoenix,58036,15,35.37,530.55,Toys,Online,47,1,4.9,5.0
CUST04337,23,Male,San Jose,34935,12,100.58,1206.96,Electronics,Online,2,1,3.2,5.0
CUST04338,18,Female,Dallas,59686,13,26.21,340.73,Toys,Online,16,2,3.4,4.7
CUST04339,23,Female,Houston,40692,8,44.56,356.48,Clothing,Online,16,2,2.7,3.9
CUST04340,33,Female,Chicago,37058,6,146.19,877.14,Toys,Mobile App,87,0,3.5,3.3
CUST04341,67,Female,Chicago,177437,17,111.31,1892.27,Clothing,Online,5,1,3.7,6.2
CUST04342,34,Male,San Diego,20000,16,18.97,303.52,Home & Garden,Mobile App,35,2,3.8,5.1
CUST04343,30,Female,Chicago,94370,11,48.37,532.07,Electronics,Online,53,1,3.3,4.2
CUST04344,34,Male,San Jose,40324,4,10.93,43.72,Health,Mobile App,29,1,3.3,2.9
CUST04345,30,Male,San Antonio,69454,9,50.86,457.74,Groceries,Mobile App,30,1,3.5,4.0
CUST04346,46,Female,Philadelphia,36376,8,34.73,277.84,Health,Online,30,0,3.5,3.7
CUST04347,61,Male,Dallas,20000,12,94.57,1134.84,Automotive,Online,1,1,2.9,5.0
CUST04348,26,Female,Philadelphia,72901,15,62.21,933.15,Beauty,In-Store,44,4,3.9,5.2
CUST04349,18,Male,San Jose,50197,9,35.68,321.12,Automotive,Online,2,0,3.7,4.1
CUST04350,38,Female,Phoenix,31051,22,47.76,1050.72,Sports,Online,39,8,3.1,6.5
CUST04351,27,Female,San Diego,20000,14,54.23,759.22,Toys,Online,62,1,4.0,4.8
CUST04352,33,Female,Phoenix,66839,16,38.91,622.56,Home & Garden,Mobile App,9,3,3.6,5.4
CUST04353,48,Female,Phoenix,20000,8,99.13,793.04,Sports,In-Store,45,0,3.9,3.9
CUST04354,47,Female,San Diego,64650,15,27.16,407.4,Health,In-Store,11,2,2.6,5.2
CUST04355,28,Male,San Diego,38593,7,15.16,106.12,Health,Mobile App,92,0,4.1,3.1
CUST04356,34,Female,San Diego,33423,11,69.48,764.28,Electronics,Online,22,0,4.4,4.5
CUST04357,47,Male,Los Angeles,46619,11,76.12,837.32,Groceries,Online,30,2,2.6,4.5
CUST04358,48,Male,San Jose,60881,16,184.01,2944.16,Toys,In-Store,3,2,4.2,6.5
CUST04359,43,Female,Los Angeles,33393,8,49.02,392.16,Home & Garden,Online,190,0,3.7,2.8
CUST04360,58,Female,Philadelphia,29972,6,87.3,523.8,Groceries,In-Store,146,2,2.9,2.8
CUST04361,18,Female,Dallas,22725,11,34.18,375.98,Home & Garden,Online,110,2,3.0,3.8
CUST04362,32,Male,Los Angeles,46410,15,209.44,3141.6,Groceries,In-Store,11,2,4.1,6.3
CUST04363,56,Male,New York,70104,10,84.22,842.2,Automotive,Online,16,0,3.9,4.4
CUST04364,37,Male,New York,26991,10,63.38,633.8,Sports,In-Store,80,1,4.3,3.9
CUST04365,32,Female,San Diego,33901,15,55.01,825.15,Automotive,In-Store,2,1,4.8,5.4
CUST04366,57,Female,San Diego,87520,11,295.95,3255.45,Beauty,In-Store,143,2,4.2,4.8
CUST04367,45,Female,Philadelphia,72145,9,78.98,710.82,Automotive,Online,25,0,4.4,4.1
CUST04368,54,Male,Dallas,25288,15,74.47,1117.05,Books,Mobile App,61,2,3.5,5.1
CUST04369,40,Female,New York,58360,10,34.43,344.3,Home & Garden,Online,1,1,4.0,4.3
CUST04370,44,Non-binary,Houston,175605,8,118.56,948.48,Books,In-Store,31,0,3.2,4.0
CUST04371,37,Female,San Jose,54367,12,44.52,534.24,Beauty,Online,6,1,3.5,4.7
CUST04372,40,Male,Chicago,60609,14,28.96,405.44,Home & Garden,Mobile App,3,2,3.9,5.0
CUST04373,31,Female,Los Angeles,44144,12,34.66,415.92,Electronics,In-Store,14,4,3.8,4.6
CUST04374,38,Female,Chicago,27412,16,83.1,1329.6,Health,In-Store,18,1,4.7,5.7
CUST04375,32,Female,Los Angeles,20000,8,202.74,1621.92,Sports,Online,47,0,3.1,4.2
CUST04376,41,Male,Dallas,34969,2,69.3,138.6,Home & Garden,Online,71,0,4.1,2.4
CUST04377,41,Female,New York,88727,12,63.99,767.88,Health,Online,60,4,2.5,4.5
CUST04378,30,Male,Houston,25604,8,72.64,581.12,Health,Online,1,2,3.4,4.1
CUST04379,27,Female,Los Angeles,81947,13,32.2,418.6,Groceries,Online,21,2,4.7,4.7
CUST04380,53,Female,Chicago,20000,11,151.37,1665.07,Clothing,Online,141,0,4.3,4.2
CUST04381,25,Male,San Diego,37820,17,32.81,557.77,Books,Online,9,0,4.1,5.6
CUST04382,27,Female,New York,55017,12,199.09,2389.08,Clothing,In-Store,106,3,4.0,4.9
CUST04383,18,Female,Los Angeles,114588,10,36.06,360.6,Clothing,Online,16,1,3.1,4.2
CUST04384,48,Male,Chicago,42316,17,35.52,603.84,Groceries,Online,41,1,3.9,5.4
CUST04385,33,Female,New York,66898,15,38.71,580.65,Toys,Online,13,1,4.2,5.2
CUST04386,24,Male,Dallas,25581,20,81.1,1622.0,Toys,Mobile App,101,3,2.1,6.0
CUST04387,44,Male,San Jose,28866,10,48.6,486.0,Home & Garden,Online,23,0,3.3,4.2
CUST04388,35,Female,San Antonio,37732,12,67.17,806.04,Books,Online,23,1,2.5,4.7
CUST04389,22,Female,Chicago,38862,12,24.64,295.68,Toys,In-Store,7,0,4.2,4.6
CUST04390,18,Female,Phoenix,20000,9,200.63,1805.67,Automotive,Online,41,2,3.0,4.5
CUST04391,39,Female,Phoenix,41505,9,21.73,195.57,Groceries,Online,16,1,4.1,4.0
CUST04392,18,Male,Dallas,60699,10,68.52,685.2,Books,In-Store,46,1,3.7,4.2
CUST04393,25,Male,Philadelphia,40376,15,152.16,2282.4,Electronics,In-Store,1,2,3.1,6.0
CUST04394,18,Male,Chicago,121105,6,201.76,1210.56,Groceries,In-Store,102,0,4.6,3.3
CUST04395,51,Male,New York,77746,10,67.92,679.2,Health,Online,5,0,4.8,4.4
CUST04396,39,Female,Philadelphia,20523,9,161.86,1456.74,Books,Mobile App,60,0,3.2,4.2
CUST04397,48,Male,New York,32815,12,82.23,986.76,Home & Garden,In-Store,66,2,3.7,4.5
CUST04398,21,Female,Philadelphia,24399,18,30.87,555.66,Groceries,In-Store,10,0,3.0,5.8
CUST04399,37,Female,New York,20000,15,199.41,2991.15,Clothing,Online,26,1,3.3,6.2
CUST04400,39,Male,Chicago,105934,8,108.52,868.16,Sports,Online,132,1,4.4,3.4
CUST04401,25,Female,Dallas,78489,10,125.44,1254.4,Beauty,In-Store,31,0,3.7,4.5
CUST04402,59,Male,Chicago,92990,4,102.22,408.88,Home & Garden,Mobile App,105,1,4.0,2.6
CUST04403,51,Male,Los Angeles,37950,16,30.92,494.72,Groceries,Online,13,4,3.7,5.4
CUST04404,31,Non-binary,New York,35298,14,140.04,1960.56,Books,Online,2,0,4.2,5.7
CUST04405,44,Female,San Diego,41589,19,70.91,1347.29,Home & Garden,In-Store,12,3,4.1,6.3
CUST04406,39,Male,Chicago,42190,13,85.5,1111.5,Health,In-Store,51,0,3.2,4.8
CUST04407,39,Male,Los Angeles,22218,12,97.27,1167.24,Books,Online,16,3,2.2,4.9
CUST04408,43,Female,San Antonio,130880,17,32.33,549.61,Home & Garden,Online,38,3,3.8,5.4
CUST04409,25,Female,Dallas,41488,11,53.3,586.3,Clothing,Online,43,1,3.7,4.3
CUST04410,18,Male,Chicago,38698,10,79.09,790.9,Electronics,Online,65,1,3.7,4.1
CUST04411,27,Female,Phoenix,48927,16,79.19,1267.04,Electronics,Online,26,2,4.7,5.6
CUST04412,46,Male,San Jose,65630,11,21.61,237.71,Beauty,Mobile App,43,3,3.6,4.2
CUST04413,44,Male,San Diego,71258,16,43.72,699.52,Health,Mobile App,31,1,4.0,5.3
CUST04414,25,Female,Philadelphia,57814,8,32.6,260.8,Books,Mobile App,6,0,4.0,3.9
CUST04415,54,Male,Los Angeles,120699,22,54.17,1191.74,Beauty,Online,8,1,4.4,6.7
CUST04416,55,Female,Philadelphia,46124,15,141.35,2120.25,Beauty,Online,32,0,4.0,5.7
CUST04417,29,Female,Houston,133005,16,51.53,824.48,Sports,Online,26,2,4.0,5.4
CUST04418,28,Male,Phoenix,31690,12,45.94,551.28,Toys,Online,32,2,4.2,4.6
CUST04419,30,Male,Dallas,22291,8,15.43,123.44,Electronics,In-Store,15,1,4.4,3.8
CUST04420,30,Female,Dallas,25398,13,79.07,1027.91,Clothing,Online,8,1,3.8,5.1
CUST04421,32,Male,San Antonio,148942,13,190.96,2482.48,Automotive,Online,40,1,3.7,5.5
CUST04422,33,Male,Phoenix,33394,15,105.95,1589.25,Clothing,Online,21,3,4.0,5.6
CUST04423,28,Male,New York,58394,12,62.39,748.68,Automotive,Online,71,2,4.4,4.4
CUST04424,46,Male,Philadelphia,39272,11,18.39,202.29,Toys,Online,22,2,3.6,4.3
CUST04425,44,Female,Los Angeles,80501,9,61.92,557.28,Beauty,In-Store,11,1,3.4,4.2
CUST04426,40,Male,Houston,52542,14,125.98,1763.72,Automotive,Online,8,0,4.1,5.6
CUST04427,37,Male,Houston,26755,14,220.6,3088.4,Electronics,Online,26,1,3.7,6.0
CUST04428,25,Male,Los Angeles,23914,9,47.59,428.31,Electronics,Mobile App,10,0,4.7,4.1
CUST04429,37,Male,Dallas,42889,10,39.33,393.3,Sports,Online,22,1,3.2,4.2
CUST04430,41,Male,San Antonio,36982,15,70.82,1062.3,Groceries,Online,5,2,3.2,5.5
CUST04431,45,Male,New York,86338,9,27.88,250.92,Health,Online,6,2,3.8,4.1
CUST04432,49,Male,Dallas,111774,13,46.33,602.29,Beauty,Online,59,4,4.2,4.6
CUST04433,45,Female,San Jose,27991,18,71.97,1295.46,Sports,Online,4,3,3.5,6.1
CUST04434,31,Male,Dallas,48584,13,59.46,772.98,Electronics,Online,37,3,4.3,4.8
CUST04435,34,Non-binary,Houston,51678,9,102.41,921.69,Health,Online,1,1,2.9,4.4
CUST04436,29,Female,San Diego,45071,13,260.96,3392.48,Sports,Mobile App,6,1,3.9,6.1
CUST04437,30,Female,San Antonio,44803,16,23.77,380.32,Groceries,Online,17,1,4.7,5.3
CUST04438,18,Female,Dallas,60552,19,270.39,5137.41,Home & Garden,Mobile App,23,2,4.0,7.8
CUST04439,18,Female,San Diego,60228,15,47.82,717.3,Electronics,Online,12,1,3.9,5.3
CUST04440,56,Non-binary,San Antonio,20000,13,132.8,1726.4,Books,Online,1,2,3.8,5.4
CUST04441,47,Male,Philadelphia,33484,13,114.74,1491.62,Health,Online,11,2,4.1,5.3
CUST04442,21,Male,Los Angeles,72039,10,239.4,2394.0,Electronics,Online,2,1,4.7,5.2
CUST04443,51,Female,San Diego,59816,13,113.22,1471.86,Clothing,Mobile App,40,0,5.0,5.1
CUST04444,51,Male,Phoenix,91995,10,46.17,461.7,Health,Online,26,2,3.1,4.2
CUST04445,38,Female,Dallas,43410,14,44.74,626.36,Clothing,Mobile App,27,2,3.2,5.0
CUST04446,35,Female,Phoenix,56086,10,35.61,356.1,Health,Online,107,1,4.3,3.6
CUST04447,49,Male,Los Angeles,88858,14,106.35,1488.9,Beauty,In-Store,22,2,4.2,5.4
CUST04448,23,Male,San Jose,132885,15,57.78,866.7,Health,In-Store,29,1,4.8,5.2
CUST04449,44,Female,Phoenix,48308,15,161.0,2415.0,Health,Mobile App,13,0,3.2,6.0
CUST04450,31,Female,San Antonio,65465,11,201.08,2211.88,Health,In-Store,50,1,3.1,5.0
CUST04451,32,Female,Houston,61024,17,38.63,656.71,Clothing,Online,17,1,4.4,5.6
CUST04452,30,Female,Los Angeles,41039,12,125.34,1504.08,Books,Online,19,0,3.6,5.0
CUST04453,20,Female,Phoenix,33382,10,84.28,842.8,Clothing,Online,14,0,4.3,4.4
CUST04454,18,Male,Los Angeles,39983,17,111.69,1898.73,Groceries,Online,35,3,4.4,6.0
CUST04455,35,Male,New York,30470,12,62.62,751.44,Toys,Online,56,2,4.5,4.5
CUST04456,19,Male,Houston,103117,16,200.38,3206.08,Groceries,In-Store,8,1,3.7,6.5
CUST04457,25,Male,Houston,46688,10,38.13,381.3,Automotive,In-Store,7,2,4.1,4.3
CUST04458,43,Female,San Jose,166022,9,152.7,1374.3,Health,Mobile App,47,0,4.2,4.3
CUST04459,42,Non-binary,San Diego,20000,13,183.53,2385.89,Electronics,Online,5,1,4.2,5.7
CUST04460,36,Female,Phoenix,69636,12,37.52,450.24,Groceries,Mobile App,32,1,3.7,4.5
CUST04461,38,Female,Chicago,43464,14,86.64,1212.96,Electronics,Online,5,2,3.8,5.4
CUST04462,44,Male,San Diego,60485,16,51.44,823.04,Automotive,Mobile App,7,2,4.4,5.5
CUST04463,37,Male,San Antonio,50047,15,63.47,952.05,Electronics,Mobile App,51,3,3.2,5.1
CUST04464,34,Female,New York,35343,10,34.71,347.1,Sports,Online,15,1,3.4,4.2
CUST04465,43,Female,Dallas,36089,16,86.51,1384.16,Clothing,Online,58,0,3.7,5.4
CUST04466,43,Female,San Jose,114908,14,30.59,428.26,Health,In-Store,6,1,4.4,5.0
CUST04467,43,Female,San Jose,109342,5,40.65,203.25,Toys,Mobile App,37,0,3.5,3.1
CUST04468,49,Female,Los Angeles,85508,10,58.49,584.9,Toys,Mobile App,71,1,3.4,4.0
CUST04469,43,Female,Dallas,79388,11,76.49,841.39,Automotive,In-Store,31,1,3.2,4.5
CUST04470,45,Female,Dallas,44634,9,146.88,1321.92,Electronics,Mobile App,4,1,3.4,4.5
CUST04471,38,Female,Dallas,21019,10,199.89,1998.9,Books,Mobile App,4,1,3.4,5.0
CUST04472,51,Male,Chicago,38644,18,185.62,3341.16,Groceries,In-Store,37,5,4.0,6.8
CUST04473,24,Male,Philadelphia,111185,14,46.79,655.06,Automotive,In-Store,22,2,4.4,5.0
CUST04474,43,Female,San Jose,78106,11,131.42,1445.62,Toys,Mobile App,44,1,3.7,4.7
CUST04475,42,Male,New York,61633,16,69.38,1110.08,Automotive,Online,11,3,3.3,5.6
CUST04476,28,Female,Phoenix,54191,12,75.29,903.48,Automotive,Online,1,1,4.2,4.9
CUST04477,23,Male,San Diego,63947,12,44.84,538.08,Clothing,Mobile App,1,1,3.5,4.7
CUST04478,50,Male,Houston,100982,5,117.04,585.2,Books,In-Store,37,0,4.1,3.3
CUST04479,47,Male,San Antonio,69091,18,101.62,1829.16,Clothing,In-Store,2,4,3.2,6.3
CUST04480,41,Female,Chicago,33614,18,128.76,2317.68,Automotive,Mobile App,1,3,4.8,6.6
CUST04481,38,Female,San Jose,20000,12,36.98,443.76,Sports,In-Store,52,2,3.4,4.4
CUST04482,58,Female,San Antonio,69304,13,22.1,287.3,Automotive,Mobile App,24,1,4.0,4.7
CUST04483,27,Male,San Antonio,82481,18,66.25,1192.5,Health,Mobile App,1,0,4.1,6.1
CUST04484,27,Female,San Diego,25700,7,176.88,1238.16,Electronics,Online,11,2,2.7,4.1
CUST04485,38,Female,Houston,36419,11,82.3,905.3,Clothing,Online,48,1,4.2,4.4
CUST04486,27,Female,San Jose,66479,14,75.4,1055.6,Books,Online,10,3,2.6,5.3
CUST04487,47,Male,San Diego,65015,9,33.67,303.03,Automotive,In-Store,1,1,3.6,4.1
CUST04488,37,Male,Phoenix,34149,10,96.74,967.4,Automotive,In-Store,63,2,2.4,4.2
CUST04489,58,Male,San Antonio,87689,12,54.56,654.72,Beauty,Online,1,1,4.0,4.8
CUST04490,39,Female,San Jose,48153,10,37.21,372.1,Books,Online,10,1,3.3,4.3
CUST04491,49,Female,San Jose,92933,11,68.04,748.44,Books,In-Store,60,1,3.6,4.3
CUST04492,35,Male,San Jose,56171,10,42.61,426.1,Books,Online,7,1,3.8,4.3
CUST04493,38,Male,Phoenix,54982,14,78.28,1095.92,Health,Online,52,2,3.3,5.0
CUST04494,24,Male,Dallas,46402,15,157.57,2363.55,Sports,Online,6,2,2.7,6.0
CUST04495,39,Male,Chicago,122135,12,45.67,548.04,Automotive,Online,27,0,4.8,4.6
CUST04496,21,Male,Chicago,108690,11,37.63,413.93,Beauty,In-Store,45,1,4.0,4.2
CUST04497,18,Male,San Antonio,82162,10,263.11,2631.1,Sports,In-Store,6,1,4.1,5.2
CUST04498,27,Male,Dallas,57026,10,101.65,1016.5,Health,Mobile App,39,2,3.4,4.4
CUST04499,18,Female,Phoenix,79102,11,64.94,714.34,Automotive,Online,26,1,4.6,4.5
CUST04500,49,Female,Houston,73233,11,110.11,1211.21,Health,Online,31,2,3.4,4.7
CUST04501,18,Male,Phoenix,25853,10,55.49,554.9,Books,Online,79,0,4.1,3.9
CUST04502,39,Non-binary,Dallas,48381,17,84.16,1430.72,Toys,In-Store,1,3,3.0,6.0
CUST04503,49,Male,New York,49994,10,80.31,803.1,Health,Mobile App,73,4,3.2,4.1
CUST04504,26,Male,Los Angeles,61214,17,65.27,1109.59,Home & Garden,Mobile App,4,1,4.0,5.8
CUST04505,56,Male,Houston,44604,10,76.37,763.7,Beauty,In-Store,3,0,4.0,4.5
CUST04506,18,Non-binary,Chicago,57525,11,133.77,1471.47,Home & Garden,In-Store,5,0,4.1,4.9
CUST04507,32,Male,Houston,53556,14,29.87,418.18,Toys,In-Store,11,4,2.6,5.0
CUST04508,45,Female,Philadelphia,121028,4,46.63,186.52,Groceries,Mobile App,98,2,2.8,2.6
CUST04509,18,Male,Phoenix,22427,13,95.61,1242.93,Beauty,In-Store,13,0,3.3,5.1
CUST04510,18,Male,Philadelphia,54369,10,29.25,292.5,Electronics,Mobile App,30,0,4.4,4.1
CUST04511,53,Male,Phoenix,83784,11,56.93,626.23,Sports,Online,28,0,3.9,4.4
CUST04512,23,Male,San Jose,114732,17,130.45,2217.65,Clothing,Online,46,0,5.0,6.1
CUST04513,40,Female,Houston,39555,15,26.47,397.05,Sports,Online,6,3,3.2,5.2
CUST04514,52,Female,San Antonio,27419,9,46.87,421.83,Books,Mobile App,10,0,3.9,4.1
CUST04515,42,Male,San Diego,33297,9,122.06,1098.54,Clothing,In-Store,3,0,4.1,4.4
CUST04516,40,Male,Phoenix,56057,8,55.2,441.6,Health,In-Store,93,1,3.9,3.4
CUST04517,34,Female,New York,93354,15,75.75,1136.25,Automotive,In-Store,3,2,3.5,5.5
CUST04518,44,Female,New York,39840,10,61.11,611.1,Books,Online,76,0,3.4,4.0
CUST04519,44,Female,Los Angeles,42321,13,70.75,919.75,Sports,Online,52,2,4.3,4.8
CUST04520,44,Male,Dallas,20960,11,26.86,295.46,Clothing,In-Store,10,2,2.2,4.4
CUST04521,40,Female,San Jose,34785,12,121.35,1456.2,Groceries,Mobile App,17,2,4.0,5.0
CUST04522,40,Female,Phoenix,48889,11,32.96,362.56,Automotive,Online,77,4,3.6,4.0
CUST04523,47,Female,San Jose,49575,11,42.11,463.21,Home & Garden,In-Store,3,1,3.5,4.5
CUST04524,27,Female,San Jose,89103,14,106.99,1497.86,Automotive,Online,12,0,3.7,5.4
CUST04525,33,Female,San Antonio,28543,6,54.21,325.26,Health,Online,7,1,3.8,3.6
CUST04526,41,Female,Los Angeles,26030,10,58.28,582.8,Beauty,Online,9,1,3.3,4.4
CUST04527,23,Male,Philadelphia,58234,13,63.31,823.03,Electronics,Online,1,1,3.6,5.0
CUST04528,57,Female,San Jose,51802,10,112.42,1124.2,Groceries,Online,19,2,5.0,4.5
CUST04529,41,Female,San Diego,42315,10,115.73,1157.3,Beauty,Online,84,0,3.9,4.1
CUST04530,33,Female,New York,56675,7,154.8,1083.6,Beauty,Online,10,0,4.2,4.0
CUST04531,40,Male,San Antonio,31017,18,70.9,1276.2,Electronics,Online,47,1,3.7,5.8
CUST04532,38,Female,Dallas,20000,9,29.69,267.21,Books,Online,51,0,4.8,3.8
CUST04533,45,Male,San Antonio,108929,13,61.34,797.42,Groceries,Online,18,1,5.0,4.9
CUST04534,18,Female,Philadelphia,22127,11,31.73,349.03,Beauty,In-Store,22,3,3.0,4.4
CUST04535,39,Male,New York,34720,11,64.2,706.2,Electronics,Online,42,1,4.1,4.4
CUST04536,36,Female,San Jose,40546,4,141.66,566.64,Sports,Mobile App,13,0,4.4,3.3
CUST04537,33,Male,San Jose,27483,10,203.58,2035.8,Sports,Online,15,0,4.6,4.9
CUST04538,29,Male,San Antonio,62107,13,49.25,640.25,Books,In-Store,1,4,4.0,5.0
CUST04539,50,Male,Dallas,96146,12,83.76,1005.12,Health,Online,18,1,4.5,4.8
CUST04540,50,Female,New York,43769,10,51.7,517.0,Beauty,In-Store,8,1,4.0,4.3
CUST04541,21,Male,New York,73792,8,60.81,486.48,Sports,Online,17,1,4.3,3.9
CUST04542,58,Female,San Diego,68850,14,101.38,1419.32,Toys,Online,23,2,3.5,5.3
CUST04543,19,Female,San Jose,34444,18,83.41,1501.38,Toys,In-Store,20,1,4.2,6.1
CUST04544,35,Male,Philadelphia,28621,9,127.17,1144.53,Home & Garden,Online,155,3,3.1,3.5
CUST04545,18,Female,San Jose,53410,17,160.77,2733.09,Electronics,Online,19,0,4.2,6.4
CUST04546,54,Male,Philadelphia,67053,8,51.74,413.92,Sports,In-Store,24,4,3.0,3.8
CUST04547,46,Female,Chicago,42759,14,55.27,773.78,Groceries,In-Store,21,1,3.6,5.1
CUST04548,43,Male,Phoenix,28923,10,65.28,652.8,Electronics,Online,31,3,2.7,4.3
CUST04549,49,Female,San Jose,101679,9,90.5,814.5,Health,Online,44,5,2.2,4.1
CUST04550,33,Female,New York,46027,9,68.36,615.24,Books,Online,42,1,4.3,4.0
CUST04551,31,Male,Chicago,81147,18,83.59,1504.62,Groceries,Online,19,2,3.8,6.1
CUST04552,32,Female,San Diego,78445,16,102.94,1647.04,Books,Mobile App,9,0,3.7,5.9
CUST04553,18,Male,San Diego,62915,11,105.71,1162.81,Sports,Online,79,2,3.8,4.3
CUST04554,51,Female,San Jose,96877,9,75.18,676.62,Clothing,Online,15,1,3.7,4.2
CUST04555,29,Male,Chicago,72271,15,32.78,491.7,Sports,In-Store,18,2,3.7,5.1
CUST04556,52,Male,Philadelphia,48317,14,102.81,1439.34,Automotive,Mobile App,4,2,2.8,5.5
CUST04557,54,Male,Dallas,55216,11,49.76,547.36,Books,Mobile App,59,3,3.6,4.2
CUST04558,33,Male,Dallas,64646,17,256.24,4356.08,Electronics,Online,18,0,4.2,7.1
CUST04559,61,Female,San Antonio,76625,13,128.83,1674.79,Toys,In-Store,17,4,3.4,5.3
CUST04560,45,Non-binary,Chicago,20000,15,216.6,3249.0,Home & Garden,Mobile App,48,4,3.8,6.1
CUST04561,37,Male,San Jose,94426,14,157.27,2201.78,Beauty,Online,59,5,3.5,5.4
CUST04562,51,Female,New York,65670,11,64.46,709.06,Sports,Online,21,1,3.3,4.5
CUST04563,25,Non-binary,San Antonio,25238,15,52.46,786.9,Sports,Mobile App,34,2,4.3,5.2
CUST04564,41,Female,San Antonio,46880,10,30.57,305.7,Clothing,Online,27,1,3.4,4.1
CUST04565,28,Male,Chicago,31592,15,141.52,2122.8,Electronics,Online,8,1,3.7,5.9
CUST04566,42,Male,San Diego,20000,8,49.43,395.44,Beauty,Online,188,2,3.3,2.8
CUST04567,52,Male,San Jose,85635,13,47.94,623.22,Books,Mobile App,50,2,3.6,4.6
CUST04568,18,Female,San Diego,20000,13,162.13,2107.69,Automotive,Online,6,4,2.7,5.6
CUST04569,37,Female,Chicago,48098,13,76.94,1000.22,Beauty,Mobile App,29,1,4.2,4.9
CUST04570,48,Female,Chicago,84189,12,211.14,2533.68,Sports,Online,37,3,3.6,5.4
CUST04571,55,Female,Houston,113847,6,168.33,1009.98,Automotive,Online,135,1,4.2,3.0
CUST04572,55,Male,Phoenix,122343,10,46.35,463.5,Electronics,Online,59,0,3.8,4.0
CUST04573,27,Female,Phoenix,33158,14,63.78,892.92,Sports,In-Store,9,2,3.6,5.2
CUST04574,57,Male,San Diego,41822,12,239.96,2879.52,Beauty,In-Store,1,2,4.2,5.7
CUST04575,41,Female,Los Angeles,68808,16,58.05,928.8,Clothing,Online,14,2,3.8,5.5
CUST04576,18,Male,San Diego,86883,11,32.13,353.43,Sports,In-Store,23,3,4.5,4.4
CUST04577,48,Female,San Diego,41339,12,63.47,761.64,Health,In-Store,36,2,3.4,4.6
CUST04578,40,Non-binary,San Diego,83280,7,48.61,340.27,Toys,Mobile App,106,0,4.9,3.1
CUST04579,21,Male,Houston,60947,12,39.71,476.52,Home & Garden,In-Store,1,0,3.5,4.7
CUST04580,25,Female,Chicago,43581,11,71.2,783.2,Toys,Online,30,1,2.9,4.5
CUST04581,40,Male,Dallas,51811,17,44.2,751.4,Automotive,Online,14,3,4.7,5.6
CUST04582,46,Male,Los Angeles,65695,5,65.09,325.45,Toys,Online,86,0,4.7,2.9
CUST04583,28,Male,Dallas,21600,11,176.29,1939.19,Electronics,Mobile App,62,1,3.6,4.8
CUST04584,38,Male,San Antonio,110731,9,57.02,513.18,Home & Garden,Mobile App,188,1,4.4,3.0
CUST04585,53,Male,Houston,137399,12,47.97,575.64,Electronics,Online,24,1,4.3,4.6
CUST04586,39,Non-binary,Houston,57457,18,68.3,1229.4,Beauty,In-Store,2,1,3.9,6.1
CUST04587,47,Female,Chicago,46201,11,25.53,280.83,Sports,In-Store,5,4,4.0,4.4
CUST04588,39,Male,Houston,38578,10,35.26,352.6,Sports,Online,29,2,4.2,4.1
CUST04589,40,Female,Los Angeles,52456,13,51.53,669.89,Automotive,Online,60,1,3.1,4.6
CUST04590,54,Female,San Diego,82691,12,28.97,347.64,Toys,In-Store,11,3,3.6,4.6
CUST04591,46,Female,Los Angeles,57931,12,97.17,1166.04,Books,Online,7,1,4.4,5.0
CUST04592,18,Male,Phoenix,27637,17,35.74,607.58,Sports,Mobile App,15,3,3.9,5.6
CUST04593,35,Female,Phoenix,46983,18,49.82,896.76,Sports,Online,7,2,2.9,5.9
CUST04594,52,Female,Houston,47745,7,41.62,291.34,Automotive,Mobile App,57,3,3.6,3.4
CUST04595,41,Female,San Diego,20400,5,70.8,354.0,Health,In-Store,41,0,4.5,3.2
CUST04596,28,Male,Dallas,31939,12,96.18,1154.16,Clothing,Online,81,2,3.8,4.5
CUST04597,50,Female,Philadelphia,83308,13,36.93,480.09,Home & Garden,In-Store,64,2,3.8,4.5
CUST04598,38,Male,Dallas,77781,18,262.71,4728.78,Toys,Mobile App,1,1,2.9,7.6
CUST04599,33,Female,Phoenix,85085,12,68.18,818.16,Automotive,In-Store,2,1,4.2,4.9
CUST04600,39,Female,San Jose,67443,14,71.93,1007.02,Health,Online,66,2,4.2,4.9
CUST04601,32,Female,Dallas,33632,5,27.83,139.15,Groceries,Mobile App,49,0,4.4,3.0
CUST04602,21,Female,San Jose,53007,12,105.56,1266.72,Electronics,Online,4,3,2.7,5.0
CUST04603,53,Non-binary,San Diego,121758,11,47.6,523.6,Health,In-Store,35,2,3.4,4.3
CUST04604,37,Female,Los Angeles,44606,9,112.84,1015.56,Sports,Mobile App,41,2,3.0,4.2
CUST04605,29,Female,Phoenix,66896,13,64.44,837.72,Books,Online,3,1,3.5,5.0
CUST04606,29,Female,San Jose,92086,12,100.24,1202.88,Automotive,In-Store,54,2,3.4,4.7
CUST04607,34,Male,Phoenix,52972,14,25.67,359.38,Groceries,Online,27,1,4.3,4.9
CUST04608,28,Female,Dallas,33167,8,72.94,583.52,Home & Garden,In-Store,82,2,3.7,3.5
CUST04609,40,Male,Houston,62330,20,85.1,1702.0,Home & Garden,In-Store,25,4,3.7,6.5
CUST04610,65,Male,Los Angeles,48264,10,46.2,462.0,Automotive,Online,4,2,4.0,4.3
CUST04611,44,Male,Chicago,67408,16,243.2,3891.2,Health,Online,11,0,3.8,6.8
CUST04612,41,Male,Dallas,27817,11,48.52,533.72,Electronics,In-Store,12,2,4.4,4.5
CUST04613,42,Female,Houston,50157,9,46.11,414.99,Groceries,Online,3,1,3.3,4.2
CUST04614,47,Male,Los Angeles,30040,8,75.82,606.56,Electronics,Online,19,1,4.2,4.0
CUST04615,53,Male,New York,114179,12,114.32,1371.84,Electronics,Online,14,3,3.3,5.0
CUST04616,47,Female,San Diego,25645,11,50.58,556.38,Books,Online,2,1,3.5,4.6
CUST04617,29,Male,New York,57876,7,32.36,226.52,Automotive,Mobile App,55,0,4.6,3.4
CUST04618,18,Female,Dallas,61953,12,75.12,901.44,Toys,In-Store,3,1,4.6,4.9
CUST04619,47,Male,Dallas,28205,14,259.52,3633.28,Clothing,Mobile App,8,4,3.7,6.4
CUST04620,35,Male,San Antonio,102993,10,156.51,1565.1,Clothing,Online,71,1,3.9,4.4
CUST04621,60,Female,Houston,24741,14,115.8,1621.2,Automotive,Online,21,2,4.5,5.4
CUST04622,33,Male,Houston,64602,15,111.56,1673.4,Clothing,In-Store,1,1,4.0,5.8
CUST04623,30,Female,San Diego,58334,19,19.02,361.38,Sports,Online,33,4,3.5,5.7
CUST04624,34,Female,Dallas,80465,15,98.63,1479.45,Groceries,Online,3,4,4.5,5.7
CUST04625,34,Male,San Jose,77229,16,296.73,4747.68,Beauty,Mobile App,28,6,2.9,7.1
CUST04626,49,Female,New York,109087,10,224.69,2246.9,Electronics,Online,98,0,3.0,4.5
CUST04627,35,Female,New York,116952,9,42.77,384.93,Toys,Mobile App,31,1,3.9,4.0
CUST04628,53,Male,Chicago,40263,16,70.0,1120.0,Electronics,Online,30,1,2.9,5.5
CUST04629,46,Female,Philadelphia,63278,7,243.06,1701.42,Health,Online,68,0,4.2,3.9
CUST04630,40,Female,Philadelphia,50634,11,18.82,207.02,Electronics,Mobile App,1,1,4.5,4.4
CUST04631,41,Male,San Antonio,45663,8,98.04,784.32,Books,Online,37,0,3.7,3.9
CUST04632,42,Male,New York,62282,20,91.39,1827.8,Books,Mobile App,17,2,4.0,6.6
CUST04633,49,Male,Los Angeles,67183,10,105.01,1050.1,Clothing,In-Store,59,2,4.2,4.2
CUST04634,25,Female,Houston,76203,12,26.27,315.24,Sports,Online,149,3,3.5,3.7
CUST04635,41,Male,Philadelphia,35820,16,110.13,1762.08,Clothing,Online,17,3,3.3,5.9
CUST04636,40,Female,San Jose,35495,10,162.46,1624.6,Sports,In-Store,2,1,3.4,4.8
CUST04637,39,Male,Dallas,34986,15,19.59,293.85,Health,Online,32,1,4.0,5.0
CUST04638,37,Female,Houston,48568,11,62.39,686.29,Books,Online,24,1,3.0,4.5
CUST04639,23,Male,Dallas,100495,12,47.54,570.48,Groceries,Online,2,1,3.5,4.8
CUST04640,46,Female,San Jose,147543,16,181.84,2909.44,Health,Online,43,4,4.2,6.2
CUST04641,35,Male,San Diego,38087,19,14.5,275.5,Electronics,In-Store,1,1,3.7,5.9
CUST04642,50,Female,Dallas,46297,12,138.12,1657.44,Automotive,In-Store,33,0,3.9,5.0
CUST04643,53,Female,Los Angeles,46677,10,33.15,331.5,Toys,In-Store,41,3,3.4,4.1
CUST04644,51,Female,San Diego,44276,16,62.33,997.28,Health,Online,23,5,3.7,5.5
CUST04645,35,Male,San Jose,50669,20,22.07,441.4,Books,Online,6,2,3.9,6.1
CUST04646,51,Male,Los Angeles,20000,9,300.04,2700.36,Health,Online,41,1,4.1,4.9
CUST04647,43,Male,San Jose,37958,7,32.94,230.58,Home & Garden,Online,6,3,2.9,3.7
CUST04648,52,Female,Chicago,24774,10,80.81,808.1,Books,Mobile App,19,1,4.9,4.4
CUST04649,48,Female,Philadelphia,88372,11,70.29,773.19,Toys,Mobile App,17,4,3.4,4.6
CUST04650,30,Female,San Jose,56839,12,226.71,2720.52,Automotive,Mobile App,16,0,3.8,5.6
CUST04651,30,Male,New York,44283,15,85.81,1287.15,Sports,Mobile App,38,2,3.3,5.4
CUST04652,35,Female,New York,63422,9,100.68,906.12,Health,Online,29,0,3.5,4.2
CUST04653,33,Male,Los Angeles,31602,16,50.8,812.8,Toys,Online,18,3,3.3,5.5
CUST04654,29,Female,Los Angeles,29351,15,95.3,1429.5,Toys,Online,47,2,3.5,5.4
CUST04655,35,Male,Los Angeles,30343,11,113.91,1253.01,Groceries,Online,51,1,3.1,4.6
CUST04656,52,Male,Chicago,80660,19,78.73,1495.87,Clothing,Online,60,0,3.0,6.0
CUST04657,48,Female,Dallas,67658,15,37.89,568.35,Groceries,Online,1,1,3.3,5.3
CUST04658,30,Female,San Jose,118286,14,55.29,774.06,Books,Mobile App,6,1,3.8,5.2
CUST04659,32,Male,Chicago,45064,17,28.51,484.67,Groceries,Online,31,2,3.0,5.4
CUST04660,29,Female,Philadelphia,53830,12,77.93,935.16,Automotive,In-Store,4,0,3.9,4.9
CUST04661,18,Male,Phoenix,20000,12,37.15,445.8,Beauty,Online,31,1,4.6,4.5
CUST04662,18,Male,Dallas,36129,12,65.68,788.16,Beauty,In-Store,71,0,4.7,4.4
CUST04663,34,Male,New York,30313,8,87.46,699.68,Beauty,Online,38,2,3.3,3.9
CUST04664,37,Female,New York,92658,12,58.22,698.64,Health,Online,42,0,4.5,4.6
CUST04665,32,Female,Philadelphia,85116,12,33.1,397.2,Toys,Mobile App,73,4,3.1,4.2
CUST04666,35,Female,New York,53674,22,68.02,1496.44,Electronics,Online,20,5,3.3,6.8
CUST04667,50,Male,Philadelphia,58262,17,10,170,Books,Online,16,2,3.6,5.4
CUST04668,33,Male,Chicago,91223,13,115.91,1506.83,Home & Garden,Mobile App,6,1,5.0,5.3
CUST04669,59,Male,San Diego,45014,12,130.21,1562.52,Groceries,In-Store,43,3,2.3,4.9
CUST04670,18,Female,San Jose,36759,13,43.29,562.77,Beauty,Mobile App,78,3,3.6,4.4
CUST04671,23,Female,Phoenix,75077,12,56.45,677.4,Electronics,Online,9,0,3.9,4.8
CUST04672,32,Female,Dallas,34266,19,205.93,3912.67,Groceries,Online,1,5,2.5,7.4
CUST04673,38,Male,San Diego,67996,14,24.59,344.26,Home & Garden,Online,2,4,3.2,5.0
CUST04674,43,Non-binary,Los Angeles,26622,14,33.07,462.98,Books,Mobile App,24,0,3.2,4.9
CUST04675,28,Female,Philadelphia,97766,13,50.58,657.54,Electronics,Online,29,1,4.2,4.8
CUST04676,18,Male,Philadelphia,77900,13,87.01,1131.13,Automotive,In-Store,37,3,3.6,4.9
CUST04677,48,Female,New York,90567,14,52.71,737.94,Clothing,Online,21,1,4.1,5.1
CUST04678,24,Male,New York,22831,14,15.6,218.4,Health,Online,50,4,3.2,4.7
CUST04679,43,Male,Los Angeles,35536,10,66.69,666.9,Clothing,Online,17,1,3.5,4.3
CUST04680,53,Male,New York,68117,11,28.86,317.46,Beauty,Online,2,5,2.7,4.5
CUST04681,38,Female,San Diego,27756,16,50.03,800.48,Electronics,Mobile App,101,3,3.1,4.9
CUST04682,28,Male,New York,22723,6,52.9,317.4,Electronics,Online,4,0,4.2,3.6
CUST04683,41,Female,San Jose,95105,13,20.0,260.0,Beauty,In-Store,11,2,3.6,4.7
CUST04684,24,Male,San Diego,33799,18,29.01,522.18,Sports,Mobile App,13,1,4.0,5.7
CUST04685,44,Female,Los Angeles,67824,9,161.56,1454.04,Automotive,In-Store,47,0,3.7,4.3
CUST04686,33,Male,Philadelphia,59814,8,58.64,469.12,Sports,Online,18,1,3.7,3.9
CUST04687,22,Female,San Jose,29051,10,183.69,1836.9,Automotive,Online,37,1,3.5,4.7
CUST04688,41,Female,San Jose,135873,13,22.23,288.99,Home & Garden,Mobile App,11,1,3.9,4.8
CUST04689,27,Male,Chicago,20000,10,45.39,453.9,Health,Online,65,2,4.3,4.0
CUST04690,28,Female,Los Angeles,63907,14,157.26,2201.64,Books,Mobile App,21,1,4.2,5.7
CUST04691,26,Male,San Jose,176416,11,30.41,334.51,Automotive,Mobile App,39,1,3.3,4.2
CUST04692,39,Non-binary,Houston,35369,16,153.22,2451.52,Sports,Mobile App,1,2,3.8,6.3
CUST04693,40,Male,Los Angeles,191296,8,224.96,1799.68,Electronics,Online,8,1,3.8,4.5
CUST04694,54,Male,Philadelphia,25422,8,18.4,147.2,Automotive,In-Store,23,2,4.6,3.7
CUST04695,18,Male,Chicago,78263,15,548.34,8225.1,Clothing,Online,99,4,4.3,7.9
CUST04696,44,Male,Philadelphia,72267,15,121.41,1821.15,Toys,Online,3,1,2.7,5.8
CUST04697,23,Female,Houston,64817,10,167.52,1675.2,Beauty,Mobile App,1,0,4.1,4.9
CUST04698,47,Male,Dallas,28987,17,33.92,576.64,Electronics,Online,30,0,4.0,5.5
CUST04699,22,Male,Dallas,27522,10,43.04,430.4,Books,Online,68,2,3.9,3.9
CUST04700,53,Male,Houston,57663,10,47.68,476.8,Health,In-Store,21,0,4.3,4.2
CUST04701,40,Non-binary,Phoenix,39547,9,25.42,228.78,Sports,Mobile App,14,3,3.5,4.0
CUST04702,55,Female,Dallas,59526,9,40.13,361.17,Sports,Mobile App,52,0,4.5,3.8
CUST04703,58,Male,Houston,70221,8,74.76,598.08,Books,Mobile App,95,1,4.3,3.5
CUST04704,34,Female,Phoenix,62019,11,64.35,707.85,Books,Mobile App,106,3,2.8,4.0
CUST04705,31,Female,Philadelphia,31313,13,51.37,667.81,Beauty,Online,22,3,3.0,4.8
CUST04706,27,Female,Phoenix,150678,7,25.7,179.9,Electronics,Online,5,2,2.8,3.7
CUST04707,44,Male,Philadelphia,88175,11,104.3,1147.3,Beauty,Online,47,1,3.8,4.5
CUST04708,53,Female,Chicago,60312,10,36.09,360.9,Home & Garden,In-Store,47,0,4.6,4.0
CUST04709,50,Female,New York,30192,7,59.06,413.42,Health,Online,200,0,3.8,2.6
CUST04710,29,Female,Philadelphia,53464,14,31.28,437.92,Clothing,Online,5,3,2.9,5.0
CUST04711,44,Female,Phoenix,23153,10,74.73,747.3,Electronics,In-Store,32,0,3.4,4.3
CUST04712,62,Female,Houston,70487,10,102.63,1026.3,Clothing,Mobile App,1,1,4.2,4.6
CUST04713,51,Non-binary,San Diego,113317,16,62.39,998.24,Automotive,Mobile App,1,4,3.9,5.6
CUST04714,29,Male,New York,61598,6,352.07,2112.42,Groceries,Online,52,3,2.5,4.0
CUST04715,41,Male,San Diego,27085,11,60.37,664.07,Books,Online,34,2,3.2,4.4
CUST04716,43,Female,Chicago,20000,23,16.09,370.07,Electronics,Online,1,3,3.9,6.6
CUST04717,20,Female,Houston,62166,10,30.12,301.2,Beauty,Mobile App,35,3,2.6,4.1
CUST04718,35,Female,Los Angeles,76712,13,70.16,912.08,Groceries,Mobile App,17,1,4.1,5.0
CUST04719,38,Female,Chicago,53704,13,89.03,1157.39,Groceries,Online,3,4,3.9,5.2
CUST04720,37,Male,San Jose,26468,14,139.02,1946.28,Beauty,Mobile App,4,1,4.1,5.7
CUST04721,41,Male,Chicago,50972,15,75.71,1135.65,Books,In-Store,1,2,3.4,5.5
CUST04722,52,Female,New York,33113,9,16.57,149.13,Clothing,Online,126,0,5.0,3.3
CUST04723,39,Male,Chicago,30118,8,75.88,607.04,Beauty,Mobile App,18,3,3.2,4.0
CUST04724,23,Female,San Jose,46198,15,30.04,450.6,Sports,Online,32,1,3.4,5.0
CUST04725,33,Female,Philadelphia,41042,13,77.91,1012.83,Electronics,Online,4,2,3.0,5.1
CUST04726,46,Male,San Diego,39989,9,169.44,1524.96,Clothing,In-Store,18,0,3.7,4.5
CUST04727,55,Female,Chicago,69511,12,172.42,2069.04,Toys,In-Store,26,0,3.8,5.2
CUST04728,38,Male,Philadelphia,64549,9,93.42,840.78,Health,In-Store,1,0,3.3,4.3
CUST04729,29,Female,Houston,155495,16,50.62,809.92,Clothing,Online,17,1,3.8,5.5
CUST04730,52,Non-binary,Phoenix,45328,7,44.39,310.73,Health,Online,15,1,3.4,3.7
CUST04731,18,Male,New York,69711,15,102.06,1530.9,Home & Garden,In-Store,22,6,3.4,5.6
CUST04732,31,Female,New York,49885,10,20.03,200.3,Sports,Online,32,1,3.7,4.1
CUST04733,47,Female,Houston,93563,12,55.68,668.16,Books,Online,14,3,4.0,4.7
CUST04734,20,Female,Phoenix,43251,7,68.7,480.9,Clothing,Online,7,2,3.2,3.8
CUST04735,18,Male,San Jose,33888,13,27.29,354.77,Clothing,Mobile App,29,4,2.7,4.7
CUST04736,34,Non-binary,Philadelphia,116242,9,43.27,389.43,Health,In-Store,46,1,3.7,3.9
CUST04737,66,Male,Dallas,29568,6,330.92,1985.52,Beauty,Online,78,1,3.9,3.8
CUST04738,44,Female,Philadelphia,101195,14,101.19,1416.66,Health,Online,12,2,3.5,5.4
CUST04739,35,Male,San Antonio,38845,5,56.92,284.6,Clothing,Online,111,0,4.4,2.7
CUST04740,35,Male,San Diego,89435,10,15.23,152.3,Health,Mobile App,2,0,4.1,4.2
CUST04741,41,Male,New York,25015,11,104.35,1147.85,Books,In-Store,32,1,3.5,4.6
CUST04742,29,Female,Dallas,33332,5,59.02,295.1,Electronics,Online,1,0,3.6,3.4
CUST04743,47,Male,San Diego,29102,14,110.57,1547.98,Toys,Online,34,3,3.5,5.3
CUST04744,48,Female,Houston,80880,13,123.13,1600.69,Toys,In-Store,86,1,3.7,4.8
CUST04745,24,Female,Chicago,38194,14,12.85,179.9,Home & Garden,In-Store,20,1,3.2,4.8
CUST04746,58,Female,Phoenix,23180,10,18.23,182.3,Sports,In-Store,10,1,4.8,4.2
CUST04747,22,Female,Philadelphia,36308,14,46.51,651.14,Home & Garden,Online,33,1,3.7,4.9
CUST04748,38,Male,San Diego,38395,12,109.26,1311.12,Books,In-Store,13,0,4.7,5.0
CUST04749,52,Female,Philadelphia,70992,8,26.88,215.04,Beauty,Online,12,0,3.8,3.8
CUST04750,18,Male,Philadelphia,23246,12,52.41,628.92,Electronics,Online,9,3,3.5,4.7
CUST04751,18,Male,San Antonio,66220,14,102.76,1438.64,Beauty,Online,40,4,4.2,5.2
CUST04752,38,Female,Chicago,35443,10,65.01,650.1,Sports,Online,9,0,3.7,4.4
CUST04753,48,Female,Chicago,29124,12,188.94,2267.28,Health,Online,94,1,3.6,4.9
CUST04754,30,Male,San Jose,34584,11,49.9,548.9,Groceries,Online,29,3,4.2,4.4
CUST04755,29,Male,Philadelphia,58429,12,56.69,680.28,Clothing,Online,29,2,3.3,4.6
CUST04756,24,Female,New York,42404,7,13.34,93.38,Health,Online,63,1,3.6,3.3
CUST04757,44,Female,San Antonio,41834,12,214.08,2568.96,Electronics,Online,5,2,3.2,5.6
CUST04758,36,Male,Dallas,23557,13,157.29,2044.77,Automotive,Mobile App,19,1,4.3,5.4
CUST04759,37,Female,Houston,24336,14,49.1,687.4,Electronics,Online,1,1,3.0,5.2
CUST04760,42,Female,Los Angeles,28210,13,38.92,505.96,Books,Online,61,0,4.5,4.5
CUST04761,26,Male,Chicago,54787,11,201.6,2217.6,Health,Mobile App,8,2,4.1,5.2
CUST04762,21,Male,Philadelphia,28812,11,54.19,596.09,Toys,Online,3,1,3.7,4.6
CUST04763,37,Female,San Jose,81275,12,176.68,2120.16,Automotive,In-Store,15,2,3.2,5.3
CUST04764,34,Female,Philadelphia,95322,9,75.13,676.17,Health,Mobile App,14,1,4.0,4.2
CUST04765,49,Male,San Jose,79637,14,41.73,584.22,Health,In-Store,11,2,3.7,5.1
CUST04766,36,Male,San Antonio,20000,18,421.6,7588.8,Electronics,Online,16,2,3.9,8.7
CUST04767,37,Female,San Antonio,46677,15,52.41,786.15,Groceries,In-Store,13,2,4.3,5.3
CUST04768,38,Female,Chicago,58525,8,81.42,651.36,Toys,Online,5,3,3.8,4.1
CUST04769,22,Female,Los Angeles,52191,11,30.98,340.78,Sports,Online,11,1,3.4,4.4
CUST04770,65,Male,New York,47521,14,107.98,1511.72,Health,Online,19,2,4.0,5.4
CUST04771,25,Female,Los Angeles,22697,10,71.96,719.6,Clothing,Mobile App,90,1,3.0,3.9
CUST04772,48,Female,Houston,40616,10,49.6,496.0,Automotive,Online,121,2,3.2,3.6
CUST04773,34,Male,Chicago,54265,8,249.69,1997.52,Clothing,In-Store,165,0,3.6,3.6
CUST04774,44,Female,Chicago,26244,12,165.61,1987.32,Clothing,Online,17,2,3.8,5.3
CUST04775,37,Female,Los Angeles,85952,13,54.41,707.33,Automotive,In-Store,19,1,4.1,4.9
CUST04776,43,Female,New York,77270,9,99.13,892.17,Beauty,In-Store,27,1,4.0,4.2
CUST04777,39,Male,Los Angeles,93363,13,47.25,614.25,Automotive,Online,72,1,3.9,4.5
CUST04778,58,Female,Philadelphia,113450,15,76.65,1149.75,Automotive,In-Store,35,1,3.4,5.3
CUST04779,45,Female,Philadelphia,73838,9,117.54,1057.86,Health,In-Store,48,1,3.6,4.1
CUST04780,46,Female,San Diego,116536,7,37.31,261.17,Groceries,In-Store,21,1,3.7,3.6
CUST04781,50,Male,Dallas,46198,8,27.17,217.36,Automotive,Online,19,2,4.0,3.8
CUST04782,27,Male,Philadelphia,53057,8,22.67,181.36,Home & Garden,Online,22,1,3.8,3.8
CUST04783,42,Female,San Jose,54842,10,23.39,233.9,Home & Garden,Online,5,1,2.7,4.2
CUST04784,55,Non-binary,San Jose,21412,10,67.06,670.6,Groceries,In-Store,88,0,4.2,3.9
CUST04785,42,Female,Chicago,35206,11,160.7,1767.7,Automotive,Online,89,0,4.4,4.5
CUST04786,25,Female,Phoenix,99692,14,26.32,368.48,Electronics,In-Store,10,1,3.8,5.0
CUST04787,37,Non-binary,Chicago,146793,6,46.2,277.2,Groceries,In-Store,8,2,3.3,3.5
CUST04788,52,Male,New York,38785,11,138.35,1521.85,Electronics,Online,20,2,3.2,4.9
CUST04789,18,Male,Phoenix,42784,12,79.71,956.52,Automotive,Online,81,0,3.9,4.4
CUST04790,46,Female,Houston,106570,10,41.59,415.9,Groceries,In-Store,7,0,4.1,4.3
CUST04791,39,Male,Phoenix,79627,12,50.17,602.04,Clothing,Online,71,2,3.3,4.3
CUST04792,24,Female,Phoenix,48521,11,187.65,2064.15,Home & Garden,In-Store,92,1,3.9,4.6
CUST04793,59,Female,Dallas,104184,9,97.02,873.18,Clothing,Online,8,0,3.2,4.3
CUST04794,28,Non-binary,Philadelphia,116684,5,39.51,197.55,Health,In-Store,23,2,2.9,3.2
CUST04795,18,Male,New York,22479,15,154.77,2321.55,Groceries,In-Store,13,2,3.4,6.0
CUST04796,48,Female,Chicago,35068,8,85.26,682.08,Electronics,In-Store,16,2,4.0,4.0
CUST04797,40,Non-binary,Phoenix,49948,21,81.46,1710.66,Groceries,Online,5,3,3.4,6.8
CUST04798,28,Male,San Diego,20000,19,32.25,612.75,Toys,Online,11,6,4.2,5.9
CUST04799,52,Female,Los Angeles,27573,13,20.08,261.04,Home & Garden,Online,61,3,3.9,4.4
CUST04800,39,Male,Chicago,29655,16,56.12,897.92,Automotive,Online,98,3,3.6,5.0
CUST04801,29,Male,New York,47520,10,84.51,845.1,Books,Online,20,1,3.7,4.4
CUST04802,57,Male,New York,57590,11,17.92,197.12,Beauty,In-Store,18,3,2.6,4.3
CUST04803,70,Female,San Diego,88235,11,30.67,337.37,Toys,Online,42,0,3.9,4.2
CUST04804,34,Male,San Jose,79311,15,40.01,600.15,Clothing,In-Store,15,0,4.5,5.2
CUST04805,27,Male,Los Angeles,59565,14,85.77,1200.78,Electronics,In-Store,39,4,3.4,5.1
CUST04806,51,Non-binary,Los Angeles,48777,13,62.51,812.63,Books,In-Store,72,3,3.4,4.6
CUST04807,64,Female,Los Angeles,65452,10,46.87,468.7,Toys,Online,8,2,3.5,4.3
CUST04808,22,Female,New York,54096,16,98.73,1579.68,Groceries,In-Store,1,1,4.7,5.9
CUST04809,19,Female,Houston,39759,6,165.0,990.0,Clothing,Mobile App,3,0,4.2,3.9
CUST04810,19,Male,Houston,33680,14,143.64,2010.96,Automotive,Mobile App,2,0,3.8,5.7
CUST04811,45,Male,San Antonio,100013,10,18.74,187.4,Books,Online,16,0,4.0,4.1
CUST04812,28,Female,Houston,35356,7,53.29,373.03,Clothing,Online,2,0,3.9,3.8
CUST04813,33,Male,New York,23533,13,219.03,2847.39,Beauty,Online,33,1,3.9,5.7
CUST04814,18,Female,San Antonio,92134,10,37.56,375.6,Books,Online,6,1,3.6,4.3
CUST04815,40,Female,New York,65902,12,74.86,898.32,Books,Online,15,0,3.9,4.8
CUST04816,31,Male,Chicago,80106,19,56.43,1072.17,Clothing,In-Store,40,4,4.1,6.0
CUST04817,18,Female,Philadelphia,38829,9,143.17,1288.53,Beauty,Online,28,1,4.0,4.4
CUST04818,50,Female,Phoenix,26433,7,41.8,292.6,Sports,In-Store,8,1,3.8,3.7
CUST04819,42,Male,San Antonio,50397,13,190.71,2479.23,Books,Mobile App,1,1,3.2,5.7
CUST04820,41,Female,San Jose,22029,14,63.68,891.52,Home & Garden,In-Store,37,0,2.7,5.0
CUST04821,34,Female,Philadelphia,48141,10,65.33,653.3,Electronics,Online,94,3,3.0,3.9
CUST04822,36,Female,Chicago,26031,13,55.79,725.27,Toys,Online,19,2,3.1,4.9
CUST04823,41,Female,San Antonio,23238,10,103.23,1032.3,Groceries,Online,7,0,4.1,4.6
CUST04824,18,Female,Los Angeles,35012,15,50.47,757.05,Sports,Mobile App,27,0,3.8,5.2
CUST04825,40,Male,San Antonio,103952,13,25.02,325.26,Groceries,Mobile App,9,2,3.8,4.8
CUST04826,44,Female,Dallas,65220,9,30.92,278.28,Beauty,Online,66,3,3.1,3.7
CUST04827,28,Male,Dallas,216154,9,260.16,2341.44,Automotive,In-Store,28,1,2.9,4.8
CUST04828,25,Female,Dallas,20000,14,88.18,1234.52,Toys,Mobile App,19,4,4.3,5.3
CUST04829,37,Female,San Jose,44391,15,120.26,1803.9,Clothing,In-Store,9,1,4.3,5.8
CUST04830,46,Female,Chicago,134731,9,68.1,612.9,Home & Garden,In-Store,88,0,4.3,3.7
CUST04831,37,Female,Los Angeles,91485,15,80.04,1200.6,Health,In-Store,6,1,4.4,5.5
CUST04832,18,Male,Houston,31432,12,56.67,680.04,Home & Garden,In-Store,4,3,3.1,4.8
CUST04833,44,Female,Chicago,48453,3,47.06,141.18,Sports,Mobile App,86,1,2.8,2.5
CUST04834,40,Non-binary,Chicago,34577,12,10,120,Beauty,In-Store,6,1,4.1,4.5
CUST04835,36,Male,Houston,38104,6,183.09,1098.54,Home & Garden,Online,10,1,3.1,3.9
CUST04836,41,Female,New York,43518,9,45.95,413.55,Home & Garden,Online,14,0,3.6,4.1
CUST04837,53,Female,Philadelphia,74625,12,110.42,1325.04,Automotive,Online,20,3,3.5,5.0
CUST04838,34,Male,Phoenix,138887,9,70.41,633.69,Beauty,Mobile App,20,2,3.9,4.1
CUST04839,43,Female,San Antonio,22559,8,118.65,949.2,Health,In-Store,1,2,3.3,4.2
CUST04840,21,Female,San Diego,139445,10,30.5,305.0,Books,In-Store,7,1,3.3,4.3
CUST04841,54,Female,Phoenix,45075,8,42.17,337.36,Beauty,Mobile App,50,2,3.9,3.6
CUST04842,19,Male,Houston,20000,12,285.63,3427.56,Books,Online,2,1,3.0,6.0
CUST04843,42,Male,Phoenix,29011,9,37.77,339.93,Books,Online,66,2,3.6,3.7
CUST04844,33,Female,Dallas,30061,9,38.34,345.06,Books,Mobile App,28,1,3.4,4.0
CUST04845,44,Male,Houston,119360,13,61.75,802.75,Sports,Online,6,0,4.0,5.0
CUST04846,18,Male,Phoenix,25061,7,23.37,163.59,Beauty,Online,74,1,3.9,3.2
CUST04847,48,Female,New York,96289,17,121.4,2063.8,Health,Online,45,3,3.0,6.0
CUST04848,36,Female,San Jose,73848,21,68.43,1437.03,Sports,In-Store,13,0,3.6,6.6
CUST04849,18,Female,Chicago,128416,19,104.17,1979.23,Books,In-Store,8,2,3.9,6.5
CUST04850,19,Male,Philadelphia,34030,10,74.04,740.4,Health,Online,1,0,4.4,4.5
CUST04851,37,Male,San Diego,53403,14,34.67,485.38,Groceries,Online,11,3,3.4,5.0
CUST04852,27,Female,New York,20000,15,44.65,669.75,Toys,Mobile App,20,4,3.1,5.2
CUST04853,36,Male,Houston,56159,12,87.67,1052.04,Beauty,In-Store,9,2,3.6,4.9
CUST04854,38,Female,Los Angeles,62670,18,26.45,476.1,Sports,Online,29,0,4.6,5.6
CUST04855,32,Male,Phoenix,50602,10,78.29,782.9,Electronics,Mobile App,40,2,4.0,4.2
CUST04856,40,Female,Dallas,50639,9,16.14,145.26,Health,Online,125,1,4.4,3.3
CUST04857,22,Female,Chicago,29636,18,23.74,427.32,Books,Mobile App,108,7,3.3,5.1
CUST04858,52,Male,Philadelphia,38654,10,31.83,318.3,Sports,Online,50,2,4.6,4.0
CUST04859,48,Female,San Diego,37941,11,65.67,722.37,Health,Online,10,3,4.2,4.6
CUST04860,36,Female,San Diego,52418,5,20.07,100.35,Home & Garden,Online,85,0,4.3,2.8
CUST04861,46,Female,New York,80581,9,100.69,906.21,Electronics,In-Store,68,0,4.3,4.0
CUST04862,37,Female,Los Angeles,32574,14,78.9,1104.6,Toys,Mobile App,2,2,3.9,5.3
CUST04863,45,Female,Chicago,94886,11,423.03,4653.33,Groceries,Mobile App,33,2,3.9,6.1
CUST04864,18,Male,Dallas,64853,8,39.67,317.36,Toys,Online,21,0,3.7,3.8
CUST04865,34,Female,Phoenix,37536,15,39.43,591.45,Beauty,Online,1,2,3.9,5.3
CUST04866,30,Male,Phoenix,83185,9,35.68,321.12,Groceries,Online,1,2,3.1,4.1
CUST04867,52,Female,San Diego,20000,12,25.46,305.52,Sports,Online,3,1,3.8,4.6
CUST04868,41,Female,San Diego,69705,11,82.55,908.05,Electronics,Online,35,2,2.7,4.5
CUST04869,39,Male,Chicago,77886,6,194.08,1164.48,Electronics,In-Store,41,2,3.0,3.7
CUST04870,35,Male,Philadelphia,66765,12,33.48,401.76,Groceries,Online,28,2,3.2,4.5
CUST04871,38,Male,San Diego,68807,13,41.49,539.37,Groceries,In-Store,29,3,2.7,4.7
CUST04872,29,Male,Philadelphia,84871,5,141.92,709.6,Books,Online,79,1,4.6,3.1
CUST04873,35,Male,Los Angeles,94273,15,57.39,860.85,Sports,Mobile App,43,1,3.2,5.1
CUST04874,33,Female,New York,22254,4,37.5,150.0,Beauty,Mobile App,46,1,3.2,2.9
CUST04875,55,Female,Dallas,153505,16,84.38,1350.08,Clothing,Online,40,1,3.8,5.5
CUST04876,33,Female,Philadelphia,41608,9,118.45,1066.05,Automotive,In-Store,4,2,4.1,4.4
CUST04877,27,Male,New York,75492,6,32.61,195.66,Groceries,Online,40,0,4.5,3.3
CUST04878,18,Female,Chicago,28849,11,45.85,504.35,Clothing,Online,9,0,3.8,4.5
CUST04879,23,Male,Houston,35041,10,68.19,681.9,Clothing,Online,68,2,3.9,4.0
CUST04880,50,Female,Houston,195368,10,33.8,338.0,Health,In-Store,33,2,4.2,4.1
CUST04881,42,Male,Houston,59150,13,135.59,1762.67,Books,In-Store,8,1,3.6,5.4
CUST04882,30,Female,Los Angeles,123753,8,92.67,741.36,Toys,Mobile App,34,1,4.4,3.9
CUST04883,35,Female,Houston,90083,17,174.42,2965.14,Clothing,Online,46,4,3.4,6.4
CUST04884,66,Female,Philadelphia,24482,10,74.83,748.3,Groceries,In-Store,17,1,3.5,4.4
CUST04885,18,Male,New York,73222,16,129.64,2074.24,Health,In-Store,2,2,3.8,6.1
CUST04886,27,Female,San Diego,20000,14,53.95,755.3,Home & Garden,Online,17,5,3.6,5.1
CUST04887,37,Female,San Jose,20000,16,36.45,583.2,Beauty,Mobile App,25,0,2.9,5.3
CUST04888,23,Female,Houston,45998,8,164.68,1317.44,Home & Garden,Online,54,0,4.3,4.0
CUST04889,28,Male,San Diego,36926,18,64.66,1163.88,Home & Garden,In-Store,16,3,3.9,6.0
CUST04890,33,Male,Dallas,20000,12,52.52,630.24,Health,In-Store,12,2,3.3,4.7
CUST04891,75,Male,Philadelphia,32940,9,91.43,822.87,Toys,In-Store,1,2,3.7,4.3
CUST04892,46,Female,Houston,60091,6,95.96,575.76,Beauty,Online,18,1,3.9,3.6
CUST04893,43,Male,San Antonio,72003,9,20.21,181.89,Clothing,In-Store,90,0,4.0,3.5
CUST04894,67,Non-binary,San Diego,28892,16,45.73,731.68,Books,Online,29,1,4.2,5.4
CUST04895,31,Male,San Diego,31704,17,124.78,2121.26,Electronics,In-Store,53,1,4.2,6.0
CUST04896,33,Male,San Diego,39044,16,141.48,2263.68,Clothing,In-Store,26,0,4.1,6.0
CUST04897,29,Female,Houston,46593,12,122.74,1472.88,Books,Online,34,3,3.2,4.9
CUST04898,47,Male,Los Angeles,79359,10,81.01,810.1,Groceries,Online,26,0,4.5,4.3
CUST04899,51,Male,Dallas,45979,13,58.68,762.84,Home & Garden,Mobile App,31,0,3.8,4.8
CUST04900,23,Female,Dallas,23222,12,277.89,3334.68,Groceries,In-Store,4,0,3.0,5.9
CUST04901,36,Female,San Diego,97854,10,45.88,458.8,Books,Mobile App,26,1,3.5,4.2
CUST04902,35,Female,Dallas,44002,11,229.49,2524.39,Sports,In-Store,90,0,4.2,4.9
CUST04903,29,Male,Philadelphia,40857,13,61.49,799.37,Toys,In-Store,70,0,4.4,4.6
CUST04904,50,Male,Houston,102951,11,25.77,283.47,Home & Garden,Mobile App,125,1,3.7,3.7
CUST04905,53,Non-binary,Chicago,20732,12,37.59,451.08,Groceries,Mobile App,11,2,3.8,4.6
CUST04906,43,Female,Los Angeles,43952,16,75.29,1204.64,Health,Online,1,3,3.3,5.7
CUST04907,50,Non-binary,Philadelphia,65556,13,79.92,1038.96,Automotive,Mobile App,26,2,3.4,5.0
CUST04908,23,Female,San Jose,60503,11,22.34,245.74,Groceries,In-Store,110,2,3.3,3.8
CUST04909,36,Female,Chicago,37849,10,331.82,3318.2,Groceries,In-Store,47,2,3.7,5.3
CUST04910,43,Male,New York,98465,12,72.56,870.72,Books,Online,5,3,4.0,4.9
CUST04911,26,Female,Philadelphia,79013,10,48.51,485.1,Home & Garden,Online,54,2,3.6,4.0
CUST04912,31,Male,San Antonio,40210,12,597.47,7169.64,Home & Garden,Mobile App,22,0,4.9,7.4
CUST04913,34,Female,San Diego,53003,11,40.51,445.61,Home & Garden,Online,26,0,4.6,4.4
CUST04914,20,Female,Dallas,27879,9,17.93,161.37,Electronics,Online,95,0,3.6,3.5
CUST04915,28,Female,San Diego,24482,9,44.19,397.71,Sports,Online,6,0,4.1,4.1
CUST04916,29,Male,San Diego,25076,15,49.21,738.15,Beauty,Online,26,2,3.8,5.2
CUST04917,50,Female,Phoenix,35588,11,76.07,836.77,Clothing,In-Store,54,0,4.3,4.4
CUST04918,31,Male,New York,20000,13,268.67,3492.71,Clothing,Online,11,2,3.7,6.1
CUST04919,42,Male,San Antonio,29986,9,274.59,2471.31,Electronics,In-Store,98,0,4.9,4.4
CUST04920,18,Male,San Antonio,67857,15,26.03,390.45,Home & Garden,In-Store,9,2,4.5,5.2
CUST04921,46,Female,Philadelphia,48699,9,65.48,589.32,Books,Online,31,2,4.1,4.0
CUST04922,36,Female,San Diego,91995,14,30.77,430.78,Electronics,Online,28,1,3.2,4.9
CUST04923,45,Male,Los Angeles,102920,16,18.87,301.92,Groceries,Mobile App,1,0,3.4,5.3
CUST04924,37,Female,Philadelphia,87065,8,87.09,696.72,Clothing,Online,33,2,3.4,3.9
CUST04925,33,Female,Los Angeles,51480,11,10,110,Clothing,In-Store,24,1,3.6,4.2
CUST04926,37,Female,Philadelphia,36645,9,37.12,334.08,Beauty,Online,27,0,4.4,4.0
CUST04927,26,Male,Los Angeles,51049,15,130.56,1958.4,Health,In-Store,18,2,3.3,5.8
CUST04928,38,Female,Houston,40427,18,112.18,2019.24,Health,Online,36,3,3.9,6.2
CUST04929,49,Female,Philadelphia,26061,14,15.54,217.56,Groceries,Online,36,3,2.8,4.7
CUST04930,28,Female,Chicago,31995,18,129.69,2334.42,Electronics,Online,5,2,4.3,6.5
CUST04931,33,Male,Chicago,59344,12,18.56,222.72,Electronics,Online,8,1,3.7,4.6
CUST04932,50,Female,San Diego,59137,16,143.85,2301.6,Clothing,Online,7,1,4.7,6.2
CUST04933,54,Female,Chicago,53822,13,54.33,706.29,Sports,Online,4,2,3.9,5.0
CUST04934,32,Male,Houston,111138,14,124.85,1747.9,Books,Mobile App,58,3,3.5,5.3
CUST04935,35,Female,San Diego,37203,12,100.36,1204.32,Automotive,In-Store,107,2,3.9,4.4
CUST04936,20,Male,New York,56400,8,100.89,807.12,Health,Mobile App,5,1,3.8,4.1
CUST04937,48,Male,Los Angeles,48782,8,134.03,1072.24,Groceries,Online,13,0,2.9,4.2
CUST04938,31,Female,Houston,65203,13,83.7,1088.1,Clothing,In-Store,37,3,2.4,4.9
CUST04939,44,Non-binary,Chicago,40242,12,112.41,1348.92,Groceries,Online,37,4,3.8,4.9
CUST04940,39,Male,New York,52166,13,34.51,448.63,Toys,Mobile App,2,2,3.9,4.9
CUST04941,18,Female,Dallas,33406,17,23.66,402.22,Automotive,In-Store,34,4,3.7,5.4
CUST04942,36,Female,San Antonio,28645,8,19.65,157.2,Beauty,Online,91,0,4.8,3.3
CUST04943,24,Female,Houston,50286,15,15.9,238.5,Health,Mobile App,2,3,2.8,5.1
CUST04944,36,Female,Phoenix,38109,14,279.61,3914.54,Home & Garden,Online,138,3,2.7,5.7
CUST04945,48,Male,San Antonio,36039,11,195.21,2147.31,Beauty,Online,44,1,3.9,5.0
CUST04946,38,Male,Dallas,44240,9,128.71,1158.39,Health,In-Store,20,1,4.4,4.4
CUST04947,37,Male,Los Angeles,51077,18,52.86,951.48,Groceries,Online,29,4,3.8,5.8
CUST04948,25,Male,Los Angeles,24068,10,137.77,1377.7,Beauty,Mobile App,8,1,4.5,4.7
CUST04949,45,Female,San Diego,31961,10,92.83,928.3,Books,Online,8,0,3.4,4.5
CUST04950,53,Male,San Diego,37208,8,63.12,504.96,Sports,Online,15,0,3.8,3.9
CUST04951,41,Female,New York,48314,11,57.58,633.38,Groceries,Online,8,2,4.0,4.6
CUST04952,48,Female,San Antonio,33778,10,84.56,845.6,Sports,Online,38,4,1.5,4.3
CUST04953,62,Female,San Antonio,42178,11,56.87,625.57,Toys,Online,21,4,3.7,4.5
CUST04954,37,Female,San Jose,50394,12,47.88,574.56,Toys,Mobile App,16,4,3.7,4.7
CUST04955,59,Female,Los Angeles,29730,12,47.21,566.52,Books,Mobile App,21,1,3.6,4.6
CUST04956,41,Male,Philadelphia,40401,16,38.38,614.08,Books,In-Store,5,4,3.4,5.5
CUST04957,18,Male,Philadelphia,32582,7,55.42,387.94,Electronics,Online,51,3,2.9,3.5
CUST04958,30,Male,Philadelphia,39301,7,80.99,566.93,Home & Garden,Online,84,1,4.0,3.4
CUST04959,39,Male,San Antonio,56125,12,69.46,833.52,Sports,In-Store,30,1,3.2,4.7
CUST04960,22,Female,San Diego,44210,13,157.86,2052.18,Toys,Online,30,2,4.2,5.4
CUST04961,18,Female,San Jose,20000,10,159.4,1594.0,Beauty,Online,6,2,2.5,4.8
CUST04962,59,Female,Houston,64997,11,74.59,820.49,Beauty,Online,40,1,3.4,4.4
CUST04963,29,Female,San Jose,37372,8,82.48,659.84,Toys,In-Store,89,0,4.4,3.5
CUST04964,39,Male,Philadelphia,52617,6,61.23,367.38,Clothing,Online,25,0,4.1,3.5
CUST04965,49,Male,San Antonio,147812,12,32.4,388.8,Home & Garden,Online,61,1,3.7,4.3
CUST04966,40,Male,Los Angeles,36745,11,59.47,654.17,Beauty,In-Store,24,4,3.4,4.5
CUST04967,34,Female,San Jose,44103,19,35.2,668.8,Automotive,Mobile App,3,1,3.6,6.0
CUST04968,54,Female,San Jose,63792,13,53.34,693.42,Books,Online,35,3,3.4,4.8
CUST04969,36,Male,San Antonio,22542,9,53.39,480.51,Home & Garden,Online,86,0,3.8,3.7
CUST04970,59,Male,Phoenix,118794,16,50.48,807.68,Sports,In-Store,32,2,3.0,5.4
CUST04971,49,Male,Phoenix,20000,22,98.66,2170.52,Clothing,In-Store,5,4,4.1,7.2
CUST04972,26,Male,Los Angeles,80505,15,184.34,2765.1,Books,In-Store,18,1,3.9,6.1
CUST04973,32,Female,Houston,50163,8,168.59,1348.72,Health,Online,28,3,3.2,4.2
CUST04974,35,Female,Phoenix,36418,14,22.77,318.78,Sports,In-Store,23,4,2.6,4.9
CUST04975,41,Male,San Jose,152045,15,15.26,228.9,Sports,Mobile App,35,1,3.3,4.9
CUST04976,47,Male,Dallas,117703,12,111.8,1341.6,Automotive,Online,63,1,4.5,4.7
CUST04977,32,Male,San Jose,52490,11,54.57,600.27,Beauty,In-Store,34,0,4.2,4.4
CUST04978,38,Male,San Diego,70097,14,101.73,1424.22,Home & Garden,Mobile App,25,3,3.4,5.3
CUST04979,51,Female,Dallas,40320,11,147.62,1623.82,Automotive,In-Store,20,0,4.2,4.9
CUST04980,28,Female,Los Angeles,63349,9,27.12,244.08,Home & Garden,Online,1,0,4.8,4.1
CUST04981,42,Female,San Jose,61302,13,71.13,924.69,Toys,Online,19,1,4.4,5.0
CUST04982,55,Female,Los Angeles,56945,5,213.34,1066.7,Toys,In-Store,36,0,4.1,3.5
CUST04983,39,Male,Phoenix,52783,10,16.88,168.8,Automotive,Online,38,0,3.6,4.0
CUST04984,33,Male,San Antonio,71716,17,101.85,1731.45,Beauty,Online,7,3,3.9,6.1
CUST04985,24,Female,Chicago,26509,12,76.25,915.0,Groceries,Online,17,0,4.3,4.8
CUST04986,37,Male,Phoenix,49477,14,32.26,451.64,Sports,In-Store,28,0,4.9,4.9
CUST04987,34,Female,San Antonio,37408,11,56.28,619.08,Clothing,Online,40,2,3.3,4.4
CUST04988,52,Female,San Jose,27218,11,66.63,732.93,Electronics,Mobile App,22,3,3.8,4.5
CUST04989,37,Male,Philadelphia,53808,17,144.64,2458.88,Clothing,Online,8,3,3.2,6.4
CUST04990,49,Male,San Diego,76850,17,113.3,1926.1,Beauty,Mobile App,62,2,4.1,5.8
CUST04991,35,Female,Dallas,20000,16,35.66,570.56,Health,Online,1,4,3.3,5.5
CUST04992,46,Male,Philadelphia,79394,18,20.86,375.48,Toys,Mobile App,6,1,3.5,5.7
CUST04993,63,Female,San Antonio,37010,7,121.56,850.92,Clothing,Mobile App,1,0,4.2,4.0
CUST04994,37,Female,Los Angeles,25154,13,77.97,1013.61,Sports,In-Store,7,3,3.5,5.1
CUST04995,30,Female,Houston,34106,14,54.66,765.24,Sports,In-Store,12,3,3.6,5.1
CUST04996,32,Male,Houston,52830,13,100.13,1301.69,Clothing,Online,10,1,4.7,5.2
CUST04997,38,Female,Dallas,48333,12,54.92,659.04,Beauty,Online,13,0,5.0,4.7
CUST04998,54,Male,Chicago,72209,18,89.7,1614.6,Home & Garden,Mobile App,11,2,3.8,6.2
CUST04999,52,Male,Chicago,49901,10,174.54,1745.4,Electronics,Mobile App,10,2,3.7,4.8
CUST05000,41,Male,San Diego,83460,13,34.49,448.37,Sports,Online,2,1,3.3,4.9
CUST05001,48,Male,Los Angeles,25785,8,162.16,1297.28,Electronics,Online,42,2,3.5,4.1
CUST05002,56,Female,San Jose,29923,12,28.61,343.32,Books,In-Store,72,3,4.0,4.2
CUST05003,51,Female,San Antonio,51796,13,19.85,258.05,Automotive,Mobile App,35,0,3.5,4.6
CUST05004,23,Male,Philadelphia,100296,9,102.42,921.78,Groceries,In-Store,61,1,3.2,4.0
CUST05005,62,Male,San Jose,58233,13,54.27,705.51,Electronics,Online,5,2,3.8,5.0
CUST05006,18,Female,Los Angeles,32425,13,29.14,378.82,Toys,Online,39,2,4.0,4.6
CUST05007,43,Male,San Diego,76293,13,29.14,378.82,Sports,Online,18,1,4.2,4.7
CUST05008,36,Male,Houston,40402,11,163.08,1793.88,Beauty,Online,59,0,3.8,4.7
CUST05009,57,Male,Philadelphia,35561,12,257.77,3093.24,Electronics,Online,47,0,4.5,5.5
CUST05010,28,Female,San Jose,53613,9,151.32,1361.88,Sports,Online,5,1,3.9,4.5
CUST05011,29,Male,San Diego,29626,10,12.6,126.0,Beauty,In-Store,35,1,3.4,4.0
CUST05012,18,Female,Chicago,75034,13,37.44,486.72,Home & Garden,Online,46,2,3.2,4.6
CUST05013,52,Female,Chicago,38399,11,62.46,687.06,Health,In-Store,5,1,3.7,4.6
CUST05014,41,Male,New York,81571,11,39.2,431.2,Groceries,Online,110,1,3.6,3.8
CUST05015,27,Female,Los Angeles,37525,9,116.43,1047.87,Home & Garden,Online,69,1,3.2,4.0
CUST05016,52,Male,New York,54240,6,42.82,256.92,Home & Garden,Online,179,0,3.6,2.4
CUST05017,18,Male,San Diego,31268,12,29.8,357.6,Clothing,In-Store,28,1,4.2,4.5
CUST05018,60,Male,San Antonio,38564,13,55.62,723.06,Toys,Online,57,4,3.5,4.6
CUST05019,19,Female,San Diego,45996,9,33.8,304.2,Books,Online,80,2,3.1,3.6
CUST05020,30,Male,San Jose,97801,13,44.75,581.75,Beauty,In-Store,11,2,3.8,4.9
CUST05021,50,Male,New York,59155,12,32.98,395.76,Groceries,Online,2,3,3.7,4.7
CUST05022,39,Male,New York,100656,8,45.53,364.24,Clothing,Mobile App,24,1,4.1,3.8
CUST05023,32,Male,Houston,45408,9,182.43,1641.87,Health,In-Store,12,1,3.8,4.6
CUST05024,51,Male,San Diego,32198,11,106.31,1169.41,Groceries,Online,6,2,4.0,4.8
CUST05025,22,Male,Chicago,87727,5,20.36,101.8,Electronics,Online,164,0,3.4,2.3
CUST05026,55,Male,Los Angeles,84581,12,43.16,517.92,Health,Mobile App,2,4,3.9,4.7
CUST05027,42,Female,New York,48470,11,126.02,1386.22,Clothing,Online,3,1,4.2,4.9
CUST05028,47,Male,Chicago,136590,7,190.1,1330.7,Groceries,Online,36,1,3.6,4.0
CUST05029,54,Female,New York,27362,8,108.59,868.72,Toys,Mobile App,5,2,3.9,4.2
CUST05030,49,Female,Phoenix,54355,12,212.53,2550.36,Automotive,Online,26,1,4.4,5.4
CUST05031,32,Female,Los Angeles,107443,15,114.63,1719.45,Toys,In-Store,8,3,4.5,5.7
CUST05032,18,Female,Philadelphia,21589,12,39.71,476.52,Sports,Online,36,2,3.8,4.5
CUST05033,47,Female,San Jose,32476,11,63.25,695.75,Groceries,Mobile App,39,1,3.8,4.4
CUST05034,41,Male,Philadelphia,25792,15,101.91,1528.65,Automotive,Online,23,1,4.0,5.6
CUST05035,35,Female,San Diego,34372,14,72.97,1021.58,Groceries,In-Store,13,1,4.1,5.2
CUST05036,32,Male,Chicago,91737,8,67.7,541.6,Beauty,In-Store,8,0,4.0,4.0
CUST05037,31,Female,Chicago,45007,7,30.07,210.49,Groceries,Online,7,3,2.5,3.7
CUST05038,42,Male,San Jose,86559,7,132.66,928.62,Beauty,Online,98,1,4.0,3.4
CUST05039,50,Female,Phoenix,72205,8,29.94,239.52,Sports,Mobile App,3,1,3.0,3.9
CUST05040,40,Female,Chicago,73751,10,25.15,251.5,Home & Garden,Online,11,3,4.1,4.2
CUST05041,30,Female,San Diego,29450,12,51.13,613.56,Health,In-Store,36,0,4.0,4.6
CUST05042,49,Male,Chicago,87790,8,132.2,1057.6,Clothing,Online,4,1,3.4,4.2
CUST05043,29,Male,New York,85293,8,79.26,634.08,Clothing,In-Store,17,0,4.2,4.0
CUST05044,43,Female,New York,38183,13,92.79,1206.27,Home & Garden,In-Store,10,1,4.3,5.1
CUST05045,26,Non-binary,Dallas,46632,14,89.18,1248.52,Books,Mobile App,57,0,4.4,5.0
CUST05046,41,Female,New York,55432,10,62.12,621.2,Clothing,Online,79,0,4.0,3.9
CUST05047,65,Male,San Diego,61246,15,43.1,646.5,Sports,In-Store,29,1,4.0,5.1
CUST05048,39,Female,Houston,28306,4,62.9,251.6,Health,Online,26,0,3.3,3.1
CUST05049,58,Male,San Jose,53542,19,26.86,510.34,Health,Online,19,4,3.2,5.9
CUST05050,42,Male,San Jose,33699,10,46.64,466.4,Beauty,In-Store,53,1,3.7,4.0
CUST05051,33,Female,Los Angeles,21273,16,41.33,661.28,Toys,Online,7,0,4.0,5.5
CUST05052,47,Male,San Diego,35301,5,141.48,707.4,Books,In-Store,20,1,3.6,3.5
CUST05053,48,Male,Dallas,61361,7,64.25,449.75,Toys,Online,1,0,4.6,3.8
CUST05054,39,Male,Phoenix,49792,16,49.46,791.36,Groceries,Online,24,3,4.4,5.4
CUST05055,28,Male,San Antonio,26362,5,52.31,261.55,Beauty,In-Store,4,1,2.9,3.4
CUST05056,44,Male,San Antonio,70105,17,69.31,1178.27,Home & Garden,Mobile App,6,2,4.2,5.9
CUST05057,18,Female,New York,37053,4,19.24,76.96,Automotive,Mobile App,121,0,4.4,2.4
CUST05058,29,Male,Phoenix,37283,9,75.14,676.26,Sports,Online,36,0,4.1,4.1
CUST05059,26,Female,New York,26606,15,21.75,326.25,Sports,In-Store,22,1,4.2,5.0
CUST05060,25,Female,Dallas,28598,16,64.9,1038.4,Health,In-Store,6,4,4.1,5.6
CUST05061,29,Male,Phoenix,29029,8,159.17,1273.36,Toys,Online,1,0,2.6,4.4
CUST05062,44,Male,Philadelphia,65088,10,91.7,917.0,Health,In-Store,114,0,3.8,3.8
CUST05063,30,Female,Philadelphia,94374,11,38.77,426.47,Clothing,In-Store,16,1,2.4,4.4
CUST05064,33,Female,Houston,58443,12,87.35,1048.2,Toys,Online,5,0,4.2,4.9
CUST05065,33,Female,Chicago,31070,18,88.0,1584.0,Books,Online,33,0,4.2,6.0
CUST05066,41,Female,Chicago,52207,7,84.61,592.27,Health,In-Store,54,2,3.9,3.6
CUST05067,24,Male,Phoenix,43847,10,85.43,854.3,Groceries,Online,1,3,3.3,4.5
CUST05068,47,Female,Philadelphia,44761,10,23.02,230.2,Groceries,Online,85,0,4.7,3.7
CUST05069,56,Male,Chicago,39157,16,30.96,495.36,Electronics,Online,2,3,3.5,5.4
CUST05070,28,Female,Philadelphia,46392,19,58.12,1104.28,Automotive,Online,34,5,4.8,6.0
CUST05071,42,Female,Chicago,59830,10,88.09,880.9,Electronics,In-Store,65,0,3.5,4.1
CUST05072,31,Female,Chicago,20000,10,58.08,580.8,Groceries,In-Store,32,2,4.6,4.2
CUST05073,41,Male,Philadelphia,26679,11,76.23,838.53,Books,Online,49,0,5.0,4.4
CUST05074,42,Male,Philadelphia,54894,13,66.93,870.09,Beauty,In-Store,21,0,3.7,4.9
CUST05075,29,Female,San Antonio,80660,14,108.11,1513.54,Home & Garden,Online,12,3,2.9,5.4
CUST05076,37,Male,Chicago,97721,12,137.43,1649.16,Books,Online,17,1,3.5,5.1
CUST05077,26,Female,Phoenix,20000,15,134.47,2017.05,Groceries,Online,1,1,3.4,5.9
CUST05078,42,Male,Philadelphia,68636,12,62.84,754.08,Sports,In-Store,14,0,4.0,4.8
CUST05079,38,Male,Dallas,136656,17,68.81,1169.77,Beauty,Online,9,3,4.3,5.8
CUST05080,35,Male,Los Angeles,66490,14,73.76,1032.64,Home & Garden,In-Store,12,0,2.5,5.2
CUST05081,30,Female,New York,43845,10,115.87,1158.7,Electronics,Online,102,1,4.4,4.0
CUST05082,59,Female,Houston,88166,12,54.77,657.24,Groceries,Online,27,2,3.4,4.6
CUST05083,28,Female,Chicago,58592,14,78.75,1102.5,Groceries,Online,54,2,3.6,5.0
CUST05084,47,Female,Los Angeles,48582,12,78.08,936.96,Beauty,In-Store,11,0,3.4,4.8
CUST05085,62,Female,Los Angeles,52433,12,28.39,340.68,Beauty,In-Store,18,1,4.7,4.6
CUST05086,18,Female,Dallas,30911,15,25.97,389.55,Books,In-Store,28,0,4.3,5.0
CUST05087,41,Non-binary,Phoenix,94693,15,32.71,490.65,Electronics,Online,8,1,3.7,5.2
CUST05088,21,Female,Dallas,58273,8,29.98,239.84,Beauty,Online,146,1,3.6,3.0
CUST05089,34,Female,San Antonio,30154,12,93.77,1125.24,Sports,Mobile App,8,0,3.4,4.9
CUST05090,20,Female,New York,50315,11,50.59,556.49,Electronics,In-Store,27,1,3.2,4.4
CUST05091,29,Male,Dallas,57258,13,151.85,1974.05,Toys,Online,21,4,3.2,5.4
CUST05092,31,Female,Houston,40478,12,30.12,361.44,Beauty,In-Store,18,2,4.0,4.6
CUST05093,41,Female,San Antonio,62899,13,18.76,243.88,Books,Online,4,3,2.9,4.8
CUST05094,35,Female,Phoenix,52895,13,163.06,2119.78,Clothing,In-Store,20,1,4.4,5.5
CUST05095,48,Female,Houston,29074,19,127.8,2428.2,Sports,In-Store,142,2,4.4,5.9
CUST05096,22,Male,Chicago,32912,16,96.5,1544.0,Books,Mobile App,41,1,3.9,5.6
CUST05097,31,Male,Houston,113871,7,86.79,607.53,Groceries,Online,70,2,2.8,3.5
CUST05098,26,Female,New York,34692,12,347.83,4173.96,Sports,Online,26,1,4.2,6.1
CUST05099,36,Male,Houston,33118,15,73.16,1097.4,Clothing,Online,23,4,3.2,5.4
CUST05100,36,Female,Dallas,20000,19,80.28,1525.32,Health,In-Store,31,2,3.2,6.2
CUST05101,48,Female,Los Angeles,37245,10,11.18,111.8,Clothing,Online,4,0,4.2,4.2
CUST05102,19,Female,Chicago,81989,10,57.97,579.7,Books,In-Store,213,0,4.2,3.1
CUST05103,41,Female,San Jose,37464,15,126.33,1894.95,Sports,In-Store,76,7,2.7,5.4
CUST05104,53,Female,Chicago,20000,17,120.08,2041.36,Automotive,In-Store,1,4,4.4,6.3
CUST05105,62,Male,Dallas,115676,22,90.62,1993.64,Electronics,Online,30,1,4.7,6.9
CUST05106,29,Female,San Antonio,35861,12,66.47,797.64,Books,Online,65,3,3.4,4.5
CUST05107,37,Female,Chicago,48052,12,36.54,438.48,Electronics,Online,7,0,3.9,4.7
CUST05108,36,Male,Houston,66774,12,50.9,610.8,Groceries,In-Store,50,4,3.2,4.5
CUST05109,23,Male,San Antonio,34634,8,45.84,366.72,Home & Garden,Mobile App,9,0,3.9,3.9
CUST05110,41,Male,New York,61147,19,69.49,1320.31,Beauty,Mobile App,3,2,4.3,6.3
CUST05111,36,Male,Dallas,32011,16,33.78,540.48,Home & Garden,In-Store,45,4,3.4,5.2
CUST05112,53,Male,Philadelphia,47537,12,14.75,177.0,Automotive,In-Store,1,3,3.0,4.6
CUST05113,36,Female,San Jose,81264,13,98.82,1284.66,Groceries,In-Store,27,1,4.4,5.1
CUST05114,32,Female,San Jose,38109,11,78.22,860.42,Electronics,Online,35,2,4.1,4.5
CUST05115,49,Male,San Antonio,74225,13,40.69,528.97,Groceries,Mobile App,4,1,2.6,4.9
CUST05116,30,Female,Houston,48999,19,46.68,886.92,Home & Garden,Online,4,1,3.9,6.1
CUST05117,59,Female,Houston,42029,18,88.57,1594.26,Automotive,In-Store,7,2,4.0,6.2
CUST05118,18,Male,Houston,20000,13,41.44,538.72,Home & Garden,Mobile App,4,0,3.4,4.9
CUST05119,44,Male,Los Angeles,72169,11,18.89,207.79,Automotive,Online,49,0,3.8,4.1
CUST05120,64,Male,Dallas,25629,11,41.34,454.74,Books,Online,8,1,4.3,4.5
CUST05121,43,Male,Houston,77785,11,117.98,1297.78,Books,In-Store,66,1,3.7,4.5
CUST05122,33,Female,Los Angeles,107655,13,40.53,526.89,Electronics,Mobile App,4,0,3.7,4.9
CUST05123,28,Male,Dallas,36446,9,80.39,723.51,Groceries,Online,117,1,2.7,3.6
CUST05124,51,Male,San Jose,37576,10,56.65,566.5,Groceries,Online,128,3,3.6,3.6
CUST05125,27,Female,Dallas,99259,12,80.36,964.32,Home & Garden,Online,19,1,2.9,4.8
CUST05126,34,Male,San Jose,121530,12,71.34,856.08,Clothing,In-Store,90,1,4.4,4.3
CUST05127,27,Male,New York,66073,17,103.04,1751.68,Books,Mobile App,1,4,4.4,6.1
CUST05128,33,Female,San Antonio,68476,8,53.74,429.92,Clothing,In-Store,12,2,4.3,3.9
CUST05129,29,Male,Philadelphia,26845,15,32.68,490.2,Health,Online,46,2,3.7,5.0
CUST05130,32,Female,Dallas,48889,10,84.48,844.8,Automotive,Online,21,0,5.0,4.4
CUST05131,45,Female,Phoenix,87520,18,87.68,1578.24,Home & Garden,In-Store,22,2,3.7,6.1
CUST05132,18,Female,San Diego,29200,17,61.47,1044.99,Health,Online,1,1,4.0,5.8
CUST05133,24,Male,San Diego,63949,11,246.23,2708.53,Automotive,In-Store,80,2,3.8,5.0
CUST05134,49,Male,San Jose,38176,12,38.97,467.64,Books,In-Store,1,1,3.6,4.7
CUST05135,39,Female,Houston,48126,11,130.9,1439.9,Automotive,In-Store,10,1,4.1,4.9
CUST05136,29,Male,San Diego,60315,11,122.48,1347.28,Groceries,In-Store,63,0,4.7,4.5
CUST05137,27,Male,Chicago,59869,12,46.97,563.64,Books,Online,12,1,4.2,4.7
CUST05138,33,Female,San Antonio,23873,19,60.14,1142.66,Automotive,Online,2,1,3.2,6.2
CUST05139,25,Male,Philadelphia,82783,12,60.22,722.64,Health,Mobile App,78,1,3.8,4.3
CUST05140,33,Male,San Diego,45631,12,17.45,209.4,Home & Garden,Online,43,4,3.2,4.3
CUST05141,33,Female,San Jose,112371,11,63.36,696.96,Groceries,Online,29,0,3.4,4.5
CUST05142,33,Male,Phoenix,76049,6,237.03,1422.18,Books,In-Store,7,1,4.0,4.0
CUST05143,37,Male,San Diego,32383,14,46.94,657.16,Sports,Mobile App,24,1,3.7,5.0
CUST05144,34,Female,San Jose,31851,10,44.33,443.3,Electronics,Online,20,0,4.3,4.2
CUST05145,35,Female,Chicago,40917,11,56.85,625.35,Health,Online,5,0,4.2,4.6
CUST05146,42,Female,Phoenix,75409,11,38.89,427.79,Clothing,In-Store,27,1,3.4,4.4
CUST05147,36,Female,San Antonio,21900,13,87.16,1133.08,Toys,Online,4,1,4.2,5.2
CUST05148,45,Male,San Jose,79362,12,165.24,1982.88,Toys,Online,1,0,3.8,5.4
CUST05149,32,Female,Phoenix,58050,14,137.47,1924.58,Automotive,Online,18,3,3.8,5.6
CUST05150,35,Female,San Jose,57608,14,87.57,1225.98,Sports,Online,14,2,3.3,5.3
CUST05151,32,Male,Dallas,48174,11,107.0,1177.0,Home & Garden,Mobile App,1,0,3.7,4.8
CUST05152,26,Female,Phoenix,46870,12,92.15,1105.8,Clothing,Online,7,1,3.6,4.9
CUST05153,29,Male,San Diego,63298,16,160.07,2561.12,Automotive,Mobile App,14,1,4.3,6.2
CUST05154,19,Male,San Antonio,44115,17,35.06,596.02,Health,In-Store,29,2,3.7,5.5
CUST05155,42,Female,San Antonio,136750,13,31.74,412.62,Sports,In-Store,13,3,3.8,4.8
CUST05156,35,Female,Phoenix,31533,10,30.47,304.7,Sports,Online,25,4,3.5,4.1
CUST05157,36,Female,Chicago,38722,8,65.0,520.0,Automotive,Mobile App,12,2,2.3,4.0
CUST05158,38,Female,Philadelphia,20000,11,145.57,1601.27,Groceries,Online,1,3,3.7,5.0
CUST05159,33,Female,New York,104511,12,56.33,675.96,Groceries,Online,44,0,4.1,4.5
CUST05160,31,Female,New York,84004,13,179.96,2339.48,Books,Online,62,1,4.4,5.3
CUST05161,36,Female,New York,24002,8,120.89,967.12,Electronics,Mobile App,19,0,3.8,4.1
CUST05162,22,Male,Dallas,48078,9,24.02,216.18,Sports,Online,1,2,3.5,4.1
CUST05163,30,Male,Houston,22189,20,92.07,1841.4,Electronics,In-Store,30,0,3.2,6.5
CUST05164,52,Female,Dallas,55034,13,113.43,1474.59,Home & Garden,Mobile App,18,0,4.3,5.2
CUST05165,23,Female,Philadelphia,51355,13,317.68,4129.84,Toys,Online,3,0,4.3,6.4
CUST05166,41,Female,Dallas,45437,11,40.09,440.99,Home & Garden,In-Store,23,3,3.0,4.4
CUST05167,22,Female,Phoenix,33638,9,29.79,268.11,Clothing,In-Store,139,1,3.3,3.2
CUST05168,48,Male,Houston,35191,17,191.19,3250.23,Electronics,Online,59,2,3.6,6.4
CUST05169,21,Female,Philadelphia,29788,13,10,130,Electronics,Online,3,2,3.2,4.7
CUST05170,24,Male,Philadelphia,38120,10,358.78,3587.8,Books,In-Store,14,1,4.3,5.6
CUST05171,27,Male,San Jose,39146,9,35.32,317.88,Health,Online,4,1,3.8,4.1
CUST05172,31,Male,Philadelphia,34215,14,13.78,192.92,Books,Online,43,3,3.6,4.7
CUST05173,21,Female,San Jose,93047,10,10,100,Home & Garden,Mobile App,17,0,4.0,4.1
CUST05174,40,Non-binary,Phoenix,58314,11,33.67,370.37,Books,Online,6,3,3.9,4.5
CUST05175,60,Male,San Diego,60118,13,56.8,738.4,Electronics,In-Store,11,1,3.5,4.9
CUST05176,44,Female,Chicago,47158,12,123.38,1480.56,Books,Mobile App,1,3,2.8,5.1
CUST05177,39,Female,New York,65132,16,33.88,542.08,Clothing,In-Store,1,2,3.3,5.4
CUST05178,41,Male,Philadelphia,96971,14,96.6,1352.4,Clothing,Online,33,4,4.3,5.2
CUST05179,19,Male,Phoenix,28394,12,108.45,1301.4,Sports,Mobile App,49,2,3.1,4.8
CUST05180,40,Male,San Jose,58561,12,47.96,575.52,Health,Mobile App,6,0,3.9,4.7
CUST05181,66,Male,Phoenix,53488,11,72.15,793.65,Beauty,Mobile App,1,2,3.5,4.7
CUST05182,56,Female,San Antonio,52475,11,81.17,892.87,Beauty,Online,58,1,3.3,4.4
CUST05183,36,Female,San Antonio,50454,6,141.71,850.26,Groceries,In-Store,40,0,3.6,3.6
CUST05184,42,Male,Philadelphia,38987,9,65.55,589.95,Beauty,In-Store,22,2,2.9,4.1
CUST05185,43,Male,San Diego,20000,7,204.7,1432.9,Groceries,Online,23,0,4.2,4.1
CUST05186,30,Male,Chicago,76600,11,149.41,1643.51,Groceries,Mobile App,1,2,3.7,5.0
CUST05187,33,Male,San Jose,70427,16,99.99,1599.84,Electronics,Online,14,1,4.4,5.8
CUST05188,42,Male,Phoenix,34928,16,81.09,1297.44,Toys,In-Store,4,2,3.8,5.8
CUST05189,33,Male,Phoenix,47680,12,168.63,2023.56,Toys,Mobile App,44,1,4.1,5.1
CUST05190,53,Male,Phoenix,40883,14,40.57,567.98,Beauty,Online,81,1,3.3,4.6
CUST05191,30,Male,San Antonio,258952,11,81.78,899.58,Beauty,Online,69,2,3.7,4.3
CUST05192,44,Female,Houston,20000,11,123.35,1356.85,Automotive,Online,10,3,2.5,4.9
CUST05193,38,Male,Los Angeles,23062,17,55.51,943.67,Groceries,Online,41,2,4.4,5.5
CUST05194,33,Female,Houston,22723,10,39.63,396.3,Clothing,Online,177,3,4.1,3.2
CUST05195,48,Female,San Jose,153916,13,89.4,1162.2,Electronics,Online,12,1,3.5,5.1
CUST05196,41,Male,Chicago,26583,17,19.21,326.57,Groceries,Mobile App,2,2,3.1,5.5
CUST05197,27,Female,Los Angeles,48309,17,27.88,473.96,Toys,Online,6,1,3.6,5.6
CUST05198,39,Female,Chicago,36030,9,80.16,721.44,Toys,Online,2,2,3.9,4.3
CUST05199,23,Male,Phoenix,37740,13,76.72,997.36,Automotive,In-Store,30,0,3.8,4.9
CUST05200,63,Female,San Jose,86108,11,47.11,518.21,Beauty,In-Store,36,2,3.5,4.3
CUST05201,27,Female,Philadelphia,20000,16,44.73,715.68,Automotive,Online,12,2,4.0,5.5
CUST05202,28,Male,Phoenix,45069,18,49.72,894.96,Groceries,In-Store,19,2,3.2,5.8
CUST05203,18,Male,Philadelphia,116246,12,54.46,653.52,Clothing,Online,24,0,4.7,4.6
CUST05204,18,Non-binary,Philadelphia,46986,11,48.87,537.57,Toys,Online,24,1,3.6,4.4
CUST05205,18,Male,Los Angeles,61679,15,52.1,781.5,Electronics,Online,42,4,4.0,5.1
CUST05206,30,Male,New York,98603,11,116.82,1285.02,Beauty,Online,65,1,4.0,4.5
CUST05207,48,Male,San Diego,115921,9,57.02,513.18,Toys,Online,4,1,3.4,4.2
CUST05208,50,Male,Philadelphia,43403,9,55.88,502.92,Home & Garden,Online,22,1,3.3,4.1
CUST05209,42,Male,San Diego,82240,13,24.37,316.81,Automotive,In-Store,11,1,3.3,4.8
CUST05210,18,Female,Phoenix,132307,11,134.21,1476.31,Clothing,Mobile App,18,1,4.3,4.9
CUST05211,27,Female,Los Angeles,81719,13,369.51,4803.63,Beauty,In-Store,142,3,3.9,5.8
CUST05212,62,Female,San Jose,85072,10,116.02,1160.2,Toys,Online,9,2,3.7,4.6
CUST05213,33,Male,San Jose,44954,10,41.83,418.3,Home & Garden,Online,33,0,4.0,4.1
CUST05214,41,Male,Dallas,24489,10,153.28,1532.8,Automotive,Online,2,0,4.2,4.8
CUST05215,50,Male,Dallas,54008,13,91.26,1186.38,Home & Garden,Online,19,3,2.9,5.1
CUST05216,54,Female,Los Angeles,42824,10,70.26,702.6,Home & Garden,Online,44,2,4.2,4.2
CUST05217,28,Female,San Jose,110827,21,202.28,4247.88,Groceries,Online,9,3,3.4,7.9
CUST05218,52,Male,San Diego,25413,13,41.31,537.03,Automotive,In-Store,27,1,3.8,4.8
CUST05219,28,Male,Dallas,31308,15,63.48,952.2,Clothing,Online,23,0,3.2,5.3
CUST05220,28,Male,Dallas,45979,8,264.69,2117.52,Toys,Online,34,1,3.4,4.5
CUST05221,53,Male,Dallas,46346,12,189.28,2271.36,Books,Online,4,2,3.4,5.5
CUST05222,39,Female,Philadelphia,38664,4,90.93,363.72,Groceries,Online,38,1,3.8,3.0
CUST05223,29,Female,San Antonio,46657,14,31.26,437.64,Beauty,Mobile App,1,1,3.4,5.1
CUST05224,33,Male,Philadelphia,49432,13,39.8,517.4,Home & Garden,Online,8,0,4.1,4.9
CUST05225,28,Female,Dallas,57697,13,61.36,797.68,Electronics,Online,3,0,4.3,5.0
CUST05226,46,Female,Los Angeles,41164,8,167.55,1340.4,Beauty,Online,94,1,3.6,3.8
CUST05227,50,Male,Phoenix,23199,11,157.9,1736.9,Sports,Mobile App,1,2,2.8,5.1
CUST05228,34,Female,San Diego,65670,17,58.11,987.87,Toys,In-Store,13,1,3.5,5.7
CUST05229,25,Female,San Jose,53265,12,304.15,3649.8,Books,In-Store,66,0,4.6,5.7
CUST05230,45,Male,Phoenix,132597,8,31.85,254.8,Home & Garden,Online,365,2,4.1,1.6
CUST05231,55,Male,San Jose,20000,17,343.02,5831.34,Health,In-Store,3,0,3.9,7.9
CUST05232,66,Female,San Antonio,127059,10,74.5,745.0,Sports,Mobile App,7,0,3.0,4.4
CUST05233,49,Male,San Jose,20000,15,110.44,1656.6,Health,In-Store,11,2,3.0,5.7
CUST05234,45,Female,New York,27383,15,93.88,1408.2,Clothing,Online,36,3,4.8,5.4
CUST05235,25,Female,Philadelphia,39913,10,143.07,1430.7,Toys,Online,40,4,2.9,4.5
CUST05236,51,Male,Houston,38640,9,309.21,2782.89,Beauty,Online,128,1,3.4,4.4
CUST05237,23,Female,Dallas,58318,13,93.73,1218.49,Health,Online,14,2,3.1,5.1
CUST05238,33,Female,Phoenix,144709,14,40.17,562.38,Groceries,In-Store,3,1,4.4,5.1
CUST05239,19,Male,Dallas,43482,10,82.76,827.6,Automotive,Online,6,2,3.9,4.5
CUST05240,21,Female,San Jose,52427,11,54.28,597.08,Toys,In-Store,8,2,4.7,4.5
CUST05241,37,Male,Dallas,185181,11,60.95,670.45,Beauty,Mobile App,22,1,4.2,4.5
CUST05242,34,Female,Philadelphia,36497,16,91.64,1466.24,Health,Online,9,1,4.2,5.8
CUST05243,47,Female,Dallas,74614,12,101.83,1221.96,Clothing,Mobile App,11,2,2.8,5.0
CUST05244,46,Male,Chicago,84831,11,86.21,948.31,Clothing,Online,6,4,3.6,4.7
CUST05245,40,Female,Dallas,23296,12,72.72,872.64,Health,In-Store,5,3,3.1,4.9
CUST05246,45,Female,Los Angeles,189582,13,119.7,1556.1,Groceries,Online,114,0,3.6,4.6
CUST05247,41,Female,San Jose,168746,16,95.09,1521.44,Toys,Mobile App,3,2,3.3,5.9
CUST05248,27,Male,Philadelphia,61518,9,45.07,405.63,Health,In-Store,86,0,3.3,3.6
CUST05249,36,Female,Phoenix,20000,13,19.51,253.63,Beauty,Mobile App,1,2,3.2,4.8
CUST05250,18,Female,Houston,72385,7,18.08,126.56,Books,Online,51,1,3.6,3.4
CUST05251,30,Female,Dallas,48270,14,278.51,3899.14,Books,Mobile App,7,1,3.8,6.5
CUST05252,45,Male,Chicago,36681,10,43.48,434.8,Home & Garden,In-Store,3,1,3.2,4.3
CUST05253,37,Male,Dallas,44058,12,10,120,Beauty,In-Store,1,1,3.2,4.6
CUST05254,49,Female,Los Angeles,22952,14,50.68,709.52,Clothing,In-Store,19,0,4.7,5.1
CUST05255,47,Female,San Diego,29783,5,215.3,1076.5,Automotive,Online,13,1,3.4,3.7
CUST05256,41,Female,Philadelphia,111123,13,113.33,1473.29,Health,Online,57,0,4.2,5.0
CUST05257,23,Female,San Jose,58372,17,62.75,1066.75,Health,In-Store,2,0,3.7,5.8
CUST05258,65,Male,Los Angeles,32570,17,54.31,923.27,Toys,Online,8,3,4.2,5.7
CUST05259,28,Male,Philadelphia,20000,12,77.62,931.44,Groceries,In-Store,79,0,3.4,4.4
CUST05260,24,Male,San Antonio,20426,11,206.8,2274.8,Health,Online,21,0,3.5,5.2
CUST05261,29,Female,Philadelphia,51715,10,39.22,392.2,Clothing,In-Store,44,3,3.8,4.1
CUST05262,36,Female,Dallas,54594,9,175.91,1583.19,Automotive,In-Store,65,1,3.9,4.3
CUST05263,33,Female,San Diego,53995,8,74.45,595.6,Electronics,In-Store,18,2,3.6,4.0
CUST05264,31,Female,Houston,36523,11,226.55,2492.05,Groceries,In-Store,25,2,3.6,5.2
CUST05265,47,Male,Los Angeles,47600,6,33.27,199.62,Clothing,In-Store,88,0,4.5,3.0
CUST05266,40,Female,Los Angeles,106216,6,138.42,830.52,Electronics,Online,59,1,3.4,3.4
CUST05267,33,Female,Chicago,54186,15,123.85,1857.75,Health,Mobile App,16,4,3.4,5.7
CUST05268,36,Male,Philadelphia,69990,12,52.7,632.4,Beauty,Online,17,0,4.0,4.7
CUST05269,40,Female,New York,40288,15,139.71,2095.65,Health,Online,2,3,3.4,5.9
CUST05270,51,Female,Dallas,42534,12,35.73,428.76,Clothing,Mobile App,140,0,3.8,3.8
CUST05271,50,Female,New York,32593,12,116.49,1397.88,Sports,Online,4,3,3.3,5.1
CUST05272,40,Female,Phoenix,26935,19,21.55,409.45,Home & Garden,In-Store,17,2,4.2,5.8
CUST05273,18,Male,Los Angeles,40266,12,134.43,1613.16,Beauty,Mobile App,15,3,3.2,5.1
CUST05274,24,Female,Dallas,88365,18,147.21,2649.78,Toys,Online,3,1,4.1,6.7
CUST05275,33,Female,Chicago,50219,13,70.43,915.59,Toys,Online,23,3,3.4,4.9
CUST05276,43,Female,Dallas,55931,18,90.21,1623.78,Health,Online,71,0,3.3,5.8
CUST05277,46,Male,Philadelphia,21672,17,180.35,3065.95,Home & Garden,In-Store,26,1,3.5,6.5
CUST05278,46,Male,New York,41104,18,33.35,600.3,Beauty,In-Store,81,2,3.0,5.3
CUST05279,34,Non-binary,San Antonio,23635,20,44.18,883.6,Clothing,Online,12,5,3.8,6.2
CUST05280,47,Female,San Diego,49797,10,107.97,1079.7,Home & Garden,Online,15,1,4.1,4.5
CUST05281,39,Male,San Antonio,145609,11,25.18,276.98,Books,Online,49,3,3.6,4.2
CUST05282,27,Female,Chicago,30753,15,44.04,660.6,Beauty,Online,54,4,3.3,5.0
CUST05283,18,Female,Los Angeles,137048,16,289.91,4638.56,Books,Online,66,6,2.9,6.8
CUST05284,27,Male,San Jose,20000,14,34.64,484.96,Electronics,In-Store,81,1,3.0,4.6
CUST05285,63,Female,Houston,62013,15,187.25,2808.75,Toys,Online,55,3,2.9,5.9
CUST05286,33,Male,Chicago,91298,18,21.98,395.64,Automotive,In-Store,11,1,4.7,5.7
CUST05287,29,Non-binary,San Antonio,59245,9,97.95,881.55,Books,Online,8,0,4.0,4.3
CUST05288,18,Female,Phoenix,80794,13,151.01,1963.13,Groceries,In-Store,5,1,3.8,5.5
CUST05289,33,Male,Phoenix,52856,12,68.22,818.64,Sports,Online,46,1,3.2,4.6
CUST05290,20,Female,San Antonio,23081,13,24.13,313.69,Clothing,Online,7,4,3.9,4.8
CUST05291,40,Male,San Diego,33554,9,175.95,1583.55,Beauty,In-Store,32,2,3.0,4.5
CUST05292,46,Male,Dallas,39480,11,77.71,854.81,Sports,Online,10,1,3.2,4.6
CUST05293,29,Male,Philadelphia,42559,8,196.36,1570.88,Clothing,Online,168,0,3.8,3.4
CUST05294,31,Female,Dallas,96783,8,87.2,697.6,Electronics,Online,5,0,3.9,4.1
CUST05295,54,Non-binary,New York,45122,18,44.99,809.82,Sports,Online,30,1,3.7,5.7
CUST05296,43,Male,San Antonio,20000,14,65.47,916.58,Groceries,Mobile App,4,3,3.1,5.2
CUST05297,52,Female,Los Angeles,50043,9,139.98,1259.82,Sports,In-Store,11,1,2.4,4.5
CUST05298,28,Female,San Diego,57826,8,49.76,398.08,Clothing,In-Store,60,1,4.4,3.6
CUST05299,29,Female,San Jose,24188,11,92.62,1018.82,Beauty,In-Store,27,1,3.6,4.6
CUST05300,30,Female,San Jose,97441,15,30.04,450.6,Books,In-Store,5,1,4.5,5.2
CUST05301,18,Male,San Diego,32395,14,78.17,1094.38,Books,Online,44,0,3.6,5.1
CUST05302,33,Female,San Jose,35527,10,45.27,452.7,Electronics,In-Store,16,1,4.0,4.3
CUST05303,50,Male,Dallas,31422,9,76.14,685.26,Sports,Mobile App,80,0,3.6,3.8
CUST05304,40,Female,Phoenix,171557,10,29.04,290.4,Beauty,In-Store,15,2,4.1,4.2
CUST05305,38,Male,Houston,29471,10,136.61,1366.1,Beauty,In-Store,18,6,3.1,4.6
CUST05306,75,Female,Chicago,278459,15,36.48,547.2,Toys,Online,23,0,4.0,5.1
CUST05307,44,Male,Houston,173620,14,49.93,699.02,Electronics,In-Store,30,2,3.4,5.0
CUST05308,51,Male,Dallas,28798,8,263.48,2107.84,Automotive,Mobile App,12,1,3.1,4.6
CUST05309,44,Female,San Antonio,20000,16,92.43,1478.88,Sports,In-Store,20,1,3.7,5.7
CUST05310,52,Female,New York,92501,16,174.63,2794.08,Home & Garden,Online,23,3,3.9,6.3
CUST05311,34,Male,Dallas,63126,9,40.34,363.06,Automotive,Mobile App,17,3,4.3,4.0
CUST05312,51,Female,Houston,82327,14,200.19,2802.66,Automotive,Online,5,1,4.0,6.0
CUST05313,44,Female,Philadelphia,34264,10,10,100,Automotive,Online,77,1,3.4,3.7
CUST05314,43,Male,San Antonio,33350,12,78.56,942.72,Sports,In-Store,3,0,4.1,4.9
CUST05315,38,Male,Phoenix,94592,14,20.77,290.78,Clothing,Online,21,0,3.6,4.9
CUST05316,42,Male,New York,128588,17,31.13,529.21,Health,Mobile App,22,1,3.2,5.5
CUST05317,46,Female,Philadelphia,178846,13,67.6,878.8,Home & Garden,In-Store,6,0,4.2,5.0
CUST05318,39,Female,San Antonio,35582,12,141.7,1700.4,Electronics,Online,2,4,3.4,5.2
CUST05319,54,Male,Chicago,59947,14,139.98,1959.72,Beauty,Online,13,2,3.0,5.6
CUST05320,48,Male,New York,59124,13,68.29,887.77,Sports,Online,168,3,3.5,4.0
CUST05321,26,Female,Houston,66239,17,26.05,442.85,Clothing,In-Store,14,3,3.4,5.5
CUST05322,20,Female,Philadelphia,28246,16,42.95,687.2,Toys,Online,28,1,4.7,5.3
CUST05323,34,Male,Phoenix,25902,19,119.22,2265.18,Clothing,Online,7,3,5.0,6.7
CUST05324,46,Female,San Diego,59192,6,143.92,863.52,Health,Mobile App,76,1,3.4,3.4
CUST05325,31,Male,San Jose,90587,9,54.14,487.26,Home & Garden,Online,18,0,3.9,4.1
CUST05326,31,Male,Houston,49094,10,133.47,1334.7,Automotive,In-Store,13,2,3.3,4.7
CUST05327,29,Male,San Diego,48051,8,167.24,1337.92,Health,Online,19,0,3.9,4.3
CUST05328,25,Female,Chicago,25719,11,69.82,768.02,Groceries,In-Store,72,2,3.5,4.2
CUST05329,27,Female,San Diego,39538,9,76.44,687.96,Electronics,In-Store,62,0,4.8,3.9
CUST05330,30,Female,San Diego,83742,7,61.4,429.8,Groceries,In-Store,37,1,4.0,3.6
CUST05331,33,Non-binary,San Jose,22726,12,77.61,931.32,Books,Online,33,1,3.3,4.7
CUST05332,34,Male,Los Angeles,133357,10,72.24,722.4,Toys,Mobile App,21,2,4.1,4.3
CUST05333,49,Female,Chicago,39505,12,27.55,330.6,Sports,Online,18,0,5.0,4.5
CUST05334,29,Female,Houston,36867,15,105.54,1583.1,Groceries,Online,3,2,4.2,5.7
CUST05335,29,Male,San Jose,62135,10,52.0,520.0,Electronics,Online,49,0,3.9,4.1
CUST05336,49,Male,Dallas,188928,13,48.34,628.42,Books,Online,22,1,4.2,4.8
CUST05337,38,Male,New York,41989,9,136.81,1231.29,Toys,Online,78,0,3.6,4.0
CUST05338,44,Female,San Diego,24629,10,140.45,1404.5,Groceries,Online,21,1,3.8,4.6
CUST05339,19,Female,New York,27482,9,55.95,503.55,Electronics,In-Store,64,2,4.1,3.8
CUST05340,45,Female,Houston,28899,13,234.56,3049.28,Books,Mobile App,75,1,4.7,5.5
CUST05341,41,Male,Chicago,20000,10,90.62,906.2,Clothing,In-Store,2,1,3.8,4.5
CUST05342,18,Male,Dallas,99153,10,63.23,632.3,Health,Online,37,1,4.0,4.2
CUST05343,18,Male,San Diego,30339,11,52.36,575.96,Health,Online,5,2,3.4,4.6
CUST05344,34,Male,San Diego,27218,26,286.01,7436.26,Home & Garden,Online,23,2,3.9,10.0
CUST05345,40,Female,San Jose,33354,6,86.5,519.0,Electronics,Online,75,0,3.9,3.2
CUST05346,50,Male,San Jose,26164,18,89.41,1609.38,Toys,Online,15,4,3.9,6.2
CUST05347,35,Female,New York,77942,15,144.66,2169.9,Toys,Online,16,2,3.6,5.9
CUST05348,43,Male,Houston,32602,5,73.63,368.15,Automotive,Mobile App,176,0,4.4,2.3
CUST05349,21,Female,Dallas,79968,8,88.26,706.08,Toys,Mobile App,173,0,4.2,3.0
CUST05350,36,Female,San Diego,30066,13,93.96,1221.48,Groceries,Online,31,0,3.6,5.0
CUST05351,37,Male,Phoenix,53134,12,121.18,1454.16,Beauty,Mobile App,6,2,3.4,5.1
CUST05352,37,Female,Phoenix,40752,10,42.83,428.3,Books,In-Store,40,0,3.6,4.1
CUST05353,34,Non-binary,Los Angeles,91893,12,85.78,1029.36,Health,Online,14,2,3.6,4.9
CUST05354,40,Female,Los Angeles,46334,10,52.69,526.9,Toys,Mobile App,61,1,3.7,4.0
CUST05355,61,Male,Phoenix,24937,9,45.66,410.94,Home & Garden,Online,41,2,3.5,3.9
CUST05356,32,Non-binary,Chicago,50598,18,29.79,536.22,Home & Garden,In-Store,21,1,3.4,5.7
CUST05357,58,Male,Chicago,30268,10,58.03,580.3,Groceries,Online,17,1,3.7,4.3
CUST05358,47,Male,San Antonio,93155,17,20.18,343.06,Electronics,Online,54,2,4.0,5.2
CUST05359,25,Male,San Jose,78240,21,48.09,1009.89,Sports,In-Store,57,4,3.3,6.2
CUST05360,43,Male,New York,36606,12,28.44,341.28,Health,Online,20,0,4.3,4.5
CUST05361,28,Female,San Diego,90611,11,31.95,351.45,Toys,Mobile App,2,1,4.7,4.5
CUST05362,32,Male,New York,43475,9,173.82,1564.38,Home & Garden,In-Store,52,2,2.2,4.3
CUST05363,33,Male,Philadelphia,31424,7,30.26,211.82,Beauty,Online,16,0,3.6,3.6
CUST05364,39,Female,San Diego,44046,11,31.84,350.24,Books,Online,49,3,3.8,4.2
CUST05365,61,Male,Phoenix,64802,12,48.41,580.92,Automotive,Online,1,2,3.0,4.8
CUST05366,53,Non-binary,Chicago,41422,11,325.56,3581.16,Sports,Mobile App,47,2,4.3,5.6
CUST05367,27,Female,Philadelphia,28615,14,32.74,458.36,Health,In-Store,2,1,3.8,5.1
CUST05368,57,Male,New York,38409,16,77.4,1238.4,Groceries,Online,49,0,4.2,5.4
CUST05369,37,Female,Los Angeles,36698,16,54.22,867.52,Beauty,Mobile App,1,4,3.7,5.6
CUST05370,49,Female,Los Angeles,37628,10,43.38,433.8,Groceries,Mobile App,21,1,3.4,4.2
CUST05371,61,Female,San Antonio,20000,8,33.82,270.56,Sports,In-Store,114,0,3.8,3.2
CUST05372,36,Female,San Antonio,33912,8,85.64,685.12,Sports,Online,2,1,4.5,4.1
CUST05373,22,Male,Dallas,22736,17,50.66,861.22,Books,Online,37,1,3.9,5.5
CUST05374,23,Male,New York,28599,15,178.71,2680.65,Electronics,In-Store,32,1,4.0,6.0
CUST05375,22,Male,San Diego,22146,14,123.81,1733.34,Sports,Online,8,2,3.6,5.6
CUST05376,46,Female,San Diego,81432,17,42.87,728.79,Automotive,Mobile App,1,3,3.5,5.7
CUST05377,18,Non-binary,Los Angeles,57431,9,54.94,494.46,Health,Online,27,1,4.5,4.0
CUST05378,42,Male,San Jose,59213,12,33.68,404.16,Groceries,Online,43,1,3.8,4.4
CUST05379,36,Male,New York,69198,15,39.26,588.9,Books,In-Store,38,1,3.7,5.1
CUST05380,47,Female,Dallas,32154,10,37.32,373.2,Home & Garden,Online,56,2,3.6,4.0
CUST05381,30,Female,Chicago,112406,9,14.57,131.13,Home & Garden,In-Store,42,1,3.7,3.8
CUST05382,57,Non-binary,Phoenix,73008,6,93.2,559.2,Automotive,Online,2,2,3.6,3.7
CUST05383,18,Male,San Diego,58086,10,51.17,511.7,Electronics,In-Store,13,0,3.5,4.3
CUST05384,52,Male,San Jose,47449,9,43.23,389.07,Automotive,Online,116,1,3.6,3.4
CUST05385,24,Male,Chicago,62902,17,45.53,774.01,Groceries,In-Store,17,2,4.0,5.6
CUST05386,22,Male,Los Angeles,54808,14,166.64,2332.96,Groceries,Online,7,3,3.1,5.8
CUST05387,31,Female,Chicago,42167,11,113.37,1247.07,Electronics,Online,19,1,3.5,4.8
CUST05388,20,Male,Houston,92540,9,52.28,470.52,Home & Garden,Online,14,3,2.4,4.1
CUST05389,28,Male,Dallas,20000,12,62.21,746.52,Automotive,Online,10,1,4.3,4.8
CUST05390,31,Female,San Antonio,223816,9,47.75,429.75,Toys,Online,18,1,4.0,4.1
CUST05391,56,Male,New York,32956,5,51.74,258.7,Electronics,In-Store,45,0,3.9,3.1
CUST05392,38,Female,San Jose,20000,10,30.62,306.2,Clothing,Online,6,0,3.8,4.3
CUST05393,62,Male,New York,56325,12,64.46,773.52,Electronics,In-Store,12,0,4.3,4.8
CUST05394,24,Female,Los Angeles,32999,8,114.8,918.4,Books,In-Store,12,2,3.0,4.1
CUST05395,45,Female,Chicago,61751,13,182.14,2367.82,Home & Garden,Online,9,1,3.7,5.6
CUST05396,28,Female,San Diego,44148,10,48.98,489.8,Health,In-Store,26,1,3.7,4.2
CUST05397,28,Female,San Jose,28870,16,88.19,1411.04,Toys,In-Store,3,0,3.6,5.8
CUST05398,29,Female,San Antonio,36802,13,71.14,924.82,Electronics,In-Store,15,2,4.6,5.0
CUST05399,39,Female,Phoenix,50765,11,64.5,709.5,Automotive,Mobile App,23,4,3.1,4.5
CUST05400,32,Female,Dallas,47557,6,29.57,177.42,Books,Online,36,0,3.4,3.3
CUST05401,41,Male,Houston,24515,10,202.19,2021.9,Electronics,Online,4,0,4.4,5.0
CUST05402,48,Female,San Jose,40785,9,173.85,1564.65,Automotive,Online,123,1,3.6,3.9
CUST05403,38,Male,San Antonio,116256,11,66.78,734.58,Clothing,Mobile App,110,2,4.4,4.0
CUST05404,28,Female,Houston,46643,12,78.52,942.24,Toys,Online,14,0,4.6,4.8
CUST05405,49,Male,Los Angeles,84196,15,28.49,427.35,Beauty,Online,14,5,4.5,5.1
CUST05406,32,Female,Philadelphia,30778,16,66.22,1059.52,Sports,Online,63,1,4.1,5.3
CUST05407,48,Male,San Jose,41481,10,108.56,1085.6,Sports,Online,6,1,3.8,4.6
CUST05408,18,Male,Phoenix,110506,11,53.46,588.06,Electronics,Online,1,2,2.3,4.6
CUST05409,38,Male,Houston,32621,18,50.21,903.78,Sports,Online,74,2,4.1,5.5
CUST05410,38,Male,Philadelphia,33016,14,173.19,2424.66,Books,Mobile App,36,1,3.9,5.7
CUST05411,41,Female,Phoenix,133547,13,41.24,536.12,Sports,In-Store,26,0,3.2,4.8
CUST05412,32,Female,San Antonio,85061,12,38.99,467.88,Books,Online,5,1,4.3,4.7
CUST05413,20,Female,Los Angeles,131771,10,114.54,1145.4,Electronics,In-Store,2,0,3.8,4.6
CUST05414,23,Male,New York,40631,15,38.61,579.15,Groceries,In-Store,6,2,3.1,5.3
CUST05415,20,Female,Los Angeles,27423,15,48.83,732.45,Automotive,Online,22,0,3.1,5.2
CUST05416,59,Male,Houston,20000,12,30.14,361.68,Automotive,Online,1,0,4.8,4.7
CUST05417,43,Female,Phoenix,78062,15,27.78,416.7,Electronics,Online,76,1,4.3,4.7
CUST05418,44,Female,Chicago,36582,9,163.26,1469.34,Electronics,In-Store,21,3,3.2,4.5
CUST05419,25,Female,Los Angeles,79801,7,65.79,460.53,Toys,Online,5,0,3.9,3.8
CUST05420,42,Male,Chicago,80444,13,20.56,267.28,Toys,Online,15,1,3.5,4.7
CUST05421,37,Female,Houston,20000,11,46.4,510.4,Books,Online,19,2,4.1,4.4
CUST05422,32,Female,Houston,43234,14,197.71,2767.94,Beauty,Mobile App,47,1,4.0,5.8
CUST05423,33,Male,Phoenix,87200,16,65.03,1040.48,Clothing,Online,4,3,4.1,5.6
CUST05424,52,Male,Dallas,56988,7,65.81,460.67,Groceries,In-Store,62,2,3.4,3.4
CUST05425,44,Male,Dallas,117729,16,92.6,1481.6,Clothing,In-Store,3,4,2.9,5.8
CUST05426,63,Female,Chicago,37583,9,44.74,402.66,Beauty,Online,9,1,4.2,4.1
CUST05427,31,Male,San Antonio,21430,11,181.41,1995.51,Clothing,Mobile App,5,2,3.1,5.2
CUST05428,38,Male,San Jose,28799,11,77.01,847.11,Groceries,Online,14,1,4.2,4.6
CUST05429,32,Male,San Antonio,66895,9,162.06,1458.54,Electronics,Online,1,0,4.5,4.6
CUST05430,47,Male,Houston,58288,14,312.15,4370.1,Automotive,Online,3,2,3.8,6.7
CUST05431,55,Male,Los Angeles,102648,12,46.2,554.4,Groceries,Online,4,0,4.0,4.7
CUST05432,49,Female,San Jose,144373,15,27.96,419.4,Books,Online,33,0,4.0,5.0
CUST05433,22,Male,New York,41282,15,38.67,580.05,Sports,Mobile App,26,1,4.1,5.1
CUST05434,30,Female,New York,42511,14,53.09,743.26,Toys,In-Store,17,0,3.9,5.1
CUST05435,40,Male,Philadelphia,36267,6,48.22,289.32,Home & Garden,Mobile App,45,0,4.0,3.3
CUST05436,47,Female,Phoenix,53544,9,19.64,176.76,Sports,Online,42,3,2.4,3.8
CUST05437,54,Male,Phoenix,40008,9,310.35,2793.15,Groceries,Mobile App,8,2,3.6,5.1
CUST05438,60,Non-binary,San Antonio,36415,17,33.6,571.2,Home & Garden,Mobile App,11,4,3.7,5.6
CUST05439,49,Male,New York,41921,17,113.89,1936.13,Clothing,In-Store,17,6,2.8,6.1
CUST05440,43,Male,New York,48271,13,527.88,6862.44,Beauty,Online,30,2,3.8,7.4
CUST05441,32,Female,Houston,21486,9,30.68,276.12,Sports,Online,22,1,3.9,4.0
CUST05442,30,Male,Houston,33624,12,97.49,1169.88,Beauty,In-Store,45,0,3.8,4.7
CUST05443,42,Male,San Diego,20000,11,36.54,401.94,Books,In-Store,65,4,2.7,4.1
CUST05444,46,Male,Philadelphia,56990,5,84.53,422.65,Clothing,In-Store,69,1,3.4,3.0
CUST05445,28,Male,San Diego,37545,8,189.99,1519.92,Groceries,Online,104,1,3.7,3.8
CUST05446,37,Non-binary,Dallas,31051,15,44.66,669.9,Books,Mobile App,12,2,3.8,5.3
CUST05447,60,Female,San Antonio,51235,10,25.65,256.5,Beauty,Mobile App,19,1,3.3,4.2
CUST05448,46,Female,Chicago,22823,11,117.36,1290.96,Groceries,Online,72,1,4.3,4.4
CUST05449,32,Male,San Jose,71669,14,139.21,1948.94,Toys,Mobile App,20,2,3.9,5.6
CUST05450,45,Male,Dallas,42978,13,24.79,322.27,Toys,In-Store,2,1,4.4,4.8
CUST05451,18,Female,San Jose,38029,12,46.68,560.16,Sports,Online,19,1,3.3,4.6
CUST05452,26,Female,Chicago,36322,16,67.61,1081.76,Health,Online,36,2,4.7,5.5
CUST05453,32,Male,New York,37662,12,36.3,435.6,Electronics,Online,2,2,4.0,4.7
CUST05454,54,Female,Dallas,34123,14,33.82,473.48,Sports,In-Store,36,1,3.7,4.8
CUST05455,34,Female,Phoenix,108334,7,108.56,759.92,Groceries,Online,4,3,2.1,3.9
CUST05456,33,Male,Phoenix,27931,18,418.76,7537.68,Home & Garden,Online,4,2,3.4,8.8
CUST05457,26,Male,San Antonio,59519,14,48.42,677.88,Books,In-Store,1,4,3.3,5.2
CUST05458,42,Female,Chicago,72283,13,53.42,694.46,Clothing,Online,3,1,3.6,5.0
CUST05459,52,Female,Phoenix,97954,18,127.02,2286.36,Health,In-Store,77,0,3.8,6.1
CUST05460,22,Male,Philadelphia,71619,14,51.32,718.48,Sports,In-Store,4,4,4.2,5.2
CUST05461,40,Male,San Antonio,41840,12,33.74,404.88,Sports,Mobile App,80,0,2.9,4.2
CUST05462,40,Female,Los Angeles,84450,12,222.61,2671.32,Clothing,Online,4,1,3.2,5.6
CUST05463,45,Female,San Diego,55522,8,32.43,259.44,Home & Garden,In-Store,57,0,5.0,3.6
CUST05464,18,Male,Chicago,79334,10,43.29,432.9,Toys,Online,35,0,4.5,4.1
CUST05465,29,Female,San Antonio,80445,11,100.71,1107.81,Home & Garden,Online,27,2,4.1,4.6
CUST05466,42,Male,San Jose,69746,13,58.67,762.71,Sports,In-Store,42,4,2.8,4.8
CUST05467,36,Female,Chicago,23008,16,156.0,2496.0,Clothing,In-Store,23,4,3.1,6.1
CUST05468,51,Male,San Antonio,36602,18,77.64,1397.52,Automotive,Online,46,4,2.4,5.9
CUST05469,52,Male,Phoenix,33451,11,70.1,771.1,Electronics,Online,7,1,4.1,4.6
CUST05470,18,Male,Los Angeles,74759,18,46.13,830.34,Electronics,Online,6,3,2.6,5.9
CUST05471,36,Male,Philadelphia,23777,12,25.85,310.2,Sports,Online,44,1,3.4,4.4
CUST05472,31,Female,Los Angeles,31001,11,47.27,519.97,Groceries,Online,26,1,3.4,4.4
CUST05473,31,Male,San Antonio,83259,11,20.92,230.12,Electronics,Online,195,1,3.7,3.2
CUST05474,40,Female,Dallas,80975,8,32.27,258.16,Books,Online,22,0,3.8,3.8
CUST05475,23,Female,San Diego,40913,13,121.28,1576.64,Groceries,Online,15,1,3.7,5.3
CUST05476,45,Female,Dallas,53355,10,37.12,371.2,Books,Online,109,1,3.9,3.6
CUST05477,24,Male,Chicago,21612,10,26.67,266.7,Electronics,Mobile App,14,1,3.2,4.2
CUST05478,43,Male,San Jose,42587,12,108.9,1306.8,Toys,In-Store,18,2,4.3,5.0
CUST05479,20,Female,San Jose,24346,9,14.88,133.92,Electronics,Online,7,0,5.0,4.0
CUST05480,32,Female,New York,31041,11,40.04,440.44,Electronics,Online,4,2,3.9,4.5
CUST05481,35,Female,San Diego,59583,18,51.69,930.42,Clothing,Online,56,1,4.1,5.6
CUST05482,33,Female,San Diego,89004,15,34.58,518.7,Clothing,In-Store,67,1,4.5,4.8
CUST05483,39,Male,Dallas,44271,16,35.12,561.92,Books,Online,19,1,3.5,5.3
CUST05484,20,Female,San Antonio,78380,11,266.34,2929.74,Groceries,In-Store,50,1,3.6,5.3
CUST05485,40,Female,San Jose,80380,12,25.94,311.28,Electronics,In-Store,2,3,3.1,4.6
CUST05486,43,Male,San Jose,57588,12,79.04,948.48,Sports,Mobile App,43,1,4.4,4.7
CUST05487,31,Female,Dallas,31219,10,38.97,389.7,Beauty,Mobile App,17,1,3.9,4.2
CUST05488,36,Female,Los Angeles,38612,12,66.73,800.76,Clothing,Online,19,1,4.3,4.7
CUST05489,23,Male,Houston,67714,7,46.87,328.09,Beauty,In-Store,77,1,3.8,3.3
CUST05490,23,Female,New York,53538,10,33.57,335.7,Toys,Mobile App,156,2,4.4,3.3
CUST05491,25,Female,San Diego,22509,16,61.25,980.0,Automotive,In-Store,17,8,3.5,5.5
CUST05492,54,Male,San Diego,77335,11,119.62,1315.82,Health,In-Store,24,3,2.8,4.8
CUST05493,41,Female,San Diego,73499,10,75.72,757.2,Clothing,Mobile App,51,1,3.8,4.2
CUST05494,39,Male,New York,31344,12,13.69,164.28,Automotive,In-Store,1,1,4.3,4.6
CUST05495,32,Male,San Jose,60947,8,93.05,744.4,Toys,Mobile App,102,0,4.1,3.5
CUST05496,41,Male,Houston,92391,14,84.54,1183.56,Health,Mobile App,49,0,4.5,5.1
CUST05497,44,Female,San Antonio,37352,8,158.19,1265.52,Sports,Online,50,0,4.6,4.0
CUST05498,49,Female,Dallas,58451,17,26.58,451.86,Home & Garden,Online,12,3,4.8,5.5
CUST05499,40,Female,New York,124154,7,50.82,355.74,Toys,Mobile App,80,1,4.0,3.3
CUST05500,29,Female,Los Angeles,44547,15,48.67,730.05,Electronics,Online,6,2,3.5,5.3
CUST05501,27,Male,New York,100257,11,36.32,399.52,Automotive,Online,33,1,4.5,4.3
CUST05502,43,Male,Dallas,132140,11,24.54,269.94,Electronics,Online,18,0,4.4,4.3
CUST05503,35,Female,Phoenix,52258,7,70.77,495.39,Home & Garden,In-Store,39,2,3.0,3.6
CUST05504,25,Male,San Antonio,184200,12,52.46,629.52,Groceries,Online,42,3,3.1,4.5
CUST05505,42,Female,San Antonio,49373,14,48.13,673.82,Health,Online,12,3,3.3,5.1
CUST05506,30,Non-binary,San Jose,38781,17,86.87,1476.79,Books,In-Store,5,1,4.3,6.0
CUST05507,49,Female,Phoenix,50346,7,95.78,670.46,Books,In-Store,22,0,3.7,3.8
CUST05508,47,Male,San Diego,67439,12,182.55,2190.6,Beauty,Online,32,2,4.3,5.3
CUST05509,20,Female,Los Angeles,30939,18,31.51,567.18,Home & Garden,In-Store,69,2,4.1,5.4
CUST05510,57,Non-binary,Philadelphia,55956,13,236.24,3071.12,Groceries,Online,64,0,3.9,5.6
CUST05511,41,Male,Los Angeles,33755,11,81.39,895.29,Books,Mobile App,14,4,2.6,4.6
CUST05512,29,Female,San Antonio,41262,9,29.07,261.63,Clothing,Online,51,1,3.3,3.8
CUST05513,29,Female,Houston,52410,14,33.75,472.5,Home & Garden,Online,16,2,3.2,5.0
CUST05514,33,Non-binary,Dallas,26143,8,35.09,280.72,Sports,Mobile App,1,2,3.8,3.9
CUST05515,35,Male,Houston,34104,10,95.76,957.6,Clothing,In-Store,1,1,3.5,4.6
CUST05516,59,Female,San Jose,114502,14,11.66,163.24,Groceries,Online,8,3,4.1,4.9
CUST05517,44,Female,Dallas,21919,17,184.26,3132.42,Clothing,Online,4,2,3.1,6.7
CUST05518,30,Male,Los Angeles,80762,12,89.78,1077.36,Books,In-Store,49,1,4.0,4.7
CUST05519,32,Female,New York,49773,9,42.76,384.84,Beauty,Mobile App,2,1,3.6,4.1
CUST05520,35,Male,Los Angeles,20000,9,21.63,194.67,Beauty,Mobile App,100,0,2.9,3.4
CUST05521,19,Male,Philadelphia,84553,7,17.42,121.94,Automotive,Mobile App,75,1,3.2,3.2
CUST05522,34,Female,San Antonio,25302,10,99.35,993.5,Home & Garden,Online,37,0,4.7,4.4
CUST05523,39,Female,San Jose,29681,14,87.15,1220.1,Beauty,Online,8,2,3.2,5.3
CUST05524,42,Female,Los Angeles,29429,10,26.39,263.9,Electronics,Online,5,1,4.1,4.2
CUST05525,20,Female,Phoenix,42492,9,20.11,180.99,Toys,Online,11,0,4.4,4.0
CUST05526,58,Female,Chicago,60971,9,131.12,1180.08,Toys,In-Store,9,1,4.2,4.4
CUST05527,29,Female,San Antonio,64644,12,29.24,350.88,Clothing,Online,14,0,4.2,4.6
CUST05528,46,Male,Philadelphia,77093,12,45.53,546.36,Beauty,In-Store,13,0,4.0,4.7
CUST05529,36,Female,Los Angeles,20000,17,27.36,465.12,Groceries,In-Store,7,2,3.8,5.6
CUST05530,52,Male,San Diego,39632,7,85.55,598.85,Toys,Online,82,0,3.6,3.4
CUST05531,41,Male,Houston,78546,12,95.81,1149.72,Health,Online,73,2,3.6,4.6
CUST05532,52,Female,Dallas,38511,9,81.6,734.4,Clothing,Online,32,1,4.5,4.1
CUST05533,48,Male,San Antonio,20000,9,106.4,957.6,Electronics,In-Store,11,2,3.6,4.3
CUST05534,30,Female,San Diego,65222,16,146.85,2349.6,Groceries,Online,28,0,4.5,6.0
CUST05535,26,Male,Chicago,24514,10,26.96,269.6,Sports,In-Store,9,0,4.1,4.2
CUST05536,65,Male,Philadelphia,28368,10,56.99,569.9,Sports,Online,97,2,3.7,3.8
CUST05537,37,Male,Chicago,102303,15,52.12,781.8,Electronics,Online,14,3,3.5,5.3
CUST05538,46,Male,New York,52342,11,63.06,693.66,Toys,Online,24,1,3.0,4.5
CUST05539,40,Female,San Diego,61975,9,54.61,491.49,Clothing,Online,32,0,4.5,4.0
CUST05540,31,Female,San Diego,21195,14,43.7,611.8,Automotive,Mobile App,46,1,4.5,4.8
CUST05541,23,Female,San Diego,48220,11,42.5,467.5,Electronics,Online,12,0,3.5,4.5
CUST05542,45,Female,Phoenix,42111,10,90.98,909.8,Home & Garden,In-Store,52,0,3.9,4.2
CUST05543,47,Female,San Diego,74686,6,56.95,341.7,Sports,Mobile App,41,0,3.6,3.4
CUST05544,18,Female,Dallas,32883,15,29.08,436.2,Beauty,In-Store,72,3,3.7,4.8
CUST05545,56,Female,San Antonio,20000,18,94.63,1703.34,Electronics,Online,8,2,3.9,6.3
CUST05546,42,Male,Phoenix,48193,18,102.44,1843.92,Books,In-Store,14,3,4.4,6.3
CUST05547,18,Male,Chicago,76627,12,115.44,1385.28,Toys,Online,25,2,4.2,5.0
CUST05548,47,Female,Phoenix,71947,15,59.94,899.1,Electronics,Online,3,2,3.5,5.4
CUST05549,39,Male,Chicago,66054,8,29.02,232.16,Electronics,Online,63,1,3.9,3.5
CUST05550,33,Female,Houston,68092,12,42.56,510.72,Groceries,Online,21,1,3.0,4.6
CUST05551,23,Male,Houston,60664,12,103.81,1245.72,Beauty,Online,13,6,2.6,5.0
CUST05552,38,Female,San Antonio,35172,13,74.66,970.58,Toys,Online,15,3,3.4,5.0
CUST05553,19,Male,San Jose,85485,16,46.93,750.88,Groceries,Online,30,2,2.9,5.4
CUST05554,47,Female,Dallas,32673,16,37.54,600.64,Toys,In-Store,4,0,3.9,5.5
CUST05555,44,Male,New York,161384,18,29.36,528.48,Sports,In-Store,35,2,4.6,5.6
CUST05556,44,Female,San Antonio,31921,10,119.28,1192.8,Health,In-Store,61,2,4.1,4.3
CUST05557,68,Male,Philadelphia,61642,13,59.35,771.55,Beauty,In-Store,4,0,3.5,5.0
CUST05558,51,Male,Philadelphia,23162,16,61.86,989.76,Electronics,In-Store,11,1,3.9,5.6
CUST05559,32,Female,San Jose,50624,11,245.86,2704.46,Groceries,Online,6,0,3.6,5.5
CUST05560,30,Female,Los Angeles,41459,9,202.29,1820.61,Beauty,In-Store,13,0,3.6,4.7
CUST05561,60,Male,Phoenix,66163,11,34.28,377.08,Electronics,Online,34,2,3.6,4.3
CUST05562,25,Female,Philadelphia,30013,14,117.98,1651.72,Books,Online,4,1,3.9,5.5
CUST05563,69,Female,Dallas,42929,12,215.09,2581.08,Health,Mobile App,31,0,4.5,5.4
CUST05564,35,Female,Philadelphia,76620,15,253.96,3809.4,Beauty,Online,35,2,2.4,6.4
CUST05565,33,Male,Los Angeles,32793,10,121.05,1210.5,Health,In-Store,13,3,4.1,4.6
CUST05566,33,Male,Dallas,50112,12,99.74,1196.88,Sports,Online,19,2,3.5,4.9
CUST05567,40,Male,Houston,20626,10,158.69,1586.9,Books,In-Store,63,1,4.0,4.4
CUST05568,54,Male,Houston,34604,8,65.47,523.76,Groceries,Online,57,2,3.8,3.7
CUST05569,48,Male,Chicago,45931,13,43.64,567.32,Toys,Online,142,1,3.5,4.0
CUST05570,31,Female,San Diego,34593,12,59.76,717.12,Beauty,In-Store,20,0,4.3,4.7
CUST05571,37,Female,San Jose,37061,7,153.67,1075.69,Clothing,Mobile App,30,1,3.9,3.9
CUST05572,24,Male,Chicago,32890,11,259.14,2850.54,Electronics,In-Store,14,1,4.2,5.5
CUST05573,27,Male,Dallas,88738,17,113.76,1933.92,Beauty,Online,6,0,5.0,6.2
CUST05574,30,Male,Dallas,20000,12,74.82,897.84,Books,In-Store,61,3,3.1,4.5
CUST05575,30,Male,Philadelphia,22577,15,71.51,1072.65,Groceries,Mobile App,9,3,3.5,5.4
CUST05576,58,Female,San Jose,20000,18,273.26,4918.68,Electronics,Online,23,0,4.0,7.5
CUST05577,46,Female,Chicago,94449,11,38.97,428.67,Groceries,Online,93,0,4.4,3.9
CUST05578,41,Male,San Antonio,62283,14,56.7,793.8,Health,In-Store,35,3,3.8,5.0
CUST05579,45,Male,Phoenix,56152,12,119.98,1439.76,Groceries,In-Store,1,0,5.0,5.1
CUST05580,32,Male,Los Angeles,20000,19,48.94,929.86,Electronics,Online,1,0,4.7,6.1
CUST05581,30,Male,Los Angeles,46374,13,35.37,459.81,Toys,Online,25,0,4.3,4.7
CUST05582,26,Female,New York,89766,13,25.18,327.34,Home & Garden,Mobile App,61,2,3.7,4.5
CUST05583,49,Male,Houston,23019,11,134.85,1483.35,Toys,Mobile App,65,1,3.5,4.6
CUST05584,52,Male,Philadelphia,51891,10,133.91,1339.1,Electronics,Mobile App,31,0,4.1,4.5
CUST05585,37,Male,Houston,117488,14,153.0,2142.0,Home & Garden,Online,1,1,4.1,5.8
CUST05586,48,Female,Chicago,32494,10,104.35,1043.5,Sports,Mobile App,75,1,4.1,4.1
CUST05587,38,Male,Houston,25378,11,112.71,1239.81,Clothing,Mobile App,71,0,4.2,4.4
CUST05588,27,Male,San Jose,73902,10,112.18,1121.8,Sports,In-Store,95,1,3.9,4.0
CUST05589,27,Male,Houston,22926,8,195.85,1566.8,Automotive,Online,4,1,3.8,4.5
CUST05590,18,Male,San Jose,171688,11,60.3,663.3,Electronics,In-Store,7,2,4.5,4.6
CUST05591,30,Female,Philadelphia,32589,9,34.75,312.75,Sports,Online,87,0,3.6,3.6
CUST05592,22,Female,San Jose,31080,13,73.35,953.55,Health,Mobile App,4,1,3.8,5.1
CUST05593,35,Female,Los Angeles,54191,12,19.61,235.32,Health,Online,71,0,3.8,4.2
CUST05594,54,Female,Chicago,86158,9,14.47,130.23,Toys,In-Store,54,0,4.3,3.7
CUST05595,41,Non-binary,San Diego,60604,12,78.23,938.76,Groceries,In-Store,12,3,2.8,4.8
CUST05596,39,Male,San Jose,29930,12,119.77,1437.24,Clothing,Mobile App,29,0,3.8,4.9
CUST05597,44,Male,New York,56973,14,28.92,404.88,Sports,Mobile App,23,1,4.0,4.9
CUST05598,25,Female,San Antonio,35604,11,95.42,1049.62,Electronics,Online,44,1,4.3,4.5
CUST05599,46,Male,San Antonio,31973,13,51.12,664.56,Toys,Online,43,0,3.9,4.7
CUST05600,36,Male,Chicago,41492,6,153.43,920.58,Toys,Mobile App,71,1,3.9,3.4
CUST05601,61,Female,Phoenix,26627,17,21.26,361.42,Beauty,Mobile App,19,3,4.2,5.4
CUST05602,18,Female,Phoenix,71422,9,72.54,652.86,Health,In-Store,61,0,4.6,3.9
CUST05603,33,Female,New York,29066,12,271.91,3262.92,Toys,In-Store,34,3,3.8,5.7
CUST05604,29,Female,Dallas,78023,15,68.65,1029.75,Books,Online,27,1,3.9,5.3
CUST05605,27,Male,San Diego,70537,6,82.33,493.98,Beauty,In-Store,163,1,4.5,2.6
CUST05606,30,Female,New York,62366,12,66.02,792.24,Groceries,Online,4,4,2.9,4.8
CUST05607,37,Male,Los Angeles,36194,12,40.94,491.28,Health,Mobile App,34,1,3.2,4.5
CUST05608,34,Female,San Jose,31909,10,235.79,2357.9,Electronics,Online,32,1,4.6,5.0
CUST05609,36,Female,Philadelphia,101095,8,163.07,1304.56,Sports,Mobile App,23,0,3.9,4.2
CUST05610,42,Male,New York,41801,14,85.72,1200.08,Sports,Online,16,4,2.8,5.3
CUST05611,38,Female,New York,51037,22,11.68,256.96,Health,Online,41,3,4.1,6.1
CUST05612,44,Female,Philadelphia,198958,13,52.23,678.99,Home & Garden,Online,15,2,4.1,4.9
CUST05613,35,Male,Chicago,34574,5,35.42,177.1,Home & Garden,Online,34,1,4.3,3.2
CUST05614,39,Male,Philadelphia,45913,9,59.18,532.62,Beauty,Online,93,2,3.5,3.6
CUST05615,18,Non-binary,Los Angeles,96991,16,48.72,779.52,Health,Mobile App,1,1,4.1,5.6
CUST05616,58,Male,Philadelphia,60987,11,82.23,904.53,Sports,Online,78,3,3.5,4.2
CUST05617,48,Female,New York,56309,14,35.91,502.74,Home & Garden,Mobile App,49,1,5.0,4.8
CUST05618,43,Female,Dallas,36633,15,63.42,951.3,Automotive,Online,15,2,4.3,5.4
CUST05619,26,Female,San Jose,24911,20,198.99,3979.8,Home & Garden,In-Store,5,2,3.6,7.6
CUST05620,46,Male,Chicago,64450,10,96.84,968.4,Sports,Mobile App,16,2,4.3,4.5
CUST05621,45,Male,Chicago,56257,16,74.8,1196.8,Health,Online,30,4,3.6,5.5
CUST05622,47,Male,Dallas,64333,8,42.99,343.92,Electronics,Online,23,0,4.6,3.8
CUST05623,30,Female,Dallas,74202,7,85.49,598.43,Home & Garden,Online,68,3,3.3,3.5
CUST05624,29,Female,Phoenix,74880,22,43.08,947.76,Sports,Online,31,4,3.7,6.5
CUST05625,26,Female,New York,27151,13,40.3,523.9,Toys,In-Store,9,1,3.4,4.9
CUST05626,37,Female,San Antonio,91582,6,44.89,269.34,Beauty,Mobile App,36,1,2.9,3.4
CUST05627,40,Female,San Jose,51614,12,60.24,722.88,Groceries,Mobile App,36,1,4.1,4.6
CUST05628,36,Male,Houston,55711,7,25.35,177.45,Toys,Online,53,0,4.4,3.4
CUST05629,36,Male,San Diego,77486,12,66.14,793.68,Sports,In-Store,45,1,3.4,4.6
CUST05630,30,Male,Los Angeles,77537,16,80.07,1281.12,Electronics,Online,51,1,3.4,5.4
CUST05631,42,Female,Phoenix,71279,16,58.26,932.16,Clothing,In-Store,51,0,4.5,5.3
CUST05632,42,Female,Philadelphia,74075,13,121.13,1574.69,Health,Mobile App,36,2,4.5,5.1
CUST05633,44,Male,Chicago,24887,9,54.83,493.47,Groceries,Online,86,2,3.6,3.7
CUST05634,45,Male,Houston,42741,13,129.9,1688.7,Clothing,Online,4,0,3.2,5.4
CUST05635,39,Male,San Antonio,36087,10,103.76,1037.6,Groceries,Mobile App,38,2,3.9,4.4
CUST05636,50,Female,Phoenix,26034,18,55.47,998.46,Toys,Online,20,0,5.0,5.9
CUST05637,34,Female,Dallas,39633,17,112.04,1904.68,Books,Online,22,2,3.8,6.1
CUST05638,60,Male,Chicago,44428,13,117.57,1528.41,Electronics,Mobile App,36,2,4.8,5.1
CUST05639,35,Male,San Diego,27196,19,60.16,1143.04,Home & Garden,Online,9,1,3.8,6.2
CUST05640,45,Female,Chicago,58884,7,55.9,391.3,Automotive,Mobile App,295,0,3.6,2.0
CUST05641,44,Male,Chicago,23229,9,70.71,636.39,Sports,Online,33,1,3.5,4.1
CUST05642,68,Male,Los Angeles,48920,9,138.3,1244.7,Clothing,Online,72,2,3.7,4.1
CUST05643,49,Male,Philadelphia,33471,12,108.28,1299.36,Beauty,Online,13,2,3.8,5.0
CUST05644,19,Male,Houston,32311,16,166.41,2662.56,Groceries,Online,19,3,4.0,6.2
CUST05645,53,Female,Phoenix,36926,10,72.96,729.6,Home & Garden,In-Store,13,0,3.5,4.4
CUST05646,41,Male,San Diego,21890,12,32.81,393.72,Toys,Mobile App,1,0,3.9,4.7
CUST05647,49,Male,Chicago,22224,22,24.35,535.7,Sports,Online,11,1,3.6,6.4
CUST05648,57,Non-binary,Philadelphia,46799,13,292.62,3804.06,Sports,Mobile App,32,1,4.3,6.1
CUST05649,33,Male,Los Angeles,40698,14,166.62,2332.68,Automotive,In-Store,61,1,2.8,5.5
CUST05650,45,Female,Phoenix,83704,4,57.86,231.44,Beauty,In-Store,83,0,4.2,2.7
CUST05651,33,Female,Los Angeles,46716,8,14.87,118.96,Health,Online,4,0,3.3,3.8
CUST05652,28,Female,New York,50416,5,21.54,107.7,Sports,In-Store,28,2,3.4,3.2
CUST05653,50,Female,New York,38106,23,62.01,1426.23,Books,Online,4,3,4.5,7.0
CUST05654,40,Male,San Jose,35811,8,56.4,451.2,Home & Garden,Mobile App,19,2,3.7,3.9
CUST05655,31,Female,Chicago,47514,12,56.07,672.84,Health,In-Store,10,0,3.9,4.7
CUST05656,29,Female,Philadelphia,62813,14,67.4,943.6,Clothing,Online,1,3,3.7,5.3
CUST05657,54,Female,New York,51217,10,42.84,428.4,Groceries,Online,115,0,3.5,3.6
CUST05658,44,Female,Phoenix,20958,7,73.07,511.49,Books,Online,51,1,3.7,3.5
CUST05659,53,Female,Philadelphia,76710,6,57.58,345.48,Automotive,In-Store,22,0,3.1,3.5
CUST05660,52,Male,Dallas,56436,10,337.88,3378.8,Automotive,Online,13,2,3.9,5.5
CUST05661,36,Female,Chicago,40573,14,28.7,401.8,Beauty,In-Store,11,3,3.6,5.0
CUST05662,36,Female,San Diego,33583,13,99.01,1287.13,Groceries,Online,4,3,3.2,5.2
CUST05663,38,Male,Dallas,96543,18,263.42,4741.56,Sports,Online,3,3,3.1,7.6
CUST05664,32,Male,San Jose,57478,6,39.83,238.98,Groceries,Online,63,0,3.6,3.2
CUST05665,35,Female,Philadelphia,22874,14,86.75,1214.5,Beauty,Online,1,3,3.2,5.4
CUST05666,40,Female,Chicago,58607,16,131.39,2102.24,Automotive,Online,40,1,4.3,5.9
CUST05667,45,Male,Philadelphia,71742,12,63.1,757.2,Electronics,In-Store,43,1,4.1,4.6
CUST05668,51,Female,Philadelphia,65276,17,74.95,1274.15,Books,Online,8,2,3.7,5.9
CUST05669,25,Female,Phoenix,30450,11,63.4,697.4,Toys,Online,54,2,2.9,4.3
CUST05670,39,Male,San Jose,23071,14,162.14,2269.96,Sports,Mobile App,6,3,3.4,5.8
CUST05671,18,Female,Los Angeles,60526,16,30.36,485.76,Groceries,In-Store,25,2,3.7,5.3
CUST05672,25,Male,Phoenix,50042,13,19.34,251.42,Clothing,Online,1,5,3.1,4.8
CUST05673,28,Female,San Jose,117894,18,200.61,3610.98,Electronics,In-Store,6,0,4.2,7.1
CUST05674,28,Female,San Antonio,95870,11,62.1,683.1,Books,Online,9,0,4.1,4.6
CUST05675,34,Female,New York,24704,10,130.14,1301.4,Groceries,Online,24,3,4.1,4.6
CUST05676,58,Male,Philadelphia,25219,5,58.56,292.8,Electronics,Mobile App,15,0,3.4,3.3
CUST05677,57,Male,Houston,25618,9,25.34,228.06,Groceries,Online,72,0,4.0,3.6
CUST05678,45,Female,New York,20000,7,73.75,516.25,Electronics,In-Store,87,1,3.9,3.3
CUST05679,52,Female,New York,24387,12,82.07,984.84,Clothing,In-Store,39,0,3.7,4.7
CUST05680,43,Male,Houston,58686,8,65.03,520.24,Automotive,In-Store,77,0,4.5,3.6
CUST05681,33,Male,Phoenix,76167,12,91.79,1101.48,Toys,Online,18,1,3.5,4.9
CUST05682,18,Female,Houston,42844,14,95.31,1334.34,Books,Mobile App,15,2,3.8,5.3
CUST05683,18,Female,San Antonio,20000,10,62.96,629.6,Electronics,Mobile App,92,2,3.6,3.9
CUST05684,33,Male,San Diego,39380,12,105.83,1269.96,Electronics,Online,36,2,4.0,4.8
CUST05685,21,Male,Los Angeles,52432,12,40.85,490.2,Books,Mobile App,2,3,4.1,4.7
CUST05686,44,Male,San Antonio,111128,14,61.04,854.56,Groceries,Online,3,0,2.9,5.2
CUST05687,39,Male,Dallas,34014,10,119.08,1190.8,Beauty,Online,78,2,3.7,4.2
CUST05688,37,Female,Houston,40817,16,72.0,1152.0,Toys,Online,12,1,3.9,5.6
CUST05689,59,Male,Los Angeles,46312,18,39.16,704.88,Toys,Mobile App,36,3,3.6,5.7
CUST05690,32,Female,Houston,20000,15,50.2,753.0,Clothing,Online,1,1,3.6,5.4
CUST05691,60,Female,Houston,34901,11,39.08,429.88,Books,Online,4,2,4.1,4.5
CUST05692,59,Female,San Jose,39270,12,11.29,135.48,Sports,Online,3,4,3.7,4.6
CUST05693,40,Male,San Antonio,50917,9,180.06,1620.54,Sports,Online,16,1,4.0,4.6
CUST05694,33,Male,Los Angeles,66342,13,30.53,396.89,Books,Online,19,3,2.9,4.7
CUST05695,60,Female,Phoenix,38501,11,151.46,1666.06,Clothing,Mobile App,48,1,3.2,4.8
CUST05696,18,Male,Chicago,46223,14,222.23,3111.22,Toys,Online,38,1,4.1,6.0
CUST05697,43,Female,Dallas,23254,3,54.12,162.36,Beauty,Online,109,0,4.0,2.3
CUST05698,62,Male,New York,183992,22,17.01,374.22,Books,Mobile App,9,0,4.6,6.4
CUST05699,26,Male,Phoenix,68461,12,13.72,164.64,Health,Online,8,1,3.5,4.5
CUST05700,47,Female,New York,33559,13,70.2,912.6,Sports,Mobile App,3,4,2.8,5.1
CUST05701,32,Female,San Diego,48934,12,146.58,1758.96,Beauty,Mobile App,52,2,4.4,4.9
CUST05702,34,Male,Dallas,150537,13,138.55,1801.15,Toys,Online,14,1,3.5,5.4
CUST05703,49,Male,San Diego,94796,13,86.58,1125.54,Health,In-Store,16,2,3.4,5.1
CUST05704,56,Male,Phoenix,49196,12,77.14,925.68,Groceries,Online,5,0,3.9,4.9
CUST05705,31,Male,Dallas,33830,14,39.2,548.8,Home & Garden,Online,2,1,3.4,5.1
CUST05706,40,Male,Phoenix,43110,16,126.02,2016.32,Clothing,In-Store,46,0,3.6,5.8
CUST05707,36,Male,Phoenix,50290,18,31.19,561.42,Beauty,Online,7,6,3.6,5.8
CUST05708,45,Male,Houston,49061,13,103.29,1342.77,Automotive,Mobile App,5,1,4.0,5.2
CUST05709,24,Female,San Diego,34304,17,19.35,328.95,Health,In-Store,70,1,4.0,5.1
CUST05710,38,Male,Philadelphia,62215,12,76.57,918.84,Sports,In-Store,44,1,3.5,4.6
CUST05711,42,Male,Houston,46723,12,63.84,766.08,Books,Mobile App,14,2,3.7,4.8
CUST05712,35,Male,Dallas,40368,18,164.4,2959.2,Health,Online,23,1,4.2,6.7
CUST05713,55,Female,Chicago,65492,13,137.83,1791.79,Home & Garden,In-Store,30,0,4.6,5.3
CUST05714,37,Female,Phoenix,47285,11,44.57,490.27,Clothing,In-Store,2,1,3.4,4.5
CUST05715,27,Non-binary,New York,30602,9,12.46,112.14,Health,Online,2,2,4.3,4.0
CUST05716,36,Female,Philadelphia,58873,6,133.67,802.02,Beauty,Online,80,0,3.7,3.3
CUST05717,62,Female,Chicago,92157,9,38.65,347.85,Clothing,Online,15,1,3.7,4.0
CUST05718,18,Male,Philadelphia,21761,9,38.76,348.84,Health,In-Store,9,1,3.7,4.1
CUST05719,43,Female,New York,81078,11,56.14,617.54,Health,In-Store,5,1,3.7,4.6
CUST05720,49,Male,Los Angeles,68019,9,28.4,255.6,Sports,In-Store,60,0,4.6,3.7
CUST05721,47,Male,San Diego,42524,9,27.91,251.19,Books,In-Store,55,1,3.0,3.8
CUST05722,36,Male,San Diego,20000,13,101.51,1319.63,Automotive,Mobile App,14,0,4.3,5.2
CUST05723,37,Female,Phoenix,22682,18,229.55,4131.9,Home & Garden,Online,3,1,4.0,7.3
CUST05724,26,Male,San Antonio,117686,13,37.42,486.46,Clothing,In-Store,3,1,4.7,4.9
CUST05725,30,Male,Philadelphia,57385,14,71.89,1006.46,Books,Online,8,0,4.0,5.3
CUST05726,21,Male,San Diego,105233,18,434.4,7819.2,Groceries,In-Store,9,2,4.9,8.8
CUST05727,47,Male,Houston,48882,9,121.08,1089.72,Books,In-Store,23,1,4.1,4.3
CUST05728,23,Female,Los Angeles,20000,10,138.09,1380.9,Beauty,In-Store,21,1,4.4,4.6
CUST05729,39,Female,Los Angeles,69728,14,235.89,3302.46,Automotive,Online,38,2,3.6,6.0
CUST05730,42,Female,San Jose,80794,8,13.91,111.28,Health,Online,13,1,3.8,3.8
CUST05731,18,Male,San Diego,94091,11,32.8,360.8,Toys,Mobile App,48,0,3.2,4.2
CUST05732,28,Male,Los Angeles,140044,12,48.26,579.12,Electronics,In-Store,16,3,3.2,4.7
CUST05733,28,Male,New York,33087,15,26.23,393.45,Toys,In-Store,4,2,3.3,5.2
CUST05734,46,Female,San Antonio,24846,14,226.35,3168.9,Electronics,Online,78,1,4.2,5.7
CUST05735,34,Male,San Antonio,53588,12,85.75,1029.0,Books,Online,1,0,4.4,5.0
CUST05736,40,Female,Houston,26797,12,55.24,662.88,Home & Garden,Online,22,2,2.7,4.7
CUST05737,55,Female,San Jose,37539,13,91.59,1190.67,Automotive,Online,4,3,3.8,5.2
CUST05738,23,Male,San Diego,43240,9,73.99,665.91,Toys,In-Store,11,2,3.2,4.2
CUST05739,40,Male,San Antonio,73764,7,193.96,1357.72,Toys,In-Store,61,0,3.8,3.8
CUST05740,58,Female,Los Angeles,20000,11,81.04,891.44,Automotive,Mobile App,21,1,4.1,4.6
CUST05741,57,Male,Chicago,54915,12,201.63,2419.56,Books,Online,42,1,3.7,5.3
CUST05742,53,Female,San Jose,66390,13,55.51,721.63,Sports,In-Store,10,1,4.0,4.9
CUST05743,35,Female,Dallas,23440,10,36.58,365.8,Toys,In-Store,98,1,3.6,3.7
CUST05744,27,Female,Philadelphia,35986,15,145.97,2189.55,Home & Garden,In-Store,17,1,3.5,5.9
CUST05745,29,Male,San Jose,65681,16,37.32,597.12,Electronics,Online,11,3,4.0,5.4
CUST05746,35,Female,San Jose,29289,10,63.73,637.3,Books,Online,3,1,3.2,4.4
CUST05747,43,Female,Chicago,42275,11,88.05,968.55,Automotive,In-Store,20,2,3.7,4.6
CUST05748,29,Female,Dallas,141565,21,67.58,1419.18,Toys,Mobile App,19,3,4.2,6.6
CUST05749,42,Male,Philadelphia,35016,10,45.75,457.5,Beauty,Mobile App,20,1,3.5,4.2
CUST05750,27,Female,Phoenix,33926,16,105.91,1694.56,Health,Online,30,2,3.7,5.8
CUST05751,25,Female,San Diego,68723,10,132.34,1323.4,Electronics,Online,1,0,3.7,4.7
CUST05752,30,Female,San Antonio,82929,19,42.21,801.99,Clothing,In-Store,1,4,4.0,6.1
CUST05753,35,Male,San Diego,120135,11,127.54,1402.94,Electronics,Online,11,1,3.3,4.9
CUST05754,25,Male,New York,67137,8,53.33,426.64,Clothing,Online,11,0,3.8,3.9
CUST05755,42,Male,New York,33715,12,55.27,663.24,Toys,Online,46,1,3.6,4.5
CUST05756,18,Female,San Jose,114355,15,132.55,1988.25,Groceries,In-Store,17,4,3.2,5.8
CUST05757,54,Female,San Jose,40364,7,21.33,149.31,Clothing,In-Store,15,1,4.1,3.6
CUST05758,53,Female,Dallas,188639,12,59.19,710.28,Groceries,Online,65,0,3.8,4.4
CUST05759,30,Female,San Antonio,34745,17,65.47,1112.99,Beauty,Mobile App,13,2,4.2,5.8
CUST05760,52,Female,Houston,29033,16,94.06,1504.96,Toys,Online,15,1,2.8,5.8
CUST05761,43,Female,New York,134904,15,47.76,716.4,Automotive,Online,3,2,3.7,5.3
CUST05762,30,Female,San Jose,52559,15,48.33,724.95,Sports,Online,1,1,4.7,5.4
CUST05763,30,Female,Chicago,61060,10,46.33,463.3,Electronics,Online,96,2,4.8,3.8
CUST05764,39,Female,Dallas,20000,15,190.08,2851.2,Home & Garden,Mobile App,4,1,3.8,6.2
CUST05765,45,Male,Houston,113965,9,13.21,118.89,Beauty,Online,45,0,3.5,3.8
CUST05766,59,Non-binary,San Jose,67468,10,28.83,288.3,Electronics,Online,7,0,3.9,4.2
CUST05767,40,Male,San Jose,25533,19,118.93,2259.67,Health,Mobile App,59,4,3.4,6.3
CUST05768,18,Male,San Antonio,99293,17,52.3,889.1,Health,Online,67,6,3.8,5.4
CUST05769,51,Female,Dallas,51674,13,39.93,519.09,Toys,Online,8,1,3.7,4.9
CUST05770,31,Male,San Jose,27959,17,70.12,1192.04,Automotive,Online,4,1,3.6,5.9
CUST05771,30,Non-binary,Houston,52218,19,50.76,964.44,Automotive,Mobile App,21,3,3.9,6.0
CUST05772,24,Female,Phoenix,42176,13,32.88,427.44,Home & Garden,Mobile App,14,2,4.0,4.8
CUST05773,32,Female,Los Angeles,78585,8,76.73,613.84,Toys,In-Store,80,0,4.6,3.6
CUST05774,61,Male,San Diego,96630,10,276.91,2769.1,Automotive,Mobile App,236,2,3.3,3.9
CUST05775,35,Male,San Antonio,29589,11,75.88,834.68,Sports,In-Store,11,2,3.4,4.6
CUST05776,32,Female,Philadelphia,111085,16,100.09,1601.44,Automotive,In-Store,11,1,3.6,5.8
CUST05777,34,Female,New York,43241,8,136.69,1093.52,Clothing,Online,21,1,4.2,4.1
CUST05778,43,Female,San Jose,50122,11,72.97,802.67,Groceries,Mobile App,11,8,2.1,4.6
CUST05779,45,Female,Los Angeles,25175,7,105.93,741.51,Beauty,Online,54,2,4.0,3.6
CUST05780,26,Female,New York,24579,9,110.35,993.15,Clothing,Online,52,2,3.3,4.1
CUST05781,32,Female,Chicago,51056,17,45.53,774.01,Books,In-Store,40,0,3.7,5.5
CUST05782,35,Male,New York,70589,9,151.79,1366.11,Home & Garden,Online,35,1,2.7,4.4
CUST05783,28,Female,New York,21609,12,85.89,1030.68,Automotive,In-Store,34,1,3.6,4.7
CUST05784,38,Female,Los Angeles,104398,13,25.68,333.84,Toys,Online,67,2,3.6,4.4
CUST05785,53,Male,Chicago,48947,10,72.21,722.1,Health,Mobile App,70,1,3.4,4.0
CUST05786,39,Female,Phoenix,39164,6,25.29,151.74,Sports,Mobile App,13,0,3.8,3.4
CUST05787,26,Male,New York,33048,12,78.72,944.64,Electronics,Online,26,0,3.7,4.8
CUST05788,44,Female,San Jose,51752,20,62.38,1247.6,Beauty,Mobile App,1,4,3.1,6.5
CUST05789,22,Male,San Diego,29584,13,74.64,970.32,Sports,Online,11,1,3.0,5.0
CUST05790,30,Male,New York,49401,16,73.5,1176.0,Books,Mobile App,4,2,4.1,5.7
CUST05791,23,Female,San Jose,54436,10,57.51,575.1,Books,Mobile App,22,1,3.6,4.3
CUST05792,27,Male,San Diego,52599,7,73.42,513.94,Books,Online,100,1,3.9,3.2
CUST05793,39,Male,New York,177660,11,155.77,1713.47,Automotive,Online,5,3,4.2,5.0
CUST05794,26,Male,San Jose,29945,16,46.99,751.84,Clothing,Online,18,2,4.2,5.4
CUST05795,34,Female,Chicago,76011,12,117.41,1408.92,Books,Online,81,1,3.8,4.6
CUST05796,18,Female,Phoenix,45136,11,115.17,1266.87,Sports,Online,90,2,3.4,4.3
CUST05797,40,Male,San Jose,125688,11,94.68,1041.48,Books,In-Store,38,2,3.5,4.5
CUST05798,55,Male,Phoenix,74475,16,26.14,418.24,Beauty,Mobile App,22,2,4.0,5.3
CUST05799,38,Female,San Diego,31239,14,211.28,2957.92,Electronics,Online,4,1,2.9,6.1
CUST05800,47,Male,Phoenix,104271,14,85.53,1197.42,Groceries,Online,41,2,3.9,5.1
CUST05801,44,Female,Philadelphia,36630,17,71.1,1208.7,Home & Garden,Online,3,2,4.1,5.9
CUST05802,37,Male,Los Angeles,117634,10,49.89,498.9,Groceries,Mobile App,8,2,4.1,4.3
CUST05803,41,Male,Houston,97167,8,38.46,307.68,Electronics,Online,4,1,3.9,3.9
CUST05804,19,Female,San Jose,56966,13,52.62,684.06,Toys,Online,57,2,4.0,4.6
CUST05805,43,Female,New York,60249,10,72.26,722.6,Home & Garden,In-Store,114,1,4.0,3.8
CUST05806,48,Female,San Diego,67155,14,91.48,1280.72,Electronics,Online,14,1,4.0,5.3
CUST05807,37,Female,Houston,40690,16,91.53,1464.48,Books,Online,7,1,4.8,5.8
CUST05808,18,Female,Phoenix,124909,16,25.16,402.56,Electronics,Online,23,2,3.8,5.3
CUST05809,40,Male,San Antonio,22823,7,43.28,302.96,Sports,In-Store,11,0,4.0,3.7
CUST05810,51,Male,Dallas,44988,10,30.63,306.3,Toys,In-Store,40,3,3.5,4.0
CUST05811,37,Female,Phoenix,67053,9,91.06,819.54,Electronics,Mobile App,1,3,3.0,4.3
CUST05812,39,Female,Phoenix,52133,12,144.31,1731.72,Automotive,In-Store,5,1,4.1,5.2
CUST05813,53,Male,San Jose,61149,8,251.47,2011.76,Toys,Mobile App,25,0,3.3,4.5
CUST05814,45,Male,Philadelphia,39339,8,43.32,346.56,Sports,Mobile App,6,0,3.6,3.9
CUST05815,59,Male,Chicago,58947,13,275.23,3577.99,Home & Garden,Mobile App,65,1,3.4,5.8
CUST05816,48,Male,New York,205963,11,57.66,634.26,Books,Online,21,2,3.7,4.5
CUST05817,33,Male,San Jose,84337,12,129.75,1557.0,Automotive,Online,6,3,4.1,5.1
CUST05818,18,Female,Chicago,96211,15,102.53,1537.95,Beauty,In-Store,23,0,3.8,5.6
CUST05819,51,Female,San Diego,76657,11,118.08,1298.88,Groceries,Online,24,2,2.9,4.7
CUST05820,58,Male,Phoenix,67108,10,20.58,205.8,Groceries,In-Store,14,0,4.8,4.2
CUST05821,21,Male,Chicago,105434,9,26.67,240.03,Books,In-Store,18,2,4.1,4.0
CUST05822,30,Male,San Antonio,31310,7,44.32,310.24,Books,Online,94,0,3.9,3.2
CUST05823,31,Female,San Jose,82330,12,15.39,184.68,Health,Online,20,2,4.3,4.5
CUST05824,49,Male,Philadelphia,78057,12,84.14,1009.68,Books,In-Store,32,2,3.8,4.7
CUST05825,62,Female,San Jose,26833,14,206.93,2897.02,Groceries,In-Store,49,0,4.3,5.8
CUST05826,29,Female,Dallas,21061,14,55.09,771.26,Home & Garden,Online,10,1,4.4,5.1
CUST05827,55,Female,San Diego,35451,12,51.25,615.0,Books,In-Store,39,2,3.9,4.5
CUST05828,19,Male,San Diego,50843,17,108.62,1846.54,Toys,In-Store,4,3,3.5,6.2
CUST05829,36,Male,San Antonio,20000,11,161.12,1772.32,Electronics,Online,59,2,3.2,4.7
CUST05830,23,Male,Dallas,42260,6,99.17,595.02,Groceries,Online,134,2,3.6,2.9
CUST05831,41,Female,Phoenix,26793,7,100.1,700.7,Health,Mobile App,136,0,3.7,3.1
CUST05832,43,Male,Houston,22436,10,76.77,767.7,Health,In-Store,6,1,4.5,4.5
CUST05833,43,Male,San Jose,31209,14,105.13,1471.82,Clothing,Online,36,2,3.6,5.3
CUST05834,54,Male,New York,63614,12,133.89,1606.68,Electronics,Online,28,2,3.4,5.0
CUST05835,35,Male,Phoenix,34898,14,43.73,612.22,Electronics,In-Store,12,0,3.8,5.1
CUST05836,29,Female,San Diego,20000,15,171.45,2571.75,Books,Online,104,2,3.7,5.5
CUST05837,22,Female,Los Angeles,47649,13,60.54,787.02,Sports,In-Store,13,2,4.0,4.9
CUST05838,18,Female,New York,39342,15,41.83,627.45,Sports,In-Store,8,3,3.8,5.3
CUST05839,41,Female,Houston,50054,8,96.15,769.2,Sports,Online,103,2,4.1,3.5
CUST05840,33,Male,San Jose,20000,16,26.21,419.36,Toys,Online,37,1,4.7,5.2
CUST05841,18,Female,Dallas,110635,14,49.05,686.7,Toys,Online,41,1,4.3,4.9
CUST05842,53,Female,Dallas,37855,14,60.62,848.68,Books,In-Store,11,0,4.3,5.2
CUST05843,35,Female,San Antonio,35659,6,63.25,379.5,Sports,Online,39,0,4.6,3.4
CUST05844,32,Female,Chicago,35673,13,47.34,615.42,Sports,Mobile App,23,2,3.0,4.8
CUST05845,39,Male,Chicago,128696,16,44.09,705.44,Electronics,In-Store,20,1,4.1,5.4
CUST05846,39,Male,Houston,184165,12,187.86,2254.32,Electronics,In-Store,4,2,3.1,5.5
CUST05847,33,Female,San Antonio,34289,10,24.65,246.5,Books,In-Store,88,1,3.9,3.7
CUST05848,67,Female,San Jose,43433,5,63.49,317.45,Sports,In-Store,3,0,4.0,3.4
CUST05849,39,Female,Chicago,56301,11,55.2,607.2,Health,Mobile App,2,1,4.8,4.6
CUST05850,51,Female,Dallas,47857,7,29.47,206.29,Electronics,In-Store,136,1,4.1,2.9
CUST05851,18,Female,San Antonio,36107,12,159.63,1915.56,Automotive,Online,1,1,3.9,5.3
CUST05852,18,Male,San Diego,78918,9,37.29,335.61,Beauty,Online,109,3,3.4,3.5
CUST05853,42,Female,San Diego,101560,7,65.29,457.03,Health,Online,16,1,3.3,3.7
CUST05854,24,Male,Dallas,50385,7,81.66,571.62,Books,In-Store,166,1,3.9,2.8
CUST05855,36,Non-binary,Chicago,58857,8,39.13,313.04,Sports,Mobile App,100,1,3.7,3.3
CUST05856,56,Male,Houston,72568,15,102.39,1535.85,Sports,Online,13,1,4.0,5.6
CUST05857,43,Male,Chicago,113067,12,195.72,2348.64,Beauty,Online,59,3,3.7,5.1
CUST05858,34,Male,Houston,46377,9,97.45,877.05,Toys,In-Store,27,2,3.5,4.2
CUST05859,45,Male,San Antonio,33592,18,58.35,1050.3,Clothing,Online,6,0,4.6,6.0
CUST05860,30,Female,San Diego,26976,6,123.52,741.12,Home & Garden,In-Store,89,0,4.6,3.2
CUST05861,37,Male,Philadelphia,35423,10,113.21,1132.1,Electronics,Online,2,1,3.8,4.6
CUST05862,40,Male,San Jose,28173,5,127.06,635.3,Groceries,Mobile App,98,0,4.4,2.9
CUST05863,38,Male,Philadelphia,58795,9,195.04,1755.36,Health,In-Store,3,1,3.8,4.7
CUST05864,39,Female,Los Angeles,95376,12,33.07,396.84,Health,Online,71,0,4.1,4.2
CUST05865,33,Female,Houston,74554,9,78.07,702.63,Toys,Online,4,0,4.9,4.3
CUST05866,19,Male,Chicago,26121,16,82.64,1322.24,Sports,Mobile App,42,4,3.2,5.5
CUST05867,37,Male,San Diego,20000,5,166.24,831.2,Sports,In-Store,92,0,3.3,3.1
CUST05868,67,Male,Phoenix,143660,8,67.16,537.28,Toys,Online,53,1,4.4,3.7
CUST05869,18,Male,Dallas,37670,16,124.62,1993.92,Books,Mobile App,22,1,4.7,5.9
CUST05870,46,Female,Philadelphia,88932,11,70.37,774.07,Clothing,Mobile App,73,1,4.4,4.2
CUST05871,29,Female,San Diego,20000,13,40.57,527.41,Books,Online,6,1,3.6,4.9
CUST05872,35,Female,San Jose,20000,13,37.79,491.27,Clothing,In-Store,13,4,2.5,4.8
CUST05873,45,Female,Dallas,114212,14,78.71,1101.94,Beauty,Online,8,0,4.4,5.3
CUST05874,58,Female,Chicago,36083,10,45.4,454.0,Automotive,In-Store,72,2,3.4,3.9
CUST05875,33,Male,Philadelphia,47284,11,60.2,662.2,Books,Online,59,1,4.0,4.3
CUST05876,39,Male,San Jose,60410,13,54.19,704.47,Clothing,In-Store,5,0,4.1,5.0
CUST05877,52,Male,New York,37047,14,58.57,819.98,Beauty,Online,1,1,4.6,5.2
CUST05878,28,Female,Los Angeles,68171,13,71.43,928.59,Beauty,Mobile App,78,5,3.2,4.6
CUST05879,41,Male,Phoenix,67524,12,16.26,195.12,Health,Online,9,2,3.8,4.5
CUST05880,44,Male,San Jose,21119,13,85.45,1110.85,Clothing,Mobile App,22,2,3.5,5.0
CUST05881,28,Male,San Diego,27169,13,81.19,1055.47,Toys,Online,101,1,3.8,4.5
CUST05882,29,Male,San Jose,161067,8,48.45,387.6,Home & Garden,Mobile App,7,1,5.0,3.9
CUST05883,18,Female,Phoenix,78667,11,94.84,1043.24,Beauty,Mobile App,46,2,4.1,4.5
CUST05884,41,Male,Phoenix,69432,13,17.64,229.32,Electronics,Mobile App,9,0,4.4,4.7
CUST05885,24,Male,Dallas,52839,13,29.1,378.3,Groceries,Online,15,2,3.6,4.8
CUST05886,54,Female,New York,112297,6,13.38,80.28,Home & Garden,In-Store,23,0,4.0,3.4
CUST05887,26,Male,Chicago,23841,15,59.93,898.95,Electronics,Online,15,3,3.7,5.3
CUST05888,30,Male,Dallas,50702,16,30.29,484.64,Automotive,Online,18,4,3.8,5.3
CUST05889,34,Female,New York,75943,12,16.28,195.36,Toys,In-Store,3,1,3.4,4.6
CUST05890,34,Male,San Antonio,41762,14,186.85,2615.9,Beauty,Online,1,2,2.9,6.0
CUST05891,28,Female,Los Angeles,92612,13,41.47,539.11,Books,Online,57,1,4.4,4.6
CUST05892,29,Male,San Jose,53990,13,52.47,682.11,Home & Garden,Mobile App,7,2,4.1,4.9
CUST05893,33,Female,Philadelphia,29762,17,414.48,7046.16,Books,Online,12,4,4.0,8.3
CUST05894,42,Male,Houston,37508,12,40.66,487.92,Health,Mobile App,14,3,3.5,4.6
CUST05895,41,Male,New York,55063,13,50.4,655.2,Automotive,Mobile App,14,1,4.1,4.9
CUST05896,26,Female,San Antonio,67568,10,44.5,445.0,Toys,Online,15,0,4.1,4.3
CUST05897,30,Female,San Jose,37257,15,82.15,1232.25,Automotive,Online,4,3,3.9,5.5
CUST05898,31,Female,San Jose,154600,8,109.85,878.8,Groceries,Online,16,2,3.7,4.1
CUST05899,18,Female,Los Angeles,24193,9,132.2,1189.8,Health,In-Store,89,2,3.9,3.9
CUST05900,33,Male,Phoenix,41462,10,165.59,1655.9,Home & Garden,Online,6,1,4.3,4.8
CUST05901,18,Male,Chicago,36760,11,226.95,2496.45,Books,Online,13,0,4.1,5.3
CUST05902,52,Male,Dallas,20000,13,135.45,1760.85,Sports,In-Store,13,1,3.0,5.4
CUST05903,27,Female,Philadelphia,105515,11,70.6,776.6,Groceries,Mobile App,3,1,4.0,4.7
CUST05904,33,Male,Los Angeles,121127,7,111.63,781.41,Clothing,In-Store,162,0,4.3,3.0
CUST05905,18,Male,Phoenix,37640,10,92.68,926.8,Toys,In-Store,52,1,3.2,4.2
CUST05906,22,Female,Chicago,44051,16,34.46,551.36,Groceries,Online,3,4,3.8,5.4
CUST05907,48,Male,San Diego,41822,9,83.54,751.86,Electronics,Online,17,1,3.6,4.2
CUST05908,50,Female,Philadelphia,81430,13,66.8,868.4,Sports,Online,20,1,3.7,4.9
CUST05909,18,Female,New York,20000,7,47.47,332.29,Automotive,In-Store,34,3,3.9,3.6
CUST05910,22,Female,Chicago,66759,11,76.53,841.83,Home & Garden,Online,55,4,4.6,4.4
CUST05911,29,Female,Phoenix,30412,11,66.52,731.72,Books,In-Store,16,0,4.8,4.6
CUST05912,30,Female,San Jose,40912,16,210.52,3368.32,Beauty,In-Store,33,2,3.8,6.4
CUST05913,25,Female,San Antonio,20142,7,46.01,322.07,Toys,Mobile App,105,1,4.5,3.1
CUST05914,34,Non-binary,Chicago,52446,10,102.28,1022.8,Books,Online,1,0,4.4,4.6
CUST05915,27,Male,San Jose,126455,11,48.46,533.06,Books,Mobile App,33,1,3.8,4.4
CUST05916,48,Male,New York,20000,10,132.59,1325.9,Groceries,In-Store,93,3,3.9,4.1
CUST05917,28,Male,Dallas,31573,8,26.78,214.24,Sports,Online,101,1,4.2,3.3
CUST05918,41,Male,Dallas,43410,15,109.89,1648.35,Toys,Online,49,2,3.1,5.4
CUST05919,42,Female,Dallas,56325,9,80.42,723.78,Books,Online,14,1,3.3,4.2
CUST05920,52,Female,New York,84372,16,189.81,3036.96,Books,Online,7,4,3.6,6.5
CUST05921,35,Male,Houston,36736,7,59.19,414.33,Books,Mobile App,78,0,3.5,3.3
CUST05922,31,Male,Chicago,51186,12,19.93,239.16,Automotive,Mobile App,8,4,3.8,4.6
CUST05923,55,Male,San Antonio,182274,13,91.69,1191.97,Sports,Mobile App,1,0,3.9,5.2
CUST05924,24,Female,San Jose,42089,12,18.49,221.88,Clothing,Online,6,3,3.3,4.6
CUST05925,47,Male,New York,48966,11,35.5,390.5,Health,Online,66,0,4.5,4.1
CUST05926,49,Male,Houston,31639,18,56.53,1017.54,Electronics,Online,1,0,4.3,6.0
CUST05927,36,Male,San Jose,82041,21,53.2,1117.2,Sports,Online,112,3,3.3,5.9
CUST05928,28,Female,San Diego,68802,12,53.22,638.64,Beauty,In-Store,13,1,3.8,4.7
CUST05929,48,Female,Philadelphia,247460,8,117.17,937.36,Home & Garden,Mobile App,25,2,4.0,4.1
CUST05930,54,Female,Chicago,28471,17,55.89,950.13,Books,Online,9,2,3.8,5.7
CUST05931,36,Female,Dallas,33378,11,36.08,396.88,Books,Online,1,0,4.0,4.5
CUST05932,49,Female,San Diego,41535,16,111.44,1783.04,Beauty,Mobile App,15,1,4.3,5.9
CUST05933,27,Female,Phoenix,24593,16,289.57,4633.12,Beauty,Online,38,4,3.5,7.0
CUST05934,33,Male,San Jose,25998,10,161.49,1614.9,Groceries,Online,9,1,4.4,4.8
CUST05935,40,Male,Dallas,36256,11,103.34,1136.74,Health,Online,6,2,4.6,4.8
CUST05936,33,Male,Philadelphia,57998,14,100.35,1404.9,Home & Garden,In-Store,8,1,3.5,5.4
CUST05937,34,Male,New York,20503,16,71.65,1146.4,Automotive,Online,19,2,3.7,5.6
CUST05938,29,Female,San Antonio,43586,16,32.17,514.72,Beauty,In-Store,24,2,4.0,5.3
CUST05939,41,Female,Phoenix,39686,7,67.75,474.25,Sports,In-Store,10,1,3.2,3.8
CUST05940,51,Male,San Antonio,44646,11,146.44,1610.84,Groceries,Mobile App,29,5,3.0,4.8
CUST05941,30,Female,Philadelphia,35011,14,148.26,2075.64,Groceries,Online,7,2,3.3,5.7
CUST05942,37,Female,New York,52230,17,96.77,1645.09,Beauty,In-Store,21,2,4.0,6.0
CUST05943,40,Male,Houston,87606,8,167.38,1339.04,Books,Online,74,2,3.4,3.9
CUST05944,39,Male,Chicago,131968,14,31.41,439.74,Sports,In-Store,61,2,3.7,4.7
CUST05945,49,Male,New York,40947,9,94.26,848.34,Sports,Online,29,0,3.2,4.2
CUST05946,45,Female,San Antonio,57031,8,19.61,156.88,Books,Online,43,0,4.4,3.6
CUST05947,18,Male,Los Angeles,71128,17,116.12,1974.04,Beauty,In-Store,27,0,3.8,6.1
CUST05948,31,Male,Philadelphia,20000,7,45.85,320.95,Home & Garden,In-Store,50,1,3.9,3.5
CUST05949,29,Male,Houston,87542,13,69.11,898.43,Clothing,Online,10,0,3.6,5.0
CUST05950,43,Female,Philadelphia,24987,7,34.08,238.56,Books,Online,146,1,3.6,2.8
CUST05951,46,Female,San Jose,71802,17,70.25,1194.25,Electronics,Online,10,3,3.3,5.8
CUST05952,18,Male,Phoenix,20000,26,56.49,1468.74,Clothing,Online,16,5,3.3,7.5
CUST05953,50,Female,Phoenix,126235,11,54.63,600.93,Toys,In-Store,123,3,3.0,3.8
CUST05954,18,Male,San Antonio,64081,18,77.4,1393.2,Sports,In-Store,9,2,3.4,6.1
CUST05955,31,Male,Los Angeles,125277,7,123.76,866.32,Beauty,In-Store,41,0,3.5,3.8
CUST05956,28,Non-binary,San Diego,40788,9,21.72,195.48,Health,Online,73,2,4.2,3.6
CUST05957,39,Female,Los Angeles,53606,14,44.15,618.1,Health,Mobile App,9,0,4.2,5.1
CUST05958,44,Male,Dallas,34580,19,52.59,999.21,Health,In-Store,35,5,3.8,6.0
CUST05959,51,Male,Phoenix,55283,11,73.95,813.45,Books,In-Store,4,2,3.4,4.7
CUST05960,30,Male,San Antonio,74992,11,56.76,624.36,Clothing,In-Store,32,6,3.1,4.4
CUST05961,36,Male,Philadelphia,42926,9,53.9,485.1,Health,Online,3,0,3.7,4.2
CUST05962,36,Female,Dallas,34946,17,117.74,2001.58,Toys,Online,30,2,3.3,6.1
CUST05963,31,Female,Philadelphia,194552,15,81.83,1227.45,Toys,Online,71,0,3.3,5.1
CUST05964,28,Male,Houston,70492,7,156.18,1093.26,Toys,Mobile App,52,1,3.9,3.8
CUST05965,49,Female,Los Angeles,32398,7,80.48,563.36,Automotive,Online,14,0,3.5,3.8
CUST05966,38,Female,Los Angeles,98980,12,27.24,326.88,Health,Online,19,1,3.7,4.5
CUST05967,29,Male,Philadelphia,56499,11,124.77,1372.47,Books,Online,72,4,4.0,4.5
CUST05968,62,Male,Chicago,61749,11,124.54,1369.94,Health,In-Store,10,1,3.9,4.9
CUST05969,43,Male,Chicago,39345,14,33.96,475.44,Home & Garden,In-Store,38,0,4.5,4.8
CUST05970,18,Female,Phoenix,37439,16,54.49,871.84,Sports,Online,25,0,4.7,5.4
CUST05971,42,Female,Chicago,73434,16,33.09,529.44,Beauty,Online,36,1,3.4,5.2
CUST05972,18,Male,San Antonio,46285,13,67.2,873.6,Toys,Online,1,2,4.6,5.1
CUST05973,21,Female,Chicago,28610,8,90.51,724.08,Sports,Online,12,1,3.7,4.0
CUST05974,18,Male,Houston,87089,14,89.48,1252.72,Health,Mobile App,3,3,2.7,5.4
CUST05975,40,Male,Dallas,72101,10,35.4,354.0,Beauty,In-Store,4,1,4.0,4.3
CUST05976,35,Male,Houston,51419,13,87.15,1132.95,Groceries,Online,46,1,3.6,4.9
CUST05977,27,Male,New York,23026,14,158.7,2221.8,Clothing,Online,14,1,4.1,5.7
CUST05978,18,Male,Chicago,20000,13,38.75,503.75,Automotive,Online,4,3,3.2,4.9
CUST05979,53,Male,Phoenix,34610,18,29.68,534.24,Toys,In-Store,22,3,3.5,5.7
CUST05980,41,Female,Dallas,50078,14,26.96,377.44,Groceries,Mobile App,50,2,3.2,4.7
CUST05981,40,Male,San Diego,61566,11,64.93,714.23,Beauty,Mobile App,12,1,4.6,4.6
CUST05982,53,Female,Philadelphia,55047,14,117.49,1644.86,Sports,In-Store,21,2,3.9,5.4
CUST05983,48,Male,San Antonio,21030,13,82.95,1078.35,Electronics,Mobile App,8,3,3.4,5.1
CUST05984,47,Male,San Antonio,70421,12,99.39,1192.68,Health,In-Store,42,2,3.6,4.8
CUST05985,55,Female,Houston,85834,11,67.98,747.78,Automotive,Mobile App,6,0,3.5,4.6
CUST05986,50,Male,New York,34381,17,48.63,826.71,Books,In-Store,3,3,3.5,5.7
CUST05987,26,Non-binary,Houston,42304,10,88.8,888.0,Groceries,Online,14,2,3.3,4.5
CUST05988,44,Female,Chicago,62034,15,47.61,714.15,Groceries,Online,1,4,2.4,5.3
CUST05989,30,Male,Houston,90015,12,83.25,999.0,Home & Garden,Mobile App,36,0,3.0,4.7
CUST05990,39,Male,Dallas,50848,10,71.39,713.9,Electronics,Mobile App,58,1,3.1,4.1
CUST05991,52,Male,Phoenix,52921,7,43.53,304.71,Toys,Online,23,0,4.4,3.6
CUST05992,40,Female,New York,31449,12,14.38,172.56,Home & Garden,In-Store,36,2,3.2,4.4
CUST05993,36,Male,San Antonio,29955,16,60.79,972.64,Electronics,Online,8,1,3.3,5.6
CUST05994,39,Male,San Jose,56886,10,79.16,791.6,Automotive,In-Store,23,1,3.3,4.4
CUST05995,39,Male,Phoenix,27831,16,120.49,1927.84,Clothing,In-Store,33,1,3.3,5.8
CUST05996,27,Male,San Diego,84449,14,218.11,3053.54,Sports,In-Store,16,0,3.6,6.1
CUST05997,18,Male,San Diego,33172,7,75.53,528.71,Sports,Online,4,0,3.5,3.8
CUST05998,63,Female,San Antonio,37389,5,56.25,281.25,Toys,In-Store,46,0,3.6,3.1
CUST05999,59,Male,Chicago,120067,10,15.85,158.5,Books,Online,52,0,3.5,3.9
CUST06000,33,Male,San Jose,79466,17,103.96,1767.32,Electronics,Mobile App,4,4,2.8,6.1
CUST06001,41,Male,Chicago,34281,12,90.56,1086.72,Electronics,Mobile App,23,1,4.1,4.8
CUST06002,26,Male,San Antonio,39027,13,64.67,840.71,Home & Garden,Mobile App,165,0,4.2,4.0
CUST06003,29,Female,Philadelphia,154614,12,63.34,760.08,Books,Mobile App,45,2,4.0,4.6
CUST06004,56,Female,San Antonio,93223,8,67.15,537.2,Clothing,Online,46,1,2.4,3.8
CUST06005,18,Male,Philadelphia,68902,11,54.46,599.06,Health,Online,2,1,4.4,4.6
CUST06006,57,Female,Los Angeles,75494,8,38.08,304.64,Automotive,Mobile App,18,1,4.3,3.8
CUST06007,36,Non-binary,San Jose,47660,9,57.26,515.34,Toys,In-Store,14,0,3.5,4.1
CUST06008,21,Female,Phoenix,43535,13,39.13,508.69,Health,In-Store,12,1,3.6,4.8
CUST06009,30,Male,Dallas,38356,14,91.9,1286.6,Books,Online,36,4,4.2,5.2
CUST06010,28,Female,Philadelphia,124981,14,29.29,410.06,Beauty,Online,27,2,3.1,4.9
CUST06011,34,Male,Houston,55238,15,26.68,400.2,Groceries,Mobile App,49,1,3.7,4.9
CUST06012,30,Female,San Antonio,44041,15,71.8,1077.0,Sports,Online,1,1,3.1,5.5
CUST06013,35,Male,Houston,69641,13,27.51,357.63,Health,Online,3,0,4.5,4.8
CUST06014,37,Male,Chicago,22769,9,70.66,635.94,Clothing,Online,85,0,3.8,3.7
CUST06015,29,Female,Dallas,27362,10,135.87,1358.7,Clothing,In-Store,61,1,3.7,4.4
CUST06016,48,Female,Philadelphia,141098,12,73.78,885.36,Health,Online,20,2,3.7,4.8
CUST06017,48,Female,Houston,64118,10,51.09,510.9,Sports,Online,1,1,4.4,4.4
CUST06018,32,Female,Chicago,28912,11,91.74,1009.14,Toys,Online,21,2,3.3,4.6
CUST06019,41,Female,Chicago,95005,15,23.22,348.3,Groceries,Mobile App,47,1,4.3,4.9
CUST06020,31,Female,Dallas,57769,16,43.25,692.0,Sports,Mobile App,29,2,3.4,5.3
CUST06021,49,Male,Chicago,20000,9,355.11,3195.99,Beauty,Online,12,0,4.2,5.3
CUST06022,18,Male,Dallas,47174,11,34.74,382.14,Toys,Online,119,2,3.1,3.8
CUST06023,38,Female,Dallas,46100,16,33.2,531.2,Automotive,Online,87,1,4.0,4.9
CUST06024,29,Female,Houston,45267,11,29.07,319.77,Toys,In-Store,23,1,3.3,4.3
CUST06025,30,Female,San Diego,49660,15,29.51,442.65,Electronics,Online,5,1,4.5,5.2
CUST06026,33,Female,Phoenix,85117,15,29.67,445.05,Clothing,Online,1,3,3.9,5.2
CUST06027,45,Male,Los Angeles,64307,10,26.06,260.6,Home & Garden,In-Store,68,1,2.8,3.9
CUST06028,42,Male,Philadelphia,31382,6,150.32,901.92,Books,Online,13,3,3.5,3.8
CUST06029,24,Female,San Jose,20000,17,56.43,959.31,Health,In-Store,13,3,4.3,5.7
CUST06030,22,Female,Phoenix,187003,15,138.35,2075.25,Books,Online,16,2,2.5,5.8
CUST06031,50,Female,Dallas,121170,18,28.95,521.1,Books,In-Store,12,5,3.5,5.7
CUST06032,49,Female,San Jose,53428,9,174.63,1571.67,Books,Online,58,0,4.3,4.3
CUST06033,39,Female,Houston,46613,10,127.47,1274.7,Electronics,Mobile App,47,1,3.0,4.4
CUST06034,52,Female,San Diego,42826,14,42.18,590.52,Groceries,Online,11,2,3.3,5.1
CUST06035,41,Female,New York,20000,11,35.21,387.31,Automotive,Online,38,1,4.2,4.3
CUST06036,30,Female,San Antonio,104126,15,106.86,1602.9,Clothing,Online,142,1,3.4,4.8
CUST06037,57,Male,Los Angeles,87384,13,133.93,1741.09,Books,Online,36,2,3.1,5.2
CUST06038,25,Female,San Diego,52609,6,147.62,885.72,Automotive,Online,160,0,4.7,2.8
CUST06039,19,Male,San Diego,20000,12,41.22,494.64,Automotive,Mobile App,17,1,4.2,4.6
CUST06040,34,Male,Philadelphia,52703,13,163.43,2124.59,Toys,Online,14,2,3.5,5.5
CUST06041,32,Non-binary,Chicago,34715,10,71.03,710.3,Sports,Online,31,2,3.1,4.3
CUST06042,45,Male,New York,55042,14,109.12,1527.68,Electronics,Online,12,1,3.4,5.4
CUST06043,65,Male,Dallas,75094,17,41.75,709.75,Books,Mobile App,31,0,3.8,5.5
CUST06044,43,Female,Phoenix,29083,16,48.07,769.12,Electronics,Online,9,1,3.8,5.5
CUST06045,42,Male,Philadelphia,31752,9,126.53,1138.77,Sports,Online,64,0,4.1,4.1
CUST06046,57,Male,Phoenix,92433,16,49.58,793.28,Sports,Online,23,4,3.2,5.4
CUST06047,18,Female,San Jose,37117,14,168.87,2364.18,Health,Online,12,2,3.4,5.8
CUST06048,43,Male,Chicago,28576,16,29.3,468.8,Home & Garden,Online,20,1,3.2,5.3
CUST06049,31,Male,Dallas,60964,14,144.29,2020.06,Books,Online,4,1,4.0,5.7
CUST06050,51,Female,Philadelphia,22200,14,169.93,2379.02,Toys,Mobile App,14,2,3.1,5.8
CUST06051,33,Female,San Diego,23447,12,19.78,237.36,Electronics,Mobile App,7,2,3.8,4.6
CUST06052,31,Male,New York,48999,4,22.17,88.68,Health,Online,16,2,3.5,3.0
CUST06053,37,Female,Chicago,30082,10,45.18,451.8,Home & Garden,In-Store,28,2,3.7,4.2
CUST06054,35,Male,Chicago,30847,17,45.24,769.08,Electronics,In-Store,2,3,4.1,5.7
CUST06055,44,Male,New York,26031,8,75.99,607.92,Automotive,In-Store,1,0,4.7,4.1
CUST06056,38,Female,New York,26303,7,58.34,408.38,Health,In-Store,61,1,3.8,3.4
CUST06057,27,Male,Los Angeles,72798,13,86.09,1119.17,Home & Garden,Online,29,2,3.7,5.0
CUST06058,37,Female,San Jose,63787,20,80.67,1613.4,Books,In-Store,5,4,3.4,6.6
CUST06059,34,Female,San Diego,31055,22,169.31,3724.82,Health,Online,41,4,3.5,7.6
CUST06060,37,Female,San Jose,77665,12,15.52,186.24,Toys,Online,75,1,2.9,4.1
CUST06061,49,Male,Chicago,24387,13,128.6,1671.8,Automotive,Online,59,1,4.4,5.0
CUST06062,33,Male,San Antonio,77280,6,90.29,541.74,Health,Online,37,0,4.0,3.5
CUST06063,31,Male,Philadelphia,20000,13,10.78,140.14,Electronics,Online,50,1,5.0,4.4
CUST06064,56,Male,San Antonio,23616,16,305.43,4886.88,Toys,Online,8,0,3.7,7.3
CUST06065,30,Female,New York,20000,11,59.63,655.93,Health,Online,3,0,4.3,4.6
CUST06066,54,Female,Houston,25891,8,84.23,673.84,Health,Online,55,0,4.1,3.8
CUST06067,41,Male,Philadelphia,46867,8,31.08,248.64,Health,Mobile App,17,0,3.7,3.8
CUST06068,37,Female,New York,51458,20,35.1,702.0,Groceries,In-Store,25,1,3.5,6.1
CUST06069,33,Male,Chicago,56994,10,132.85,1328.5,Health,Online,19,0,3.3,4.6
CUST06070,32,Male,New York,49785,15,35.22,528.3,Home & Garden,Mobile App,11,1,4.4,5.2
CUST06071,33,Male,Dallas,47648,6,22.58,135.48,Health,Mobile App,57,1,4.1,3.2
CUST06072,56,Male,Dallas,45401,4,283.15,1132.6,Sports,In-Store,16,0,4.7,3.5
CUST06073,37,Female,San Diego,41082,10,14.56,145.6,Home & Garden,Mobile App,67,2,3.1,3.8
CUST06074,31,Male,Houston,61986,11,236.14,2597.54,Clothing,In-Store,12,0,3.7,5.4
CUST06075,26,Male,San Diego,70733,14,131.88,1846.32,Toys,Online,53,3,2.8,5.3
CUST06076,44,Male,Philadelphia,70159,24,31.4,753.6,Health,Online,15,3,3.5,6.9
CUST06077,29,Female,Phoenix,57592,18,45.3,815.4,Clothing,In-Store,24,1,2.9,5.8
CUST06078,42,Male,Phoenix,22693,9,25.03,225.27,Automotive,In-Store,40,0,3.3,3.8
CUST06079,46,Male,Dallas,44824,15,108.46,1626.9,Automotive,In-Store,40,4,2.9,5.5
CUST06080,55,Male,San Jose,126125,10,75.67,756.7,Beauty,In-Store,102,0,3.3,3.8
CUST06081,18,Female,San Antonio,77231,15,44.52,667.8,Automotive,Mobile App,49,1,4.4,5.0
CUST06082,29,Male,San Jose,128658,8,169.4,1355.2,Books,Online,19,2,4.3,4.3
CUST06083,50,Female,Houston,105064,10,59.25,592.5,Groceries,Mobile App,61,1,3.7,4.0
CUST06084,34,Male,Philadelphia,84358,10,54.69,546.9,Automotive,Online,52,0,4.4,4.1
CUST06085,55,Female,Phoenix,105230,19,181.96,3457.24,Groceries,Online,35,3,3.6,7.0
CUST06086,25,Female,Phoenix,42303,12,27.95,335.4,Automotive,Online,41,1,4.9,4.4
CUST06087,27,Female,San Diego,112767,12,38.88,466.56,Home & Garden,In-Store,44,0,2.7,4.4
CUST06088,32,Male,Chicago,45263,14,263.13,3683.82,Health,Online,36,1,2.8,6.2
CUST06089,39,Female,Los Angeles,56807,6,38.38,230.28,Beauty,Online,68,2,3.4,3.1
CUST06090,26,Female,Los Angeles,66837,5,301.63,1508.15,Toys,In-Store,11,0,3.8,3.9
CUST06091,42,Male,Chicago,102919,13,85.07,1105.91,Books,Mobile App,23,2,2.9,5.0
CUST06092,55,Female,San Jose,152194,6,12.01,72.06,Sports,Online,40,2,2.7,3.2
CUST06093,29,Female,New York,21728,11,195.77,2153.47,Books,Mobile App,1,0,3.3,5.3
CUST06094,42,Male,San Diego,41177,8,78.54,628.32,Groceries,Online,26,1,3.3,3.9
CUST06095,42,Male,San Diego,25783,27,80.35,2169.45,Health,In-Store,1,4,4.2,8.1
CUST06096,41,Female,Chicago,102661,16,100.33,1605.28,Groceries,Online,5,2,2.9,5.9
CUST06097,18,Female,San Jose,107307,18,134.15,2414.7,Electronics,Online,18,5,3.5,6.5
CUST06098,43,Female,San Antonio,36167,12,130.11,1561.32,Beauty,Mobile App,3,0,4.4,5.2
CUST06099,32,Female,Dallas,65877,16,91.86,1469.76,Toys,Online,41,0,3.9,5.6
CUST06100,48,Female,Phoenix,46149,13,91.71,1192.23,Toys,Mobile App,55,3,2.0,4.9
CUST06101,20,Female,Phoenix,93907,11,153.66,1690.26,Clothing,In-Store,39,0,3.8,4.8
CUST06102,38,Male,San Diego,33477,14,176.19,2466.66,Beauty,Online,72,0,4.3,5.5
CUST06103,29,Female,Los Angeles,24577,12,76.42,917.04,Automotive,In-Store,3,1,3.6,4.9
CUST06104,37,Female,San Diego,53492,11,25.19,277.09,Home & Garden,Online,32,3,3.2,4.3
CUST06105,42,Male,San Jose,59479,16,46.2,739.2,Clothing,Online,1,1,4.4,5.5
CUST06106,29,Female,Dallas,42453,19,56.61,1075.59,Health,Online,23,0,3.7,6.1
CUST06107,38,Female,San Jose,69656,10,33.31,333.1,Books,Online,12,2,4.1,4.2
CUST06108,23,Female,Houston,25723,12,156.29,1875.48,Automotive,Online,14,1,4.6,5.2
CUST06109,27,Female,San Antonio,142447,7,279.16,1954.12,Home & Garden,In-Store,137,0,3.7,3.6
CUST06110,58,Female,New York,20000,14,191.43,2680.02,Toys,Online,5,1,3.9,6.0
CUST06111,51,Male,San Jose,55955,11,299.71,3296.81,Books,In-Store,24,2,3.9,5.6
CUST06112,26,Male,San Jose,54995,5,46.57,232.85,Electronics,In-Store,53,0,4.6,3.1
CUST06113,46,Male,Los Angeles,27447,16,85.38,1366.08,Automotive,Mobile App,37,1,4.4,5.6
CUST06114,21,Female,Chicago,46645,12,32.73,392.76,Health,In-Store,11,0,5.0,4.6
CUST06115,18,Female,San Antonio,23365,14,40.82,571.48,Clothing,In-Store,128,0,3.3,4.3
CUST06116,38,Male,New York,31312,12,42.5,510.0,Toys,Online,52,2,2.8,4.4
CUST06117,33,Male,San Jose,20000,9,124.9,1124.1,Electronics,Mobile App,1,2,3.5,4.5
CUST06118,39,Male,San Jose,46236,15,74.65,1119.75,Groceries,Online,41,2,4.4,5.3
CUST06119,53,Female,San Jose,70207,16,55.4,886.4,Automotive,Online,8,3,3.9,5.6
CUST06120,23,Female,Houston,48866,16,13.96,223.36,Home & Garden,Online,2,2,3.3,5.3
CUST06121,49,Female,San Antonio,32679,10,100.99,1009.9,Sports,In-Store,7,2,3.2,4.6
CUST06122,45,Male,New York,61993,9,42.8,385.2,Home & Garden,In-Store,16,1,4.0,4.1
CUST06123,29,Male,San Diego,187510,11,50.69,557.59,Beauty,Online,9,0,3.9,4.5
CUST06124,37,Female,Dallas,50790,14,23.57,329.98,Home & Garden,Mobile App,15,4,3.3,4.9
CUST06125,33,Male,Philadelphia,27854,15,86.68,1300.2,Toys,Online,43,3,2.8,5.3
CUST06126,42,Female,Houston,42597,9,49.8,448.2,Clothing,In-Store,28,0,3.9,4.0
CUST06127,18,Female,Houston,98930,12,73.84,886.08,Clothing,Online,7,1,4.5,4.9
CUST06128,48,Male,New York,92704,10,76.97,769.7,Beauty,Online,130,1,2.9,3.7
CUST06129,61,Female,Philadelphia,37979,11,30.94,340.34,Groceries,In-Store,1,0,3.6,4.5
CUST06130,36,Female,San Jose,62902,11,68.24,750.64,Health,In-Store,42,1,3.2,4.4
CUST06131,18,Female,Dallas,29814,9,158.24,1424.16,Sports,In-Store,16,1,4.1,4.5
CUST06132,31,Male,New York,127913,12,56.64,679.68,Sports,Online,10,0,5.0,4.7
CUST06133,50,Female,Houston,30439,8,189.26,1514.08,Clothing,Mobile App,10,0,3.8,4.4
CUST06134,24,Male,Phoenix,40450,12,67.48,809.76,Toys,Mobile App,2,5,3.2,4.9
CUST06135,29,Female,Los Angeles,61081,19,90.84,1725.96,Groceries,Mobile App,10,3,3.5,6.4
CUST06136,34,Non-binary,Philadelphia,71268,12,26.06,312.72,Electronics,Online,31,0,4.5,4.5
CUST06137,43,Female,San Diego,78721,10,37.37,373.7,Clothing,Online,86,4,3.5,3.8
CUST06138,30,Female,Dallas,34943,9,96.68,870.12,Health,Online,81,0,3.3,3.9
CUST06139,19,Male,San Diego,22662,10,131.3,1313.0,Toys,In-Store,91,2,3.8,4.2
CUST06140,43,Female,Chicago,22766,18,62.98,1133.64,Home & Garden,In-Store,1,3,3.7,6.1
CUST06141,19,Male,Phoenix,40456,12,313.25,3759.0,Beauty,Online,34,1,3.4,5.9
CUST06142,30,Male,San Antonio,44131,10,136.64,1366.4,Toys,In-Store,163,5,2.5,3.7
CUST06143,18,Male,Houston,77833,11,86.79,954.69,Books,In-Store,53,0,3.9,4.4
CUST06144,18,Male,Phoenix,95840,13,74.18,964.34,Electronics,Online,5,2,4.0,5.1
CUST06145,35,Male,Chicago,53642,12,108.29,1299.48,Health,Online,13,1,4.0,5.0
CUST06146,49,Male,San Diego,22565,10,92.74,927.4,Automotive,In-Store,25,2,3.7,4.4
CUST06147,26,Female,Philadelphia,116618,11,161.11,1772.21,Health,Mobile App,27,1,4.9,4.9
CUST06148,38,Male,Chicago,71474,11,28.41,312.51,Health,Mobile App,52,0,4.8,4.2
CUST06149,45,Female,San Diego,44407,9,47.94,431.46,Home & Garden,Online,1,0,2.9,4.2
CUST06150,39,Male,Dallas,31704,12,118.34,1420.08,Home & Garden,In-Store,4,0,4.3,5.1
CUST06151,37,Male,Los Angeles,84596,12,46.09,553.08,Beauty,In-Store,71,0,3.6,4.3
CUST06152,38,Female,Phoenix,20535,13,13.67,177.71,Groceries,Mobile App,56,5,2.7,4.4
CUST06153,53,Male,Chicago,26582,18,116.62,2099.16,Sports,Online,29,1,4.4,6.3
CUST06154,49,Female,Philadelphia,32440,11,279.05,3069.55,Clothing,In-Store,9,0,4.4,5.6
CUST06155,43,Female,Phoenix,125988,16,318.91,5102.56,Automotive,Online,1,2,4.2,7.4
CUST06156,28,Male,San Antonio,43190,17,50.1,851.7,Electronics,Mobile App,27,1,3.6,5.6
CUST06157,25,Female,Phoenix,35707,7,72.59,508.13,Sports,In-Store,1,1,4.5,3.9
CUST06158,41,Female,Phoenix,145766,21,84.99,1784.79,Books,Online,6,3,4.8,6.8
CUST06159,51,Male,San Jose,20000,13,31.9,414.7,Beauty,In-Store,62,0,4.6,4.5
CUST06160,23,Female,San Diego,80798,8,187.41,1499.28,Sports,In-Store,37,2,4.2,4.2
CUST06161,42,Female,San Jose,113493,6,77.26,463.56,Clothing,Online,51,0,4.7,3.3
CUST06162,40,Male,Philadelphia,59721,18,238.16,4286.88,Electronics,Mobile App,2,1,4.4,7.4
CUST06163,38,Female,Los Angeles,58802,10,27.8,278.0,Automotive,In-Store,186,2,4.3,3.1
CUST06164,27,Male,Dallas,66175,15,56.49,847.35,Clothing,In-Store,2,2,3.6,5.4
CUST06165,24,Female,Los Angeles,75753,11,153.37,1687.07,Home & Garden,In-Store,8,2,3.1,5.0
CUST06166,31,Male,Phoenix,99560,12,204.89,2458.68,Toys,Online,6,1,4.1,5.5
CUST06167,18,Female,San Jose,33895,11,122.32,1345.52,Sports,Mobile App,21,3,2.7,4.8
CUST06168,52,Male,San Diego,134406,15,42.58,638.7,Toys,Online,22,0,3.6,5.2
CUST06169,18,Female,Chicago,101578,18,47.2,849.6,Health,Mobile App,20,3,4.1,5.8
CUST06170,46,Female,Dallas,57620,12,20.22,242.64,Books,Online,10,1,2.7,4.6
CUST06171,18,Female,Houston,58331,8,111.94,895.52,Home & Garden,In-Store,33,1,3.6,4.0
CUST06172,62,Male,Chicago,56094,10,151.16,1511.6,Books,Mobile App,107,0,3.6,4.1
CUST06173,45,Female,New York,88651,12,55.2,662.4,Health,In-Store,77,1,3.1,4.3
CUST06174,18,Female,Chicago,73966,18,86.33,1553.94,Clothing,In-Store,13,3,3.6,6.2
CUST06175,30,Male,San Antonio,99017,13,207.91,2702.83,Toys,Online,24,2,3.8,5.7
CUST06176,41,Female,San Antonio,36624,11,46.75,514.25,Books,Online,28,3,4.1,4.4
CUST06177,58,Female,New York,70396,9,75.64,680.76,Groceries,Mobile App,10,0,3.9,4.2
CUST06178,36,Female,Houston,37298,12,28.17,338.04,Sports,Online,25,0,4.5,4.5
CUST06179,34,Female,New York,70095,11,204.71,2251.81,Groceries,In-Store,22,2,3.5,5.2
CUST06180,28,Female,Chicago,80412,18,36.68,660.24,Home & Garden,Online,23,0,4.3,5.7
CUST06181,50,Female,New York,61954,13,39.89,518.57,Clothing,Mobile App,5,2,3.6,4.9
CUST06182,50,Male,San Diego,56003,11,163.96,1803.56,Books,In-Store,141,3,3.9,4.2
CUST06183,42,Female,San Diego,123749,7,77.96,545.72,Beauty,In-Store,17,0,3.2,3.8
CUST06184,33,Male,San Diego,20483,12,119.93,1439.16,Toys,In-Store,73,2,3.5,4.7
CUST06185,27,Male,Phoenix,75700,9,30.47,274.23,Sports,Mobile App,61,0,3.3,3.7
CUST06186,42,Male,Phoenix,53782,7,33.54,234.78,Electronics,In-Store,13,2,2.9,3.7
CUST06187,24,Male,Philadelphia,45155,18,70.24,1264.32,Clothing,Online,55,3,3.6,5.8
CUST06188,43,Female,Philadelphia,30874,18,45.12,812.16,Books,Mobile App,20,0,4.2,5.8
CUST06189,39,Male,San Antonio,40068,13,268.63,3492.19,Electronics,Online,29,0,4.1,6.0
CUST06190,51,Male,San Diego,99086,10,53.19,531.9,Groceries,Online,5,2,3.7,4.4
CUST06191,18,Male,San Jose,61465,14,35.62,498.68,Beauty,In-Store,31,3,3.9,4.9
CUST06192,51,Female,San Jose,30841,15,86.22,1293.3,Beauty,Online,84,4,3.9,5.1
CUST06193,32,Female,Chicago,22693,5,232.94,1164.7,Toys,In-Store,56,0,4.2,3.4
CUST06194,27,Male,Phoenix,42909,7,21.09,147.63,Clothing,Online,15,0,3.6,3.6
CUST06195,41,Male,Houston,87216,15,52.73,790.95,Automotive,Online,25,2,3.4,5.2
CUST06196,34,Non-binary,Philadelphia,90315,14,97.89,1370.46,Beauty,Online,14,2,3.3,5.4
CUST06197,18,Female,Houston,31958,5,67.62,338.1,Sports,In-Store,24,1,3.0,3.3
CUST06198,27,Female,Phoenix,71352,4,97.52,390.08,Automotive,Online,44,0,4.1,3.0
CUST06199,43,Male,Dallas,47829,15,63.32,949.8,Automotive,Online,24,2,3.2,5.3
CUST06200,61,Male,San Diego,20921,18,130.77,2353.86,Home & Garden,Mobile App,8,1,4.6,6.5
CUST06201,58,Male,Philadelphia,96889,8,96.97,775.76,Sports,Online,36,2,3.5,3.9
CUST06202,54,Female,Los Angeles,20000,15,50.42,756.3,Beauty,In-Store,17,2,3.1,5.3
CUST06203,33,Male,Houston,148075,11,48.45,532.95,Groceries,Online,183,0,4.8,3.4
CUST06204,35,Male,San Jose,47115,14,34.46,482.44,Toys,In-Store,52,1,4.5,4.8
CUST06205,38,Male,Philadelphia,67082,11,48.3,531.3,Home & Garden,Online,14,0,4.5,4.5
CUST06206,47,Female,New York,50100,12,249.16,2989.92,Sports,Online,49,1,4.9,5.5
CUST06207,46,Male,Houston,63031,12,133.28,1599.36,Toys,Online,7,3,4.6,5.2
CUST06208,50,Male,Los Angeles,26164,16,223.53,3576.48,Automotive,Online,1,1,3.7,6.7
CUST06209,29,Female,Philadelphia,48061,12,33.69,404.28,Automotive,Online,7,0,3.8,4.6
CUST06210,27,Male,Dallas,42194,12,84.55,1014.6,Toys,Mobile App,52,1,4.0,4.6
CUST06211,58,Male,Houston,31992,12,95.76,1149.12,Health,Online,87,1,4.0,4.5
CUST06212,65,Male,Los Angeles,39883,9,11.87,106.83,Sports,Online,1,1,4.5,4.0
CUST06213,18,Female,San Antonio,36576,22,29.57,650.54,Groceries,In-Store,6,2,3.9,6.5
CUST06214,65,Female,New York,78885,15,95.46,1431.9,Toys,In-Store,89,3,2.9,5.1
CUST06215,18,Male,San Diego,65736,7,75.89,531.23,Clothing,Online,13,1,4.4,3.8
CUST06216,65,Female,Dallas,35861,12,59.21,710.52,Beauty,Online,19,1,4.4,4.7
CUST06217,49,Male,San Diego,87891,11,28.49,313.39,Electronics,Online,47,1,3.8,4.2
CUST06218,41,Female,New York,84100,17,67.68,1150.56,Groceries,Mobile App,5,1,4.1,5.9
CUST06219,43,Female,Houston,93667,12,263.62,3163.44,Home & Garden,Mobile App,6,1,3.1,5.8
CUST06220,30,Female,Philadelphia,130728,11,59.41,653.51,Sports,Online,29,0,4.0,4.4
CUST06221,37,Female,New York,72448,9,72.32,650.88,Books,Online,20,1,4.3,4.1
CUST06222,32,Male,New York,52511,11,74.32,817.52,Groceries,Mobile App,86,2,4.4,4.2
CUST06223,46,Male,Philadelphia,35839,15,59.02,885.3,Beauty,Mobile App,9,0,4.8,5.4
CUST06224,35,Male,Philadelphia,87320,14,87.95,1231.3,Groceries,Online,17,3,3.8,5.3
CUST06225,36,Female,Los Angeles,58833,10,113.29,1132.9,Sports,In-Store,1,0,4.5,4.6
CUST06226,22,Male,San Antonio,78647,6,53.51,321.06,Toys,Online,72,1,4.1,3.1
CUST06227,47,Male,Phoenix,55137,10,61.41,614.1,Beauty,In-Store,40,2,4.2,4.2
CUST06228,53,Female,New York,24522,10,56.64,566.4,Clothing,Mobile App,90,2,3.7,3.8
CUST06229,40,Male,Houston,52880,9,147.71,1329.39,Home & Garden,Mobile App,5,1,3.6,4.5
CUST06230,34,Female,Chicago,75463,24,55.65,1335.6,Groceries,Mobile App,4,6,2.7,7.2
CUST06231,20,Male,New York,244938,16,128.25,2052.0,Beauty,Online,49,0,3.9,5.8
CUST06232,38,Non-binary,Chicago,89029,16,92.52,1480.32,Groceries,In-Store,7,4,3.1,5.8
CUST06233,28,Male,San Antonio,43315,8,223.38,1787.04,Groceries,In-Store,4,3,2.8,4.6
CUST06234,39,Male,San Jose,75985,14,264.73,3706.22,Electronics,Mobile App,75,2,3.8,6.0
CUST06235,22,Male,Houston,22730,10,47.25,472.5,Sports,In-Store,68,2,4.1,3.9
CUST06236,42,Male,San Jose,112032,11,122.05,1342.55,Clothing,Online,95,1,3.2,4.3
CUST06237,45,Female,Philadelphia,78185,10,45.51,455.1,Groceries,In-Store,74,0,4.4,3.9
CUST06238,19,Female,Los Angeles,53576,14,36.91,516.74,Home & Garden,Online,43,0,3.8,4.8
CUST06239,49,Female,Phoenix,86471,8,405.75,3246.0,Beauty,Mobile App,126,0,4.0,4.4
CUST06240,41,Male,Phoenix,56007,7,90.65,634.55,Beauty,Online,36,0,4.9,3.7
CUST06241,24,Male,Dallas,84447,12,69.59,835.08,Books,Online,20,1,3.4,4.7
CUST06242,37,Female,San Jose,40311,12,42.76,513.12,Toys,Online,31,0,3.7,4.5
CUST06243,48,Male,Phoenix,36804,7,36.18,253.26,Health,In-Store,19,1,3.9,3.6
CUST06244,34,Male,Phoenix,39592,9,230.3,2072.7,Groceries,In-Store,27,2,2.6,4.7
CUST06245,33,Female,San Jose,81837,17,138.11,2347.87,Beauty,Online,24,3,3.6,6.2
CUST06246,32,Female,San Diego,120470,11,327.87,3606.57,Home & Garden,Online,17,4,3.3,5.8
CUST06247,53,Female,Philadelphia,65944,16,99.95,1599.2,Groceries,In-Store,47,2,3.9,5.6
CUST06248,33,Female,Philadelphia,37756,7,52.39,366.73,Books,Mobile App,99,2,2.8,3.2
CUST06249,31,Male,Chicago,26688,10,42.89,428.9,Books,Mobile App,51,1,5.0,4.0
CUST06250,40,Male,Philadelphia,51730,13,87.29,1134.77,Health,Mobile App,150,2,4.1,4.2
CUST06251,48,Male,San Antonio,41517,18,71.49,1286.82,Groceries,Online,1,1,4.0,6.1
CUST06252,31,Male,Dallas,111129,13,40.88,531.44,Electronics,In-Store,33,0,4.9,4.7
CUST06253,51,Male,Phoenix,33989,13,101.32,1317.16,Clothing,Online,33,1,3.5,5.0
CUST06254,25,Female,Philadelphia,39604,16,125.54,2008.64,Home & Garden,Online,11,0,4.1,6.0
CUST06255,68,Female,Philadelphia,22715,12,109.37,1312.44,Groceries,Online,7,2,4.1,5.0
CUST06256,35,Male,Phoenix,20000,8,37.59,300.72,Books,Online,35,1,2.9,3.7
CUST06257,25,Male,Houston,40602,13,157.55,2048.15,Beauty,Online,58,4,2.7,5.2
CUST06258,25,Female,San Antonio,105509,11,146.48,1611.28,Groceries,In-Store,9,1,3.5,5.0
CUST06259,46,Female,San Jose,31870,9,40.8,367.2,Automotive,Mobile App,3,0,4.4,4.1
CUST06260,45,Female,Chicago,63133,11,108.02,1188.22,Sports,Online,19,2,4.8,4.7
CUST06261,45,Female,San Antonio,37899,8,135.14,1081.12,Toys,Mobile App,44,2,4.2,4.0
CUST06262,55,Male,Los Angeles,82437,14,65.0,910.0,Beauty,Online,19,2,4.3,5.1
CUST06263,29,Male,San Diego,98295,9,20.85,187.65,Books,Mobile App,84,1,3.7,3.5
CUST06264,21,Female,Dallas,25967,10,26.52,265.2,Home & Garden,Online,29,1,4.2,4.1
CUST06265,50,Male,Phoenix,48920,12,91.3,1095.6,Books,In-Store,27,1,3.6,4.8
CUST06266,47,Female,San Antonio,43947,15,221.59,3323.85,Home & Garden,In-Store,80,2,4.5,6.0
CUST06267,38,Male,Los Angeles,62056,19,68.95,1310.05,Books,In-Store,42,0,3.7,6.0
CUST06268,41,Male,San Jose,84146,4,80.76,323.04,Toys,In-Store,31,0,4.2,3.1
CUST06269,25,Male,San Jose,60897,15,100.54,1508.1,Automotive,In-Store,2,4,3.8,5.7
CUST06270,35,Male,Los Angeles,95415,13,172.23,2238.99,Beauty,Mobile App,49,4,3.4,5.3
CUST06271,52,Female,Dallas,60923,18,204.31,3677.58,Clothing,Online,12,4,3.3,7.1
CUST06272,23,Female,Dallas,40931,15,161.11,2416.65,Home & Garden,In-Store,10,1,2.9,6.0
CUST06273,43,Male,Houston,32964,8,105.04,840.32,Electronics,Online,3,1,3.8,4.2
CUST06274,53,Male,Chicago,214576,13,37.3,484.9,Books,Online,5,0,4.6,4.9
CUST06275,28,Female,New York,20000,9,171.85,1546.65,Clothing,Online,30,0,4.6,4.5
CUST06276,44,Female,San Diego,26639,18,137.42,2473.56,Automotive,Mobile App,20,2,5.0,6.5
CUST06277,48,Male,Chicago,24156,10,52.08,520.8,Books,In-Store,12,0,3.6,4.3
CUST06278,53,Female,Los Angeles,62090,4,133.79,535.16,Groceries,Mobile App,40,0,3.9,3.1
CUST06279,22,Non-binary,San Antonio,85432,13,12.99,168.87,Home & Garden,In-Store,12,1,3.7,4.7
CUST06280,20,Male,San Diego,34545,7,28.59,200.13,Books,Online,24,1,3.3,3.6
CUST06281,36,Female,Chicago,43352,4,134.72,538.88,Health,Mobile App,115,0,3.5,2.6
CUST06282,43,Female,San Antonio,51639,11,117.75,1295.25,Sports,Online,15,2,3.6,4.8
CUST06283,38,Male,Houston,47121,12,61.12,733.44,Health,Online,24,0,3.9,4.7
CUST06284,41,Male,San Jose,34053,18,50.94,916.92,Health,In-Store,51,2,4.2,5.6
CUST06285,30,Male,Houston,44959,14,30.08,421.12,Books,Mobile App,24,1,3.8,4.9
CUST06286,27,Male,Los Angeles,28703,9,89.77,807.93,Clothing,Online,30,1,4.3,4.1
CUST06287,40,Male,San Antonio,39340,10,87.41,874.1,Sports,In-Store,59,1,4.5,4.2
CUST06288,31,Male,San Antonio,40133,3,34.69,104.07,Toys,Mobile App,58,0,3.5,2.6
CUST06289,29,Male,Dallas,68980,15,50.35,755.25,Home & Garden,Online,73,2,4.0,4.9
CUST06290,33,Male,Los Angeles,20000,7,30.35,212.45,Electronics,Online,13,1,4.5,3.6
CUST06291,42,Male,Chicago,20000,10,136.14,1361.4,Beauty,In-Store,133,0,3.5,3.9
CUST06292,41,Female,Los Angeles,63335,11,151.49,1666.39,Books,In-Store,78,1,4.5,4.6
CUST06293,18,Male,San Jose,39979,14,27.48,384.72,Sports,In-Store,24,1,4.1,4.9
CUST06294,42,Male,Los Angeles,49117,8,142.38,1139.04,Home & Garden,Online,37,1,3.7,4.1
CUST06295,36,Male,Phoenix,58218,9,30.44,273.96,Home & Garden,Online,47,1,2.6,3.8
CUST06296,18,Female,San Diego,41962,7,47.19,330.33,Home & Garden,Mobile App,56,0,3.5,3.4
CUST06297,33,Male,Los Angeles,78324,13,58.29,757.77,Sports,Online,21,0,3.4,4.9
CUST06298,28,Female,Phoenix,68105,7,79.94,559.58,Clothing,In-Store,28,0,4.0,3.7
CUST06299,44,Female,San Antonio,32584,13,29.94,389.22,Toys,In-Store,42,2,3.6,4.6
CUST06300,44,Male,Phoenix,36237,10,21.52,215.2,Automotive,Online,3,0,4.1,4.2
CUST06301,28,Male,Phoenix,68767,9,44.35,399.15,Health,In-Store,64,1,3.6,3.8
CUST06302,41,Female,Los Angeles,147309,9,50.41,453.69,Electronics,Online,50,0,3.3,3.9
CUST06303,34,Male,Chicago,22871,11,38.02,418.22,Electronics,Online,67,1,3.8,4.1
CUST06304,51,Female,San Antonio,102157,10,51.22,512.2,Books,Mobile App,48,1,3.7,4.1
CUST06305,26,Male,Dallas,93597,7,58.12,406.84,Electronics,In-Store,42,0,4.1,3.5
CUST06306,36,Male,San Jose,37115,14,48.03,672.42,Health,Online,47,1,2.4,4.9
CUST06307,59,Male,Los Angeles,28581,16,139.01,2224.16,Home & Garden,Online,6,1,4.1,6.1
CUST06308,33,Female,Philadelphia,47579,13,66.72,867.36,Sports,In-Store,11,0,3.3,5.0
CUST06309,49,Female,New York,81181,13,42.21,548.73,Home & Garden,Online,17,0,3.5,4.8
CUST06310,37,Male,New York,86329,10,28.94,289.4,Toys,In-Store,21,1,3.3,4.2
CUST06311,55,Female,San Diego,56190,9,84.04,756.36,Health,Online,1,2,3.6,4.3
CUST06312,51,Female,San Antonio,88042,17,60.44,1027.48,Electronics,Online,16,2,2.6,5.7
CUST06313,55,Female,Los Angeles,51262,8,200.43,1603.44,Clothing,In-Store,25,0,4.1,4.3
CUST06314,34,Male,Chicago,129299,13,68.73,893.49,Clothing,In-Store,1,1,4.1,5.1
CUST06315,53,Male,New York,52087,12,65.99,791.88,Groceries,Online,123,0,2.9,4.1
CUST06316,30,Male,New York,20000,7,22.93,160.51,Groceries,Mobile App,60,0,4.1,3.3
CUST06317,40,Female,Los Angeles,42469,13,85.0,1105.0,Sports,Online,49,0,4.0,4.9
CUST06318,34,Male,Dallas,61224,12,246.61,2959.32,Toys,Mobile App,9,1,3.3,5.7
CUST06319,24,Male,Chicago,139007,18,16.18,291.24,Toys,Mobile App,37,3,2.6,5.5
CUST06320,19,Male,San Jose,59795,9,95.48,859.32,Home & Garden,Mobile App,47,0,4.1,4.1
CUST06321,44,Male,Dallas,20000,16,61.69,987.04,Beauty,Online,61,2,2.1,5.3
CUST06322,50,Male,San Antonio,20510,13,236.12,3069.56,Home & Garden,In-Store,43,1,4.0,5.7
CUST06323,24,Male,Los Angeles,67709,10,74.14,741.4,Electronics,Mobile App,1,1,3.8,4.5
CUST06324,58,Female,San Jose,46713,12,76.26,915.12,Clothing,In-Store,81,4,3.7,4.4
CUST06325,46,Male,San Jose,41608,14,61.31,858.34,Sports,Online,47,3,3.4,4.9
CUST06326,37,Female,Los Angeles,68154,13,84.31,1096.03,Beauty,Online,9,1,3.6,5.1
CUST06327,33,Male,Houston,28209,10,33.98,339.8,Clothing,Mobile App,45,1,3.5,4.0
CUST06328,44,Male,New York,31703,11,10,110,Books,In-Store,33,0,4.3,4.2
CUST06329,59,Male,Chicago,39492,15,45.22,678.3,Books,Online,7,0,4.3,5.3
CUST06330,41,Female,Philadelphia,61719,9,80.85,727.65,Beauty,Online,5,1,2.9,4.3
CUST06331,57,Male,San Diego,63653,17,79.08,1344.36,Sports,Mobile App,16,1,3.9,5.9
CUST06332,34,Male,Philadelphia,42215,13,34.16,444.08,Sports,Online,13,2,3.5,4.8
CUST06333,18,Female,San Diego,35753,7,36.28,253.96,Health,In-Store,57,0,3.8,3.4
CUST06334,56,Female,Phoenix,97498,11,22.22,244.42,Automotive,In-Store,1,2,3.9,4.4
CUST06335,38,Female,San Antonio,88209,10,37.05,370.5,Books,In-Store,23,0,4.8,4.2
CUST06336,46,Female,San Jose,63713,8,27.62,220.96,Home & Garden,Mobile App,34,2,3.0,3.7
CUST06337,32,Male,Los Angeles,26874,8,44.34,354.72,Health,Mobile App,40,1,3.0,3.7
CUST06338,62,Female,Philadelphia,30478,10,50.78,507.8,Books,Online,11,0,4.0,4.3
CUST06339,21,Female,San Antonio,71030,10,38.58,385.8,Home & Garden,Online,43,2,3.2,4.1
CUST06340,36,Female,Phoenix,102267,17,131.94,2242.98,Groceries,Mobile App,22,4,4.2,6.2
CUST06341,52,Male,Los Angeles,87061,13,214.73,2791.49,Toys,Online,35,1,4.4,5.7
CUST06342,33,Male,Philadelphia,46097,13,68.3,887.9,Books,Online,40,1,4.3,4.8
CUST06343,42,Male,New York,20000,12,132.91,1594.92,Toys,Online,42,2,3.9,4.9
CUST06344,36,Male,Phoenix,57522,9,44.7,402.3,Sports,Online,21,1,4.2,4.0
CUST06345,35,Male,San Antonio,57309,13,84.76,1101.88,Automotive,In-Store,28,1,3.2,5.0
CUST06346,52,Female,Chicago,54000,8,99.87,798.96,Sports,Online,3,0,3.9,4.1
CUST06347,41,Female,San Diego,39393,14,44.27,619.78,Clothing,Mobile App,27,0,5.0,5.0
CUST06348,41,Male,San Antonio,74496,12,45.43,545.16,Books,In-Store,4,0,4.5,4.7
CUST06349,38,Male,Phoenix,30867,15,56.76,851.4,Clothing,Online,8,2,3.8,5.4
CUST06350,46,Female,New York,67268,14,79.68,1115.52,Toys,Online,7,0,4.8,5.3
CUST06351,41,Male,Los Angeles,25561,20,86.76,1735.2,Clothing,Online,25,2,4.0,6.5
CUST06352,31,Female,Chicago,32979,13,104.56,1359.28,Groceries,Online,1,3,3.2,5.3
CUST06353,46,Female,Chicago,44518,16,236.14,3778.24,Groceries,In-Store,7,2,3.8,6.8
CUST06354,44,Male,Dallas,45693,18,59.17,1065.06,Sports,Online,36,2,3.9,5.8
CUST06355,57,Female,Dallas,37908,13,186.52,2424.76,Home & Garden,Online,44,0,3.7,5.5
CUST06356,48,Female,San Jose,42008,14,39.56,553.84,Sports,Online,12,0,3.6,5.0
CUST06357,39,Male,New York,44816,9,64.89,584.01,Automotive,Online,13,0,3.3,4.2
CUST06358,37,Female,Los Angeles,59724,11,330.19,3632.09,Home & Garden,Online,12,1,3.8,5.8
CUST06359,55,Female,Los Angeles,53015,5,40.57,202.85,Home & Garden,Online,206,0,3.9,2.1
CUST06360,18,Male,Philadelphia,85562,9,136.76,1230.84,Home & Garden,Online,40,2,3.9,4.3
CUST06361,38,Female,San Diego,62870,10,18.57,185.7,Groceries,Online,6,2,3.6,4.2
CUST06362,53,Female,San Jose,33500,14,112.73,1578.22,Groceries,Mobile App,70,5,2.9,5.1
CUST06363,25,Male,San Antonio,26638,10,41.6,416.0,Sports,Online,15,0,4.9,4.3
CUST06364,20,Female,Philadelphia,43336,11,52.09,572.99,Toys,In-Store,1,3,3.4,4.6
CUST06365,49,Male,San Diego,80478,19,62.96,1196.24,Automotive,Online,11,1,3.7,6.2
CUST06366,48,Male,Dallas,55447,8,37.52,300.16,Electronics,Mobile App,87,2,4.3,3.4
CUST06367,27,Male,Phoenix,54164,8,27.02,216.16,Clothing,In-Store,15,1,3.8,3.8
CUST06368,36,Female,Philadelphia,20000,11,50.2,552.2,Home & Garden,Online,31,1,4.2,4.4
CUST06369,18,Female,Chicago,47124,15,47.19,707.85,Automotive,In-Store,19,2,4.5,5.2
CUST06370,48,Male,Phoenix,71873,12,112.64,1351.68,Sports,Online,64,3,2.9,4.7
CUST06371,22,Male,San Diego,20000,13,37.78,491.14,Sports,In-Store,46,2,3.8,4.6
CUST06372,31,Female,Dallas,82254,8,102.85,822.8,Electronics,Online,131,2,4.4,3.3
CUST06373,45,Female,Dallas,37700,14,142.88,2000.32,Health,Online,4,3,3.4,5.7
CUST06374,56,Male,Philadelphia,65385,11,41.55,457.05,Toys,Mobile App,66,1,3.9,4.1
CUST06375,42,Female,New York,65729,12,117.18,1406.16,Home & Garden,Online,16,1,2.7,5.0
CUST06376,47,Female,Los Angeles,114187,7,84.58,592.06,Groceries,Online,11,1,3.2,3.8
CUST06377,18,Female,San Jose,38212,11,102.5,1127.5,Toys,Online,3,4,2.6,4.8
CUST06378,32,Female,Houston,32636,14,18.2,254.8,Books,In-Store,2,3,3.9,5.0
CUST06379,49,Male,Philadelphia,65738,15,70.5,1057.5,Automotive,Online,44,0,3.6,5.2
CUST06380,42,Male,San Diego,43639,9,46.21,415.89,Beauty,In-Store,5,2,3.3,4.1
CUST06381,23,Male,New York,36422,6,86.04,516.24,Automotive,In-Store,14,0,3.8,3.6
CUST06382,43,Male,New York,220572,14,200.02,2800.28,Books,In-Store,12,3,3.6,6.0
CUST06383,36,Male,New York,91288,19,85.33,1621.27,Sports,Online,30,0,4.5,6.3
CUST06384,46,Male,San Jose,37769,10,29.12,291.2,Automotive,Online,6,1,3.7,4.3
CUST06385,43,Male,New York,48610,10,23.55,235.5,Books,Online,14,0,3.7,4.2
CUST06386,39,Male,Houston,149166,13,33.04,429.52,Toys,In-Store,29,0,4.2,4.7
CUST06387,57,Male,New York,21686,12,743.04,8916.48,Clothing,Online,38,3,4.1,8.1
CUST06388,55,Male,San Antonio,52602,15,99.5,1492.5,Clothing,Mobile App,46,0,4.4,5.4
CUST06389,46,Male,Dallas,54924,17,24.18,411.06,Clothing,Online,3,3,4.3,5.6
CUST06390,47,Female,New York,140811,12,121.01,1452.12,Groceries,Online,12,2,3.4,5.1
CUST06391,46,Female,Dallas,39984,10,41.88,418.8,Sports,Online,17,1,4.1,4.2
CUST06392,28,Female,San Jose,76304,11,63.54,698.94,Health,Online,13,2,3.3,4.6
CUST06393,27,Female,San Antonio,55113,12,19.97,239.64,Sports,Online,158,1,3.5,3.6
CUST06394,31,Male,San Diego,34295,14,25.5,357.0,Groceries,Online,5,0,3.5,5.0
CUST06395,36,Female,New York,72871,17,24.35,413.95,Automotive,Online,31,5,3.4,5.4
CUST06396,65,Male,Chicago,32384,11,134.03,1474.33,Sports,Online,25,1,3.6,4.8
CUST06397,28,Male,New York,25074,12,27.43,329.16,Electronics,Online,14,1,4.4,4.6
CUST06398,47,Male,Chicago,55184,11,57.64,634.04,Sports,Online,47,5,3.4,4.3
CUST06399,23,Male,Houston,81330,11,34.55,380.05,Books,In-Store,6,1,4.6,4.5
CUST06400,28,Male,Philadelphia,25790,14,116.35,1628.9,Beauty,Online,31,2,3.6,5.4
CUST06401,44,Female,San Jose,28304,18,136.22,2451.96,Electronics,Online,84,0,3.7,6.1
CUST06402,50,Female,San Jose,53190,14,51.82,725.48,Books,Online,40,1,3.3,4.9
CUST06403,35,Male,Philadelphia,20077,6,148.05,888.3,Toys,Online,31,0,5.0,3.6
CUST06404,49,Non-binary,Houston,32063,15,195.1,2926.5,Home & Garden,In-Store,19,2,3.1,6.2
CUST06405,28,Female,Philadelphia,20000,13,91.8,1193.4,Health,Online,16,2,4.1,5.1
CUST06406,48,Male,Houston,76615,7,47.48,332.36,Clothing,Online,16,1,3.0,3.7
CUST06407,32,Female,Chicago,43910,12,30.85,370.2,Automotive,Online,8,0,5.0,4.6
CUST06408,46,Male,New York,101455,13,131.16,1705.08,Groceries,In-Store,1,1,3.9,5.4
CUST06409,21,Male,San Jose,98286,10,96.0,960.0,Health,Online,58,1,3.0,4.2
CUST06410,30,Male,San Diego,36672,16,20.84,333.44,Sports,Mobile App,12,1,3.9,5.3
CUST06411,22,Female,Chicago,33648,14,50.6,708.4,Electronics,Online,21,0,3.8,5.0
CUST06412,66,Male,Dallas,40024,17,48.6,826.2,Groceries,Mobile App,9,2,3.5,5.7
CUST06413,36,Male,Houston,27130,8,75.18,601.44,Health,Online,1,2,3.4,4.1
CUST06414,58,Male,San Jose,29539,12,10,120,Home & Garden,Online,19,2,3.9,4.5
CUST06415,29,Non-binary,New York,69235,10,52.52,525.2,Books,Online,14,0,4.1,4.3
CUST06416,49,Male,Philadelphia,173456,11,70.65,777.15,Electronics,Mobile App,12,2,4.1,4.6
CUST06417,48,Male,Houston,78718,16,81.09,1297.44,Health,Online,46,3,3.7,5.5
CUST06418,36,Male,Dallas,34864,7,100.86,706.02,Beauty,Online,45,1,3.5,3.7
CUST06419,29,Male,San Antonio,32092,6,24.48,146.88,Clothing,In-Store,17,0,4.4,3.4
CUST06420,43,Male,San Jose,25410,17,69.04,1173.68,Home & Garden,In-Store,13,4,3.9,5.8
CUST06421,54,Male,San Jose,20000,15,57.72,865.8,Home & Garden,Online,24,1,4.4,5.3
CUST06422,48,Female,San Jose,32396,11,47.92,527.12,Electronics,Online,41,1,4.6,4.3
CUST06423,46,Female,Chicago,48164,16,46.61,745.76,Health,In-Store,5,0,3.7,5.5
CUST06424,38,Male,San Antonio,80788,7,46.55,325.85,Groceries,Online,10,2,3.3,3.7
CUST06425,28,Male,Phoenix,35716,6,48.33,289.98,Toys,Online,9,1,3.7,3.5
CUST06426,47,Female,Philadelphia,77507,10,88.11,881.1,Health,Online,17,2,2.8,4.4
CUST06427,37,Female,San Jose,21921,16,74.95,1199.2,Health,Mobile App,4,1,4.1,5.7
CUST06428,56,Male,New York,35132,19,48.82,927.58,Sports,In-Store,1,0,4.2,6.1
CUST06429,26,Male,Houston,62281,9,32.4,291.6,Groceries,In-Store,17,3,3.5,4.0
CUST06430,41,Male,San Antonio,72121,13,247.31,3215.03,Toys,Online,39,3,4.3,5.8
CUST06431,27,Female,Los Angeles,40043,10,139.19,1391.9,Sports,Online,35,0,4.1,4.5
CUST06432,32,Male,Phoenix,70393,12,66.2,794.4,Home & Garden,Online,12,0,4.4,4.8
CUST06433,56,Female,Los Angeles,43005,14,35.65,499.1,Health,Online,34,0,4.7,4.9
CUST06434,41,Female,Houston,43129,10,57.83,578.3,Health,In-Store,2,3,3.0,4.4
CUST06435,26,Male,Los Angeles,35445,5,55.07,275.35,Toys,Mobile App,36,0,4.3,3.2
CUST06436,47,Male,San Antonio,69912,21,31.63,664.23,Books,Online,10,3,3.1,6.3
CUST06437,48,Male,San Diego,69851,16,146.47,2343.52,Books,Online,8,1,3.5,6.2
CUST06438,56,Male,San Jose,20000,18,257.01,4626.18,Groceries,In-Store,40,2,4.7,7.3
CUST06439,36,Female,Philadelphia,24446,11,55.91,615.01,Toys,In-Store,12,0,4.6,4.5
CUST06440,54,Male,Los Angeles,44309,16,96.68,1546.88,Health,Online,7,3,3.7,5.8
CUST06441,53,Male,Los Angeles,20000,8,43.77,350.16,Clothing,Online,19,1,3.5,3.8
CUST06442,63,Female,San Diego,35481,19,49.6,942.4,Electronics,Online,20,3,4.4,6.0
CUST06443,32,Female,San Antonio,39911,16,73.56,1176.96,Home & Garden,Online,9,2,4.0,5.7
CUST06444,27,Male,Houston,27607,11,100.84,1109.24,Toys,Online,4,1,3.2,4.8
CUST06445,39,Male,Chicago,79541,14,35.37,495.18,Clothing,Mobile App,110,1,2.5,4.4
CUST06446,54,Male,Dallas,158008,10,181.8,1818.0,Sports,In-Store,6,1,3.6,4.9
CUST06447,23,Male,Houston,55588,12,68.54,822.48,Toys,Online,3,2,3.6,4.9
CUST06448,37,Male,Chicago,87526,13,124.8,1622.4,Health,Online,82,2,3.7,4.9
CUST06449,39,Male,New York,20000,9,142.32,1280.88,Home & Garden,Online,23,1,4.4,4.4
CUST06450,18,Male,Houston,43141,13,41.07,533.91,Health,In-Store,9,4,2.9,4.9
CUST06451,38,Female,Chicago,72855,16,37.1,593.6,Home & Garden,In-Store,24,0,3.7,5.3
CUST06452,30,Male,Chicago,75271,9,78.81,709.29,Sports,Online,96,0,4.1,3.7
CUST06453,48,Female,Dallas,25583,13,25.84,335.92,Books,Online,21,2,4.1,4.7
CUST06454,47,Male,San Diego,82537,16,146.37,2341.92,Automotive,In-Store,95,1,4.5,5.6
CUST06455,26,Male,Dallas,65144,14,36.7,513.8,Home & Garden,Mobile App,63,5,3.1,4.7
CUST06456,41,Female,Philadelphia,25991,10,59.83,598.3,Health,Online,26,1,3.0,4.3
CUST06457,39,Non-binary,Houston,20000,7,10,70,Automotive,Online,55,0,4.5,3.3
CUST06458,26,Male,Phoenix,37973,12,44.62,535.44,Electronics,Mobile App,1,0,3.8,4.7
CUST06459,36,Female,Chicago,20000,9,332.5,2992.5,Books,Online,9,1,3.5,5.2
CUST06460,24,Male,San Diego,24542,12,235.24,2822.88,Home & Garden,Mobile App,23,2,3.9,5.6
CUST06461,54,Male,Chicago,75882,15,111.43,1671.45,Toys,Online,20,2,4.2,5.6
CUST06462,32,Male,Philadelphia,64496,12,42.41,508.92,Home & Garden,Mobile App,10,2,4.0,4.7
CUST06463,29,Female,San Diego,55246,15,49.92,748.8,Beauty,In-Store,3,3,2.9,5.3
CUST06464,40,Male,San Antonio,91251,14,48.5,679.0,Health,Online,11,1,4.7,5.1
CUST06465,32,Male,Dallas,25381,10,169.24,1692.4,Toys,In-Store,53,1,3.6,4.6
CUST06466,57,Female,Chicago,33997,12,46.12,553.44,Groceries,Online,3,2,4.3,4.7
CUST06467,33,Female,Phoenix,43230,13,38.62,502.06,Beauty,Mobile App,8,4,2.7,4.9
CUST06468,43,Male,San Antonio,48491,13,69.92,908.96,Groceries,Online,20,1,3.9,5.0
CUST06469,18,Female,San Jose,63313,9,107.49,967.41,Groceries,Mobile App,70,2,3.2,4.0
CUST06470,36,Male,San Antonio,72654,15,52.02,780.3,Automotive,Mobile App,3,2,3.9,5.4
CUST06471,38,Female,Chicago,67212,11,121.37,1335.07,Electronics,Mobile App,37,1,4.0,4.7
CUST06472,53,Female,San Diego,20000,13,55.2,717.6,Books,In-Store,39,0,3.8,4.8
CUST06473,34,Male,Houston,26374,9,166.68,1500.12,Beauty,In-Store,1,3,3.4,4.6
CUST06474,33,Female,San Jose,50041,15,53.2,798.0,Home & Garden,Online,8,3,2.7,5.3
CUST06475,42,Female,Chicago,74211,14,111.05,1554.7,Clothing,Online,19,1,3.8,5.4
CUST06476,26,Male,San Antonio,77081,12,39.82,477.84,Beauty,Mobile App,18,1,4.6,4.6
CUST06477,40,Male,Houston,24052,8,19.45,155.6,Sports,Mobile App,40,0,4.1,3.6
CUST06478,47,Male,New York,49224,17,53.09,902.53,Sports,Mobile App,5,5,3.2,5.8
CUST06479,57,Non-binary,San Jose,95812,9,106.21,955.89,Toys,Mobile App,12,1,3.4,4.3
CUST06480,22,Male,Los Angeles,28644,7,208.49,1459.43,Automotive,Online,136,0,3.7,3.4
CUST06481,28,Female,San Diego,92136,17,36.14,614.38,Electronics,Online,68,0,4.3,5.2
CUST06482,46,Female,Dallas,26530,8,46.08,368.64,Groceries,Online,53,1,4.6,3.6
CUST06483,51,Male,Chicago,109120,14,129.41,1811.74,Home & Garden,Online,40,4,3.8,5.4
CUST06484,29,Female,Chicago,83373,8,43.67,349.36,Electronics,Mobile App,15,0,4.5,3.9
CUST06485,44,Female,Phoenix,23758,10,92.99,929.9,Beauty,Online,20,2,3.6,4.4
CUST06486,37,Female,San Diego,37251,12,325.43,3905.16,Books,In-Store,110,2,3.3,5.5
CUST06487,25,Male,San Antonio,22865,12,97.92,1175.04,Home & Garden,Online,10,1,4.1,5.0
CUST06488,42,Male,Chicago,81502,6,64.79,388.74,Automotive,Online,23,0,3.0,3.5
CUST06489,27,Male,Los Angeles,22419,8,158.62,1268.96,Groceries,Mobile App,49,0,3.1,4.0
CUST06490,43,Female,New York,160247,6,16.83,100.98,Electronics,Mobile App,35,1,3.3,3.3
CUST06491,50,Female,Dallas,65519,9,28.87,259.83,Sports,In-Store,5,2,3.8,4.1
CUST06492,18,Male,San Antonio,49294,10,89.3,893.0,Sports,In-Store,47,2,4.4,4.3
CUST06493,48,Female,Houston,42855,13,74.07,962.91,Home & Garden,Mobile App,32,1,3.7,4.9
CUST06494,26,Male,San Diego,22082,11,76.23,838.53,Health,Online,6,3,3.3,4.7
CUST06495,39,Female,Dallas,86347,15,48.74,731.1,Groceries,Mobile App,79,2,3.1,4.9
CUST06496,28,Female,San Jose,25690,18,26.98,485.64,Books,Online,45,4,3.2,5.5
CUST06497,63,Female,Los Angeles,20000,13,51.34,667.42,Home & Garden,Online,4,1,2.5,5.0
CUST06498,28,Female,Phoenix,23973,9,180.24,1622.16,Health,Mobile App,4,0,5.0,4.7
CUST06499,29,Female,San Jose,34976,14,47.24,661.36,Groceries,Online,4,1,3.6,5.1
CUST06500,38,Non-binary,San Antonio,38568,17,73.98,1257.66,Sports,In-Store,14,3,3.3,5.8
CUST06501,43,Female,Los Angeles,45122,12,10.75,129.0,Home & Garden,Online,26,0,5.0,4.4
CUST06502,31,Female,Los Angeles,35263,11,40.36,443.96,Health,Mobile App,27,1,4.1,4.4
CUST06503,52,Male,New York,134373,9,98.29,884.61,Clothing,Online,40,2,3.7,4.1
CUST06504,25,Male,San Antonio,92901,16,22.29,356.64,Clothing,Online,23,0,4.3,5.2
CUST06505,29,Female,Dallas,64572,9,34.63,311.67,Electronics,In-Store,10,0,3.2,4.1
CUST06506,34,Male,Dallas,72547,14,100.08,1401.12,Automotive,In-Store,36,2,4.2,5.2
CUST06507,58,Female,New York,95130,20,61.51,1230.2,Sports,Online,45,0,3.4,6.2
CUST06508,26,Male,Phoenix,28444,10,41.22,412.2,Electronics,Online,58,4,3.2,4.0
CUST06509,34,Male,San Antonio,57941,11,52.38,576.18,Books,Mobile App,79,1,2.9,4.1
CUST06510,32,Male,Houston,82482,8,127.2,1017.6,Beauty,Online,6,0,3.3,4.2
CUST06511,47,Female,Los Angeles,28600,12,84.85,1018.2,Sports,In-Store,2,7,2.8,4.9
CUST06512,36,Male,Phoenix,68199,14,98.98,1385.72,Toys,Online,1,1,4.2,5.5
CUST06513,52,Female,Houston,52391,13,657.82,8551.66,Electronics,In-Store,11,2,4.5,8.3
CUST06514,37,Male,San Antonio,138559,13,61.8,803.4,Automotive,Mobile App,38,2,4.1,4.8
CUST06515,36,Male,San Diego,97908,15,190.52,2857.8,Clothing,Online,24,0,4.0,6.1
CUST06516,49,Female,Dallas,21423,16,10.9,174.4,Sports,Online,13,0,3.5,5.2
CUST06517,34,Female,San Jose,41498,13,43.58,566.54,Electronics,Online,11,1,2.9,4.9
CUST06518,39,Male,Los Angeles,37623,9,47.77,429.93,Books,Mobile App,16,1,3.4,4.1
CUST06519,20,Female,Dallas,91285,9,54.15,487.35,Home & Garden,Online,76,1,4.3,3.7
CUST06520,54,Male,Los Angeles,20631,11,142.13,1563.43,Clothing,Online,1,3,3.9,5.0
CUST06521,21,Female,San Antonio,28646,13,65.95,857.35,Automotive,Mobile App,21,2,2.8,4.9
CUST06522,43,Male,San Jose,40881,9,143.16,1288.44,Health,Online,10,1,3.8,4.5
CUST06523,25,Female,San Diego,27372,8,27.24,217.92,Beauty,In-Store,7,1,3.6,3.9
CUST06524,58,Female,Houston,39793,7,96.21,673.47,Home & Garden,Online,21,0,3.0,3.8
CUST06525,35,Male,New York,51340,17,176.6,3002.2,Beauty,Mobile App,1,3,4.0,6.7
CUST06526,28,Male,Dallas,64578,11,20.08,220.88,Home & Garden,Online,48,2,3.1,4.1
CUST06527,59,Male,Dallas,21194,8,88.36,706.88,Clothing,In-Store,62,3,3.9,3.7
CUST06528,18,Male,San Diego,164454,12,40.65,487.8,Groceries,In-Store,54,1,3.5,4.4
CUST06529,51,Male,Houston,46354,12,97.0,1164.0,Home & Garden,In-Store,42,0,3.8,4.8
CUST06530,34,Female,Dallas,35404,9,67.11,603.99,Groceries,Online,24,1,3.7,4.1
CUST06531,18,Male,Chicago,27459,7,35.77,250.39,Clothing,Online,25,3,3.6,3.6
CUST06532,52,Female,San Diego,25508,11,186.79,2054.69,Beauty,In-Store,62,2,3.8,4.8
CUST06533,30,Male,Philadelphia,40117,17,46.8,795.6,Automotive,Mobile App,20,2,4.4,5.6
CUST06534,53,Female,San Antonio,42819,13,132.04,1716.52,Automotive,Online,7,0,4.3,5.4
CUST06535,42,Female,New York,69472,8,169.23,1353.84,Home & Garden,Online,130,1,3.8,3.6
CUST06536,54,Female,Philadelphia,50385,7,158.54,1109.78,Home & Garden,Online,3,0,3.6,4.1
CUST06537,36,Female,Chicago,20000,12,115.68,1388.16,Toys,In-Store,6,1,4.0,5.1
CUST06538,52,Male,Dallas,30653,8,126.71,1013.68,Home & Garden,Online,5,1,4.6,4.2
CUST06539,36,Male,Philadelphia,40077,11,20.85,229.35,Electronics,Online,15,1,3.7,4.3
CUST06540,41,Male,Dallas,48305,9,54.29,488.61,Beauty,Mobile App,123,3,4.2,3.4
CUST06541,40,Male,Houston,50407,9,57.94,521.46,Electronics,Mobile App,3,1,3.1,4.2
CUST06542,36,Male,Houston,42081,9,42.6,383.4,Electronics,In-Store,41,2,3.2,3.9
CUST06543,29,Female,San Diego,63959,9,73.0,657.0,Groceries,Mobile App,16,1,3.7,4.2
CUST06544,38,Female,San Diego,30529,17,46.76,794.92,Home & Garden,In-Store,11,4,3.3,5.7
CUST06545,29,Female,Chicago,43091,10,93.49,934.9,Toys,In-Store,1,0,4.4,4.6
CUST06546,38,Male,Los Angeles,50111,14,27.71,387.94,Clothing,Mobile App,6,0,4.2,5.0
CUST06547,35,Female,Chicago,64519,12,40.29,483.48,Beauty,Online,24,2,2.9,4.6
CUST06548,47,Female,Dallas,39122,9,31.33,281.97,Books,Online,17,3,3.2,4.0
CUST06549,30,Female,New York,50258,18,15.41,277.38,Electronics,Online,20,1,3.7,5.6
CUST06550,63,Male,Los Angeles,64465,20,34.08,681.6,Electronics,Mobile App,2,1,4.0,6.2
CUST06551,51,Female,Phoenix,64400,17,10,170,Groceries,Online,15,3,4.5,5.4
CUST06552,44,Female,San Diego,50134,13,24.66,320.58,Home & Garden,Mobile App,11,0,3.3,4.8
CUST06553,35,Female,Philadelphia,68473,11,14.18,155.98,Toys,Mobile App,71,4,3.5,4.0
CUST06554,28,Female,San Diego,58071,17,39.6,673.2,Toys,Online,26,3,3.2,5.5
CUST06555,44,Female,San Antonio,66884,16,75.15,1202.4,Clothing,In-Store,6,2,3.8,5.7
CUST06556,49,Female,San Diego,48055,15,55.72,835.8,Clothing,Online,50,0,2.9,5.1
CUST06557,29,Female,San Antonio,51020,7,48.69,340.83,Beauty,In-Store,76,2,3.2,3.3
CUST06558,39,Male,San Diego,44184,8,35.76,286.08,Books,Online,42,0,3.5,3.7
CUST06559,62,Female,San Antonio,31565,17,31.87,541.79,Automotive,Mobile App,14,1,3.2,5.5
CUST06560,53,Male,Phoenix,35697,10,40.19,401.9,Electronics,Online,85,0,3.9,3.8
CUST06561,40,Female,Chicago,58576,10,30.49,304.9,Groceries,Mobile App,79,2,2.8,3.8
CUST06562,43,Female,Chicago,36150,16,13.11,209.76,Books,In-Store,7,3,4.2,5.3
CUST06563,43,Male,San Diego,26678,18,44.84,807.12,Health,Online,54,1,3.9,5.6
CUST06564,18,Female,Chicago,27084,21,41.86,879.06,Clothing,In-Store,5,6,3.6,6.4
CUST06565,51,Female,Houston,29394,14,100.03,1400.42,Health,In-Store,14,0,3.3,5.4
CUST06566,54,Male,Philadelphia,84116,10,66.33,663.3,Sports,Online,114,0,3.6,3.7
CUST06567,33,Male,New York,26435,9,60.25,542.25,Clothing,Online,2,2,3.8,4.2
CUST06568,45,Female,San Jose,44419,10,45.84,458.4,Clothing,Online,59,3,3.7,4.0
CUST06569,46,Female,New York,53401,9,105.44,948.96,Clothing,Online,224,1,4.2,3.0
CUST06570,42,Male,Chicago,47146,18,103.02,1854.36,Books,Online,29,2,4.0,6.2
CUST06571,51,Female,Chicago,191831,13,104.56,1359.28,Books,Online,56,1,3.5,4.9
CUST06572,33,Female,Houston,63209,9,55.41,498.69,Sports,Mobile App,7,1,4.1,4.2
CUST06573,28,Female,San Jose,74275,14,36.37,509.18,Toys,Mobile App,41,5,4.3,4.8
CUST06574,49,Female,Houston,32266,11,110.72,1217.92,Home & Garden,Online,2,1,3.9,4.8
CUST06575,53,Female,Houston,56067,12,110.39,1324.68,Beauty,Online,60,2,3.8,4.7
CUST06576,33,Male,Chicago,71994,18,210.46,3788.28,Clothing,Online,8,1,4.0,7.1
CUST06577,57,Male,San Jose,41628,12,20.64,247.68,Clothing,Mobile App,10,0,5.0,4.6
CUST06578,23,Male,Dallas,20000,13,17.21,223.73,Books,Mobile App,57,2,3.5,4.4
CUST06579,29,Male,Phoenix,39870,17,78.58,1335.86,Home & Garden,Mobile App,3,2,3.9,5.9
CUST06580,36,Male,Houston,38801,12,22.33,267.96,Clothing,Mobile App,7,1,3.6,4.6
CUST06581,39,Female,Chicago,32746,19,95.84,1820.96,Books,Online,59,4,3.9,6.2
CUST06582,40,Male,Dallas,38803,11,209.41,2303.51,Groceries,Online,10,0,3.6,5.3
CUST06583,44,Female,Phoenix,59361,13,118.48,1540.24,Health,Mobile App,1,3,4.0,5.3
CUST06584,24,Non-binary,San Diego,70088,7,39.88,279.16,Groceries,Online,22,3,4.1,3.6
CUST06585,45,Male,New York,59230,18,113.15,2036.7,Groceries,Online,6,4,3.4,6.4
CUST06586,45,Male,New York,27028,15,75.85,1137.75,Clothing,Online,1,0,5.0,5.5
CUST06587,28,Female,New York,86377,7,62.37,436.59,Beauty,Online,36,0,4.6,3.6
CUST06588,64,Male,Philadelphia,44566,12,28.04,336.48,Sports,Online,4,2,4.0,4.6
CUST06589,67,Male,Los Angeles,119709,9,41.07,369.63,Books,Mobile App,195,0,4.4,2.9
CUST06590,30,Male,New York,108261,10,179.64,1796.4,Home & Garden,Mobile App,103,1,3.7,4.3
CUST06591,35,Male,San Antonio,52838,21,144.21,3028.41,Home & Garden,Online,2,5,3.8,7.4
CUST06592,36,Female,Houston,59008,17,86.2,1465.4,Electronics,Online,10,1,3.6,6.0
CUST06593,33,Male,New York,47244,10,105.41,1054.1,Health,Online,71,1,3.9,4.2
CUST06594,44,Female,San Jose,64930,16,30.37,485.92,Home & Garden,Online,33,1,3.7,5.2
CUST06595,38,Male,Los Angeles,47511,11,80.02,880.22,Electronics,Mobile App,31,3,3.2,4.5
CUST06596,38,Male,Dallas,58275,15,40.0,600.0,Electronics,Online,3,2,3.7,5.3
CUST06597,23,Female,Houston,48643,10,65.27,652.7,Beauty,In-Store,50,1,4.4,4.1
CUST06598,52,Male,Philadelphia,62807,13,118.17,1536.21,Automotive,Mobile App,42,1,5.0,5.1
CUST06599,51,Female,Chicago,20000,11,38.93,428.23,Health,In-Store,38,5,2.3,4.3
CUST06600,24,Female,Houston,46646,13,101.65,1321.45,Electronics,Mobile App,9,2,3.3,5.2
CUST06601,24,Female,San Diego,74467,16,34.27,548.32,Books,Online,19,2,3.4,5.3
CUST06602,48,Male,San Antonio,44685,10,155.93,1559.3,Books,Online,77,4,2.6,4.3
CUST06603,50,Female,New York,63644,9,36.9,332.1,Automotive,In-Store,39,3,2.7,3.9
CUST06604,51,Male,Chicago,40453,9,30.84,277.56,Books,In-Store,20,1,3.5,4.0
CUST06605,58,Male,San Jose,52176,15,149.08,2236.2,Sports,In-Store,5,2,3.7,6.0
CUST06606,46,Female,Phoenix,97415,16,32.72,523.52,Toys,Mobile App,23,4,3.2,5.3
CUST06607,22,Female,Houston,110665,15,112.88,1693.2,Clothing,Mobile App,23,1,4.8,5.6
CUST06608,41,Female,Los Angeles,79230,13,76.21,990.73,Electronics,Mobile App,48,0,3.9,4.8
CUST06609,34,Female,Houston,99540,13,27.04,351.52,Home & Garden,Online,31,2,2.7,4.7
CUST06610,34,Female,San Diego,41834,15,51.07,766.05,Home & Garden,In-Store,19,1,4.1,5.3
CUST06611,20,Female,Phoenix,67414,12,61.54,738.48,Groceries,Online,10,5,4.2,4.8
CUST06612,49,Female,Los Angeles,77465,18,30.16,542.88,Sports,Online,18,1,4.1,5.7
CUST06613,32,Male,Houston,60125,13,42.8,556.4,Toys,Mobile App,3,0,3.1,4.9
CUST06614,38,Female,Philadelphia,90106,13,59.59,774.67,Electronics,In-Store,21,1,4.6,4.9
CUST06615,50,Male,San Diego,59307,10,53.39,533.9,Books,Online,21,2,4.3,4.3
CUST06616,37,Female,Dallas,24180,9,28.53,256.77,Toys,Online,19,1,3.3,4.0
CUST06617,30,Female,Chicago,82691,10,65.33,653.3,Automotive,In-Store,2,1,4.5,4.4
CUST06618,29,Female,San Antonio,23430,8,221.21,1769.68,Home & Garden,Online,129,0,3.3,3.8
CUST06619,56,Female,Philadelphia,20000,12,116.06,1392.72,Electronics,Online,6,0,3.3,5.1
CUST06620,36,Female,Chicago,98709,11,134.21,1476.31,Toys,Mobile App,7,0,4.6,4.9
CUST06621,63,Male,Chicago,42962,11,141.48,1556.28,Groceries,Online,95,1,4.2,4.4
CUST06622,40,Male,Dallas,60640,6,17.58,105.48,Automotive,Online,5,0,4.0,3.5
CUST06623,35,Female,Houston,51779,17,11.98,203.66,Toys,In-Store,10,1,4.1,5.4
CUST06624,35,Male,San Antonio,37012,14,48.53,679.42,Beauty,Online,26,2,4.3,5.0
CUST06625,26,Female,San Jose,49989,11,38.61,424.71,Automotive,Mobile App,36,0,4.8,4.3
CUST06626,38,Male,Phoenix,38174,12,75.08,900.96,Health,In-Store,15,2,3.7,4.8
CUST06627,42,Female,San Jose,68870,15,89.48,1342.2,Automotive,Online,18,1,3.4,5.5
CUST06628,31,Male,San Jose,224379,16,34.11,545.76,Toys,Online,13,3,3.4,5.4
CUST06629,52,Male,Philadelphia,44575,12,48.99,587.88,Health,Mobile App,36,0,3.8,4.5
CUST06630,37,Male,New York,68142,10,37.12,371.2,Automotive,Mobile App,38,0,4.3,4.1
CUST06631,39,Female,Philadelphia,29102,11,61.79,679.69,Automotive,Online,22,2,4.0,4.5
CUST06632,64,Male,Los Angeles,72754,17,116.77,1985.09,Sports,Online,1,1,3.9,6.2
CUST06633,48,Male,San Antonio,63541,8,53.5,428.0,Beauty,Online,13,1,3.9,3.9
CUST06634,37,Female,San Jose,100056,11,111.62,1227.82,Clothing,Mobile App,39,1,4.0,4.6
CUST06635,52,Male,Philadelphia,49919,12,54.21,650.52,Books,Online,25,0,3.7,4.6
CUST06636,37,Male,Dallas,36213,10,196.96,1969.6,Toys,Online,118,0,3.9,4.3
CUST06637,47,Male,Phoenix,90559,14,78.03,1092.42,Automotive,Online,12,3,2.7,5.3
CUST06638,46,Male,Philadelphia,65635,13,164.69,2140.97,Electronics,Online,5,1,3.8,5.6
CUST06639,30,Female,Phoenix,67187,11,22.39,246.29,Sports,In-Store,44,3,3.4,4.2
CUST06640,29,Female,Dallas,66411,13,61.38,797.94,Toys,In-Store,1,2,3.6,5.0
CUST06641,51,Female,Philadelphia,37262,8,29.8,238.4,Toys,Mobile App,22,2,3.6,3.8
CUST06642,24,Female,New York,69409,16,52.58,841.28,Groceries,In-Store,2,2,3.6,5.6
CUST06643,33,Male,Los Angeles,51481,6,50.35,302.1,Groceries,Online,11,0,4.5,3.5
CUST06644,59,Male,Dallas,25263,11,28.48,313.28,Books,Mobile App,9,3,3.3,4.4
CUST06645,45,Male,Phoenix,36527,12,90.1,1081.2,Groceries,In-Store,51,1,3.4,4.7
CUST06646,38,Female,San Antonio,120800,15,49.29,739.35,Health,Online,4,0,4.3,5.3
CUST06647,38,Non-binary,Chicago,67399,14,126.0,1764.0,Home & Garden,Mobile App,76,3,3.3,5.1
CUST06648,24,Male,Houston,20000,10,27.89,278.9,Clothing,In-Store,22,0,4.6,4.1
CUST06649,46,Male,Chicago,94079,10,64.3,643.0,Electronics,Online,71,1,4.2,4.0
CUST06650,46,Female,Houston,78802,13,75.03,975.39,Electronics,Mobile App,1,0,3.5,5.1
CUST06651,22,Female,Chicago,64462,9,100.05,900.45,Books,In-Store,28,0,4.5,4.2
CUST06652,56,Male,Phoenix,29694,11,63.49,698.39,Health,Online,15,0,3.3,4.5
CUST06653,48,Male,Phoenix,177605,12,51.96,623.52,Electronics,In-Store,11,1,3.3,4.7
CUST06654,43,Male,Los Angeles,43360,10,144.89,1448.9,Sports,Online,112,0,3.9,4.1
CUST06655,44,Female,San Jose,20000,9,39.7,357.3,Beauty,Mobile App,91,0,3.9,3.6
CUST06656,51,Female,San Diego,34822,10,72.58,725.8,Sports,Online,53,1,3.1,4.1
CUST06657,37,Male,San Diego,126778,17,19.83,337.11,Home & Garden,Online,1,0,4.6,5.5
CUST06658,18,Male,Philadelphia,76604,14,106.87,1496.18,Home & Garden,Online,27,2,4.0,5.3
CUST06659,71,Female,Phoenix,148196,11,29.02,319.22,Books,In-Store,76,1,3.5,4.0
CUST06660,51,Female,Dallas,55033,19,74.82,1421.58,Books,Online,60,4,3.6,6.0
CUST06661,53,Female,Houston,50009,17,70.06,1191.02,Sports,In-Store,37,4,3.4,5.7
CUST06662,39,Female,Dallas,36787,9,50.37,453.33,Home & Garden,In-Store,1,2,4.2,4.2
CUST06663,55,Female,Dallas,89950,8,124.66,997.28,Books,In-Store,129,0,3.7,3.4
CUST06664,36,Female,San Diego,47644,14,62.54,875.56,Home & Garden,Online,5,2,3.7,5.2
CUST06665,73,Male,Phoenix,41306,16,120.18,1922.88,Automotive,Online,59,3,3.5,5.7
CUST06666,31,Male,San Diego,39224,14,62.23,871.22,Toys,Online,95,1,4.2,4.6
CUST06667,52,Male,Dallas,24091,14,45.11,631.54,Health,Online,40,1,3.5,4.9
CUST06668,34,Male,San Antonio,83970,10,86.78,867.8,Health,In-Store,1,0,3.1,4.5
CUST06669,38,Female,Phoenix,92844,19,122.16,2321.04,Sports,Online,29,4,3.6,6.6
CUST06670,51,Non-binary,San Antonio,104642,18,20.72,372.96,Health,In-Store,10,1,4.9,5.7
CUST06671,20,Female,New York,61433,14,85.85,1201.9,Beauty,Online,9,2,2.7,5.3
CUST06672,44,Female,Phoenix,42155,6,29.44,176.64,Beauty,In-Store,172,1,3.8,2.5
CUST06673,44,Male,New York,34451,7,49.27,344.89,Health,Online,10,1,3.1,3.7
CUST06674,28,Male,San Diego,29980,12,52.19,626.28,Groceries,In-Store,6,0,3.9,4.7
CUST06675,30,Male,San Diego,64566,15,53.93,808.95,Home & Garden,Online,56,2,4.5,5.0
CUST06676,18,Female,San Jose,24684,13,139.44,1812.72,Home & Garden,In-Store,4,1,4.0,5.4
CUST06677,41,Female,San Diego,44624,12,49.8,597.6,Home & Garden,Mobile App,8,2,4.0,4.7
CUST06678,48,Female,Chicago,46187,13,92.47,1202.11,Health,Online,9,2,3.3,5.2
CUST06679,47,Female,Philadelphia,28234,13,60.15,781.95,Electronics,Online,12,4,3.2,5.0
CUST06680,32,Female,Los Angeles,35625,8,128.44,1027.52,Books,Online,4,1,4.2,4.2
CUST06681,18,Female,Philadelphia,36215,12,20.78,249.36,Clothing,Online,88,3,4.2,4.1
CUST06682,51,Female,New York,48726,12,46.8,561.6,Sports,Mobile App,5,2,3.7,4.7
CUST06683,49,Male,Chicago,70631,8,33.2,265.6,Automotive,Online,11,1,3.8,3.9
CUST06684,30,Male,Houston,36486,11,89.6,985.6,Clothing,Online,51,2,3.6,4.4
CUST06685,24,Male,Phoenix,38510,13,74.66,970.58,Home & Garden,Mobile App,41,0,4.2,4.9
CUST06686,52,Female,San Jose,76451,16,244.72,3915.52,Beauty,Online,6,2,3.3,6.9
CUST06687,48,Female,Los Angeles,38764,10,63.34,633.4,Clothing,Online,5,0,4.1,4.4
CUST06688,26,Female,San Jose,45371,11,89.35,982.85,Electronics,Online,63,0,4.7,4.4
CUST06689,27,Female,San Antonio,56532,12,112.59,1351.08,Beauty,Online,7,2,3.4,5.1
CUST06690,31,Male,Phoenix,40350,11,39.99,439.89,Groceries,In-Store,1,2,3.5,4.5
CUST06691,36,Female,San Antonio,84584,18,153.09,2755.62,Groceries,Mobile App,22,0,3.3,6.6
CUST06692,51,Male,New York,44016,19,68.94,1309.86,Automotive,Online,5,2,3.9,6.3
CUST06693,45,Male,Houston,99337,15,57.42,861.3,Automotive,In-Store,22,0,4.2,5.3
CUST06694,26,Male,Phoenix,51625,10,79.48,794.8,Beauty,Mobile App,16,1,4.0,4.4
CUST06695,24,Male,San Antonio,101399,9,84.29,758.61,Electronics,In-Store,8,1,3.4,4.3
CUST06696,19,Female,Los Angeles,61253,10,36.14,361.4,Health,Online,7,1,2.7,4.3
CUST06697,45,Male,San Diego,24797,13,123.96,1611.48,Sports,Online,17,1,3.3,5.3
CUST06698,28,Male,Houston,31966,15,20.63,309.45,Toys,In-Store,29,2,2.9,5.0
CUST06699,48,Female,San Antonio,57218,14,44.64,624.96,Groceries,Online,7,2,2.9,5.1
CUST06700,42,Female,Los Angeles,63144,16,47.36,757.76,Books,Online,14,2,3.6,5.5
CUST06701,34,Male,Phoenix,94655,12,60.11,721.32,Books,Online,56,1,4.2,4.5
CUST06702,52,Female,Los Angeles,119023,11,30.13,331.43,Beauty,Mobile App,10,1,3.7,4.4
CUST06703,40,Male,San Antonio,20000,18,33.92,610.56,Groceries,In-Store,8,1,3.2,5.8
CUST06704,18,Male,Los Angeles,45193,6,20.46,122.76,Groceries,In-Store,16,1,3.7,3.4
CUST06705,35,Male,Phoenix,20256,15,58.2,873.0,Automotive,Online,31,1,3.6,5.2
CUST06706,20,Non-binary,San Diego,78357,10,66.16,661.6,Books,Online,81,0,4.8,3.9
CUST06707,41,Female,New York,118443,16,167.41,2678.56,Books,In-Store,40,3,3.6,6.1
CUST06708,19,Male,San Antonio,29458,19,181.04,3439.76,Home & Garden,Online,3,1,4.3,7.2
CUST06709,42,Female,San Jose,38697,10,90.57,905.7,Health,Online,2,0,4.2,4.5
CUST06710,38,Male,San Diego,98361,11,13.56,149.16,Electronics,Online,14,0,3.8,4.3
CUST06711,59,Male,Philadelphia,216019,13,76.8,998.4,Health,Mobile App,3,0,4.2,5.1
CUST06712,21,Female,Chicago,96730,10,157.83,1578.3,Books,Online,28,0,3.3,4.7
CUST06713,43,Female,Los Angeles,44797,10,154.94,1549.4,Groceries,Mobile App,20,1,4.2,4.7
CUST06714,51,Male,Houston,28047,13,90.1,1171.3,Automotive,Mobile App,8,2,3.5,5.1
CUST06715,18,Female,New York,151628,15,150.56,2258.4,Sports,In-Store,29,2,3.8,5.8
CUST06716,30,Female,Los Angeles,30987,13,85.67,1113.71,Sports,In-Store,107,0,4.2,4.5
CUST06717,47,Male,Philadelphia,44180,12,66.85,802.2,Health,Mobile App,77,2,3.5,4.4
CUST06718,37,Male,Philadelphia,31155,7,59.09,413.63,Electronics,Mobile App,25,3,2.2,3.7
CUST06719,43,Male,Chicago,24039,8,253.81,2030.48,Home & Garden,Online,82,0,3.8,4.2
CUST06720,37,Male,San Diego,88380,9,30.38,273.42,Beauty,In-Store,21,1,3.8,4.0
CUST06721,22,Male,San Diego,60337,17,79.12,1345.04,Groceries,In-Store,5,4,5.0,5.9
CUST06722,29,Male,Philadelphia,82215,10,34.92,349.2,Sports,In-Store,32,0,3.9,4.1
CUST06723,19,Female,Phoenix,41270,16,52.9,846.4,Home & Garden,Mobile App,4,3,4.0,5.6
CUST06724,24,Female,Houston,32275,18,40.06,721.08,Sports,Online,21,2,4.1,5.8
CUST06725,48,Female,Philadelphia,115066,13,111.5,1449.5,Home & Garden,Mobile App,26,3,2.8,5.1
CUST06726,33,Male,New York,37944,10,44.44,444.4,Groceries,In-Store,4,0,3.4,4.3
CUST06727,34,Female,San Diego,33363,12,73.48,881.76,Clothing,In-Store,65,0,4.3,4.5
CUST06728,39,Male,New York,46270,8,79.08,632.64,Books,Online,75,0,4.3,3.6
CUST06729,37,Female,San Diego,45163,6,125.86,755.16,Health,Online,105,0,3.7,3.1
CUST06730,40,Female,Philadelphia,299410,11,81.17,892.87,Clothing,Mobile App,38,0,3.1,4.5
CUST06731,32,Male,Chicago,20000,10,40.08,400.8,Automotive,Online,27,1,4.2,4.2
CUST06732,35,Male,San Jose,30989,8,39.22,313.76,Clothing,In-Store,113,2,2.6,3.2
CUST06733,43,Female,San Diego,61935,15,201.31,3019.65,Home & Garden,Mobile App,5,4,2.5,6.3
CUST06734,41,Male,Los Angeles,52285,4,77.27,309.08,Health,In-Store,354,0,4.8,1.0
CUST06735,52,Male,Los Angeles,118474,10,112.52,1125.2,Beauty,Online,19,0,3.4,4.5
CUST06736,38,Female,San Antonio,69847,14,58.37,817.18,Toys,Online,19,2,5.0,5.1
CUST06737,45,Male,Chicago,39098,15,120.14,1802.1,Health,In-Store,22,2,3.3,5.7
CUST06738,36,Male,New York,78615,13,37.59,488.67,Toys,In-Store,8,3,4.8,4.9
CUST06739,47,Male,San Jose,32831,15,47.71,715.65,Health,Mobile App,1,4,2.9,5.3
CUST06740,38,Male,Houston,66912,11,31.42,345.62,Electronics,Online,27,1,4.1,4.3
CUST06741,40,Male,New York,24021,13,81.45,1058.85,Groceries,Online,20,0,3.9,5.0
CUST06742,46,Female,San Antonio,45057,12,108.55,1302.6,Automotive,Online,61,2,3.6,4.7
CUST06743,50,Female,San Jose,163523,10,19.17,191.7,Electronics,Mobile App,118,3,3.0,3.5
CUST06744,38,Female,Phoenix,45287,10,126.4,1264.0,Beauty,Mobile App,314,0,3.9,2.7
CUST06745,28,Male,Philadelphia,104548,7,112.11,784.77,Automotive,Online,105,0,3.8,3.3
CUST06746,49,Female,New York,23381,9,49.34,444.06,Home & Garden,In-Store,14,1,3.4,4.1
CUST06747,35,Male,New York,32501,10,40.33,403.3,Health,In-Store,5,0,3.3,4.3
CUST06748,28,Female,Phoenix,96860,9,163.59,1472.31,Books,In-Store,11,2,2.9,4.5
CUST06749,18,Male,Philadelphia,78668,8,27.96,223.68,Sports,In-Store,26,2,3.9,3.7
CUST06750,33,Female,Chicago,44445,18,137.0,2466.0,Home & Garden,In-Store,22,3,3.6,6.5
CUST06751,20,Female,Los Angeles,120884,15,129.11,1936.65,Electronics,Online,17,1,4.3,5.8
CUST06752,33,Male,Dallas,34200,11,50.15,551.65,Groceries,Online,31,1,3.6,4.4
CUST06753,41,Male,Philadelphia,71112,18,63.69,1146.42,Clothing,Online,18,1,4.1,6.0
CUST06754,18,Male,New York,62546,12,16.68,200.16,Clothing,In-Store,11,1,4.2,4.5
CUST06755,29,Male,New York,44470,13,37.35,485.55,Clothing,Online,2,1,3.8,4.9
CUST06756,56,Female,Chicago,71155,11,138.82,1527.02,Beauty,In-Store,41,2,3.9,4.7
CUST06757,18,Male,Dallas,30475,9,107.42,966.78,Home & Garden,In-Store,108,1,3.9,3.7
CUST06758,42,Male,San Antonio,65564,9,134.43,1209.87,Automotive,Online,11,2,3.5,4.4
CUST06759,58,Female,San Antonio,64692,8,142.69,1141.52,Home & Garden,Online,35,1,3.2,4.1
CUST06760,39,Male,Dallas,26680,8,130.85,1046.8,Health,In-Store,7,1,4.0,4.2
CUST06761,27,Female,San Diego,62166,12,164.63,1975.56,Home & Garden,In-Store,96,0,3.9,4.8
CUST06762,24,Female,San Diego,73735,7,62.76,439.32,Automotive,In-Store,52,1,3.2,3.5
CUST06763,41,Male,San Diego,56583,13,12.15,157.95,Books,Online,7,1,4.0,4.7
CUST06764,52,Male,New York,60735,6,75.54,453.24,Beauty,Online,2,1,3.1,3.6
CUST06765,48,Male,Los Angeles,42983,19,326.59,6205.21,Electronics,Mobile App,10,3,3.6,8.3
CUST06766,66,Female,San Diego,55190,16,103.67,1658.72,Clothing,Online,40,2,4.3,5.7
CUST06767,18,Male,Philadelphia,63600,10,70.83,708.3,Electronics,In-Store,28,1,4.0,4.3
CUST06768,29,Female,San Jose,41419,10,37.96,379.6,Beauty,Online,13,0,4.3,4.2
CUST06769,43,Male,New York,73129,11,50.9,559.9,Automotive,Online,78,0,3.4,4.1
CUST06770,48,Female,San Jose,37982,11,82.77,910.47,Clothing,In-Store,56,3,3.1,4.4
CUST06771,31,Female,Phoenix,67661,9,172.49,1552.41,Beauty,Online,10,1,4.3,4.6
CUST06772,43,Male,San Jose,30756,13,29.16,379.08,Toys,Online,19,0,4.3,4.7
CUST06773,48,Male,Philadelphia,72411,13,117.11,1522.43,Books,Mobile App,53,1,4.9,5.0
CUST06774,32,Female,San Diego,65769,15,64.66,969.9,Books,Online,1,0,4.7,5.5
CUST06775,30,Male,San Diego,47539,5,123.26,616.3,Clothing,In-Store,3,1,3.2,3.5
CUST06776,24,Female,Dallas,31504,13,27.92,362.96,Books,In-Store,16,1,4.4,4.8
CUST06777,36,Female,Houston,32505,8,223.72,1789.76,Health,Online,12,1,3.3,4.5
CUST06778,37,Male,San Antonio,74118,12,23.42,281.04,Books,Mobile App,48,1,3.2,4.3
CUST06779,40,Male,Houston,34181,19,146.67,2786.73,Electronics,Online,24,1,2.7,6.8
CUST06780,18,Female,San Diego,50937,12,68.79,825.48,Clothing,Online,8,1,2.9,4.8
CUST06781,51,Female,Dallas,20000,14,53.32,746.48,Toys,In-Store,26,0,4.4,5.0
CUST06782,59,Female,New York,73113,15,73.88,1108.2,Groceries,In-Store,1,0,3.9,5.5
CUST06783,25,Male,Phoenix,78220,12,37.01,444.12,Books,Mobile App,40,1,3.8,4.5
CUST06784,39,Male,San Antonio,90078,14,30.83,431.62,Books,Online,26,2,3.5,4.9
CUST06785,48,Male,Houston,42455,14,31.08,435.12,Electronics,Online,27,0,3.1,4.9
CUST06786,42,Female,Los Angeles,35851,7,61.87,433.09,Toys,Online,48,1,3.4,3.5
CUST06787,38,Male,Phoenix,72768,9,26.09,234.81,Groceries,In-Store,33,1,3.8,3.9
CUST06788,27,Male,Chicago,63786,10,72.4,724.0,Sports,In-Store,32,0,3.4,4.3
CUST06789,46,Male,San Antonio,21373,12,77.11,925.32,Automotive,In-Store,44,1,3.6,4.6
CUST06790,51,Male,San Antonio,162194,12,96.26,1155.12,Sports,Online,41,3,3.0,4.8
CUST06791,58,Female,San Antonio,49819,17,32.17,546.89,Beauty,Online,55,2,3.3,5.3
CUST06792,44,Non-binary,San Antonio,20962,11,91.09,1001.99,Health,In-Store,1,0,4.0,4.8
CUST06793,38,Female,New York,42151,16,25.93,414.88,Home & Garden,Online,10,1,3.1,5.3
CUST06794,44,Female,Houston,63013,11,192.12,2113.32,Electronics,Online,16,0,3.5,5.1
CUST06795,36,Female,San Diego,31159,11,199.84,2198.24,Health,Mobile App,4,1,3.8,5.3
CUST06796,33,Male,Houston,117858,10,120.93,1209.3,Clothing,In-Store,36,1,4.1,4.5
CUST06797,37,Female,Chicago,26931,18,154.67,2784.06,Groceries,In-Store,15,0,4.3,6.7
CUST06798,29,Female,San Jose,27160,14,33.88,474.32,Clothing,In-Store,13,2,3.8,5.0
CUST06799,35,Male,New York,40092,13,65.65,853.45,Books,Online,11,1,4.4,5.0
CUST06800,37,Male,Los Angeles,66168,11,52.38,576.18,Electronics,Mobile App,1,3,3.5,4.6
CUST06801,46,Male,Chicago,81144,18,91.77,1651.86,Health,Online,12,1,2.9,6.2
CUST06802,53,Female,Chicago,86602,17,125.02,2125.34,Groceries,In-Store,27,1,3.2,6.1
CUST06803,27,Male,Los Angeles,31029,15,53.5,802.5,Automotive,Online,125,2,3.7,4.6
CUST06804,42,Male,Los Angeles,139181,14,48.55,679.7,Toys,In-Store,1,3,3.1,5.2
CUST06805,58,Female,San Antonio,49084,7,85.32,597.24,Electronics,Mobile App,153,1,3.2,2.9
CUST06806,47,Female,San Diego,38792,11,57.9,636.9,Automotive,In-Store,62,0,3.2,4.2
CUST06807,32,Female,Dallas,122474,12,47.23,566.76,Sports,Mobile App,1,1,3.7,4.8
CUST06808,54,Male,Phoenix,78838,12,62.93,755.16,Health,In-Store,56,0,4.0,4.5
CUST06809,26,Female,New York,43597,14,111.82,1565.48,Beauty,Online,33,0,3.4,5.3
CUST06810,41,Female,Los Angeles,27522,20,101.5,2030.0,Toys,Online,2,1,4.7,6.8
CUST06811,26,Male,San Antonio,36868,13,72.31,940.03,Beauty,Mobile App,11,3,3.7,5.0
CUST06812,42,Male,Los Angeles,51595,15,54.13,811.95,Automotive,In-Store,29,1,3.1,5.2
CUST06813,46,Female,New York,64520,9,99.7,897.3,Books,Online,65,1,4.4,4.0
CUST06814,47,Male,Philadelphia,44397,17,46.01,782.17,Books,Mobile App,9,3,3.4,5.7
CUST06815,55,Male,San Antonio,156407,11,510.74,5618.14,Home & Garden,Mobile App,77,2,4.0,6.2
CUST06816,39,Male,San Diego,62411,15,82.8,1242.0,Beauty,Mobile App,28,0,4.3,5.4
CUST06817,33,Male,Chicago,54967,5,113.91,569.55,Books,Online,14,1,3.9,3.4
CUST06818,30,Female,San Jose,20000,12,71.27,855.24,Books,Online,17,1,3.4,4.8
CUST06819,36,Female,Dallas,56697,11,74.36,817.96,Clothing,Online,32,2,4.5,4.5
CUST06820,45,Female,Houston,36310,15,23.98,359.7,Automotive,Mobile App,49,0,4.1,4.9
CUST06821,50,Female,San Jose,40593,13,18.83,244.79,Health,Online,30,2,3.5,4.6
CUST06822,30,Female,Chicago,34402,11,27.66,304.26,Electronics,Online,18,1,3.2,4.4
CUST06823,25,Male,New York,27826,13,177.65,2309.45,Toys,Online,39,1,4.4,5.4
CUST06824,45,Non-binary,Philadelphia,46636,19,49.39,938.41,Home & Garden,In-Store,9,2,3.9,6.1
CUST06825,34,Female,Los Angeles,44816,11,161.24,1773.64,Books,Online,16,0,4.5,5.0
CUST06826,37,Non-binary,Houston,47434,16,76.85,1229.6,Books,Mobile App,50,1,3.9,5.4
CUST06827,26,Female,Houston,78284,7,44.14,308.98,Clothing,Online,52,1,3.4,3.4
CUST06828,42,Female,Philadelphia,42769,15,44.38,665.7,Sports,In-Store,38,1,4.6,5.1
CUST06829,36,Female,New York,44524,8,71.54,572.32,Sports,In-Store,64,1,2.9,3.7
CUST06830,55,Female,Houston,79171,11,37.71,414.81,Toys,In-Store,53,3,3.5,4.2
CUST06831,54,Female,Phoenix,63620,9,54.93,494.37,Beauty,In-Store,31,0,5.0,4.0
CUST06832,37,Male,Houston,78381,16,67.4,1078.4,Beauty,In-Store,5,4,3.9,5.7
CUST06833,45,Female,Houston,84788,11,55.17,606.87,Health,Mobile App,25,1,3.6,4.4
CUST06834,56,Female,Los Angeles,60970,15,65.36,980.4,Groceries,Online,51,3,4.0,5.1
CUST06835,41,Male,Houston,33418,11,117.06,1287.66,Health,In-Store,23,1,4.2,4.7
CUST06836,46,Male,Philadelphia,45635,9,48.17,433.53,Beauty,Online,65,1,4.5,3.8
CUST06837,49,Female,Los Angeles,68644,14,124.18,1738.52,Health,In-Store,19,3,3.3,5.5
CUST06838,33,Male,Dallas,70499,9,51.36,462.24,Clothing,In-Store,17,1,3.6,4.1
CUST06839,36,Female,Phoenix,20000,6,164.16,984.96,Toys,Mobile App,6,0,3.9,3.8
CUST06840,43,Female,Los Angeles,60913,12,55.86,670.32,Groceries,In-Store,1,2,4.1,4.8
CUST06841,35,Male,New York,105564,13,33.25,432.25,Clothing,In-Store,93,2,3.7,4.3
CUST06842,60,Male,San Jose,45171,17,36.79,625.43,Health,Online,9,0,3.6,5.6
CUST06843,43,Male,Houston,53823,13,410.1,5331.3,Automotive,Online,34,6,3.1,6.7
CUST06844,31,Male,Philadelphia,145761,13,107.77,1401.01,Books,Online,67,3,3.7,4.9
CUST06845,45,Male,Houston,198983,7,91.86,643.02,Electronics,Mobile App,18,0,4.4,3.8
CUST06846,29,Female,San Jose,71155,11,60.7,667.7,Books,In-Store,39,2,4.6,4.4
CUST06847,39,Female,San Jose,82664,12,209.37,2512.44,Electronics,In-Store,16,2,3.6,5.5
CUST06848,20,Male,Phoenix,35452,9,116.47,1048.23,Beauty,Mobile App,1,1,4.1,4.4
CUST06849,18,Female,San Diego,48848,9,70.47,634.23,Groceries,In-Store,8,2,3.8,4.2
CUST06850,43,Female,New York,31887,14,89.22,1249.08,Automotive,Mobile App,5,0,4.5,5.4
CUST06851,26,Female,Chicago,20000,12,48.42,581.04,Clothing,Online,1,3,3.3,4.8
CUST06852,44,Female,Houston,22257,14,108.15,1514.1,Beauty,In-Store,8,1,4.1,5.5
CUST06853,39,Female,Los Angeles,163658,16,109.41,1750.56,Books,Online,62,0,3.9,5.6
CUST06854,23,Male,Houston,47613,9,119.7,1077.3,Home & Garden,Mobile App,94,2,4.2,3.9
CUST06855,55,Male,San Antonio,20854,15,182.11,2731.65,Toys,Online,14,2,3.0,6.1
CUST06856,45,Female,Los Angeles,55289,9,42.77,384.93,Toys,In-Store,33,2,3.5,3.9
CUST06857,55,Female,New York,41062,15,78.35,1175.25,Groceries,Online,2,1,3.3,5.5
CUST06858,48,Female,Chicago,93879,7,25.18,176.26,Sports,Online,1,0,3.9,3.7
CUST06859,46,Female,Houston,27615,16,45.73,731.68,Electronics,Online,4,2,3.1,5.5
CUST06860,56,Female,Chicago,178979,10,150.39,1503.9,Home & Garden,Online,33,1,3.1,4.6
CUST06861,54,Male,New York,40621,13,91.44,1188.72,Clothing,Mobile App,1,3,3.4,5.2
CUST06862,31,Male,Phoenix,47818,15,75.44,1131.6,Sports,Online,60,1,3.9,5.2
CUST06863,47,Male,Dallas,26605,14,39.02,546.28,Sports,Online,14,1,3.3,5.0
CUST06864,49,Non-binary,New York,59785,14,123.85,1733.9,Groceries,In-Store,3,1,3.8,5.6
CUST06865,41,Male,Philadelphia,40659,16,121.52,1944.32,Electronics,In-Store,56,1,3.4,5.7
CUST06866,57,Male,San Antonio,39861,14,64.73,906.22,Beauty,In-Store,6,0,4.0,5.2
CUST06867,37,Female,Los Angeles,97787,23,33.74,776.02,Automotive,Online,32,3,4.3,6.6
CUST06868,36,Male,Philadelphia,33069,7,88.7,620.9,Books,Mobile App,31,1,4.3,3.7
CUST06869,31,Male,San Jose,59978,12,52.84,634.08,Sports,Online,8,5,3.2,4.7
CUST06870,18,Female,Houston,73753,15,74.29,1114.35,Health,In-Store,33,0,3.8,5.3
CUST06871,32,Female,Houston,180154,12,80.7,968.4,Toys,Online,47,2,3.7,4.6
CUST06872,46,Male,Chicago,73635,6,41.78,250.68,Sports,Mobile App,12,1,3.5,3.5
CUST06873,36,Non-binary,San Jose,66081,16,36.83,589.28,Electronics,In-Store,31,0,4.3,5.3
CUST06874,33,Female,San Antonio,140464,9,60.91,548.19,Clothing,In-Store,7,1,3.8,4.2
CUST06875,18,Female,Los Angeles,36361,5,50.37,251.85,Electronics,In-Store,311,1,3.2,1.4
CUST06876,63,Male,Philadelphia,76204,11,119.61,1315.71,Health,Online,2,2,4.0,4.9
CUST06877,38,Female,San Jose,36304,10,619.04,6190.4,Groceries,Online,39,1,4.1,6.6
CUST06878,33,Female,Houston,63167,9,415.77,3741.93,Toys,Online,27,1,3.4,5.4
CUST06879,18,Male,San Jose,67807,10,24.24,242.4,Books,In-Store,60,1,3.6,3.9
CUST06880,38,Female,San Jose,84835,13,24.78,322.14,Beauty,Online,91,0,3.8,4.3
CUST06881,27,Female,Los Angeles,50541,16,74.41,1190.56,Health,Online,13,1,4.6,5.6
CUST06882,43,Female,Dallas,45470,8,68.79,550.32,Home & Garden,In-Store,69,1,3.7,3.6
CUST06883,47,Male,San Jose,24928,15,19.87,298.05,Home & Garden,In-Store,1,2,3.2,5.2
CUST06884,24,Male,Phoenix,75776,14,72.95,1021.3,Groceries,Online,5,2,4.2,5.3
CUST06885,32,Male,Chicago,79885,12,110.13,1321.56,Automotive,In-Store,22,1,4.1,4.9
CUST06886,50,Male,Houston,162302,10,111.37,1113.7,Home & Garden,Mobile App,23,0,4.7,4.5
CUST06887,51,Female,Dallas,110582,11,46.93,516.23,Health,Online,79,3,2.9,4.1
CUST06888,22,Male,Houston,52293,14,59.02,826.28,Toys,Online,1,2,4.7,5.2
CUST06889,51,Female,Dallas,28982,12,88.95,1067.4,Books,Online,2,1,4.1,5.0
CUST06890,44,Female,New York,49282,15,88.0,1320.0,Automotive,Online,22,2,3.1,5.5
CUST06891,47,Female,Phoenix,56854,12,82.59,991.08,Groceries,Online,1,3,3.3,4.9
CUST06892,56,Female,Chicago,113207,6,151.56,909.36,Books,Mobile App,12,2,3.6,3.8
CUST06893,51,Female,Dallas,43922,11,43.91,483.01,Beauty,Online,40,0,4.7,4.3
CUST06894,18,Male,Houston,82062,14,87.65,1227.1,Beauty,Mobile App,94,0,4.3,4.8
CUST06895,41,Male,Philadelphia,140503,13,104.21,1354.73,Groceries,Mobile App,24,4,3.5,5.1
CUST06896,65,Female,Dallas,58680,14,143.3,2006.2,Health,Mobile App,38,2,4.0,5.5
CUST06897,23,Female,San Diego,67308,16,38.77,620.32,Electronics,Online,22,1,4.4,5.4
CUST06898,40,Male,San Jose,102260,8,40.08,320.64,Books,Online,9,0,3.5,3.9
CUST06899,39,Male,San Jose,50151,9,30.61,275.49,Clothing,Mobile App,12,0,2.8,4.0
CUST06900,18,Male,Philadelphia,105959,11,15.89,174.79,Electronics,Online,9,3,4.0,4.4
CUST06901,32,Male,Dallas,31960,9,21.57,194.13,Automotive,Online,59,2,3.2,3.7
CUST06902,32,Male,San Jose,77393,12,104.12,1249.44,Health,Online,13,0,4.9,5.0
CUST06903,57,Male,Dallas,29227,8,173.23,1385.84,Toys,Online,5,1,3.2,4.4
CUST06904,45,Male,Phoenix,46255,12,41.99,503.88,Health,In-Store,2,2,3.5,4.7
CUST06905,45,Female,Dallas,133276,14,38.73,542.22,Books,Online,3,1,3.5,5.1
CUST06906,35,Female,San Jose,45610,17,105.69,1796.73,Health,Online,5,1,5.0,6.1
CUST06907,48,Male,Los Angeles,40679,12,55.91,670.92,Toys,In-Store,9,0,3.9,4.7
CUST06908,49,Female,New York,98714,7,33.0,231.0,Books,In-Store,44,2,2.8,3.5
CUST06909,42,Male,Phoenix,20000,12,230.61,2767.32,Health,Online,18,2,4.5,5.6
CUST06910,30,Male,New York,65162,9,30.55,274.95,Home & Garden,In-Store,67,1,3.1,3.7
CUST06911,30,Male,San Diego,38222,10,98.04,980.4,Clothing,Online,6,1,4.4,4.5
CUST06912,42,Female,Philadelphia,24154,14,103.07,1442.98,Books,Online,64,1,4.1,5.1
CUST06913,32,Male,Philadelphia,57547,18,134.68,2424.24,Clothing,In-Store,56,5,2.7,6.3
CUST06914,40,Female,New York,151762,13,70.8,920.4,Clothing,Online,7,2,4.8,5.0
CUST06915,34,Female,Phoenix,59108,12,32.96,395.52,Health,Mobile App,6,0,4.2,4.7
CUST06916,35,Female,Houston,40056,12,225.56,2706.72,Sports,In-Store,17,3,3.9,5.6
CUST06917,39,Female,Philadelphia,60834,11,108.91,1198.01,Health,Mobile App,1,0,3.9,4.8
CUST06918,31,Non-binary,San Jose,92322,13,135.67,1763.71,Automotive,Online,55,2,3.1,5.1
CUST06919,40,Female,Phoenix,90890,17,96.77,1645.09,Beauty,In-Store,10,4,3.6,6.0
CUST06920,25,Male,Philadelphia,87854,13,59.37,771.81,Books,Online,35,3,4.1,4.8
CUST06921,18,Female,Houston,65428,12,42.01,504.12,Toys,Online,18,1,3.7,4.6
CUST06922,32,Male,Phoenix,88069,8,28.95,231.6,Groceries,In-Store,114,2,4.1,3.2
CUST06923,19,Male,San Diego,20000,14,31.06,434.84,Automotive,In-Store,2,1,3.5,5.0
CUST06924,60,Female,San Diego,51347,14,233.28,3265.92,Clothing,Online,7,1,3.8,6.2
CUST06925,36,Male,Chicago,23447,7,160.18,1121.26,Beauty,Online,8,1,2.9,4.1
CUST06926,52,Female,Houston,95198,17,121.52,2065.84,Automotive,Online,34,3,3.5,6.1
CUST06927,37,Female,San Diego,34993,14,175.75,2460.5,Books,In-Store,39,3,3.9,5.7
CUST06928,39,Female,Phoenix,26479,6,49.91,299.46,Automotive,Mobile App,43,2,4.2,3.3
CUST06929,18,Male,San Antonio,71176,9,172.41,1551.69,Home & Garden,In-Store,35,0,3.7,4.4
CUST06930,22,Male,Houston,30813,8,181.69,1453.52,Books,Mobile App,97,1,3.0,3.8
CUST06931,34,Female,San Antonio,106237,12,42.21,506.52,Home & Garden,Online,74,2,3.9,4.3
CUST06932,18,Male,New York,22877,10,87.55,875.5,Clothing,Online,42,1,3.0,4.3
CUST06933,34,Male,Chicago,43422,19,31.36,595.84,Toys,In-Store,10,2,3.3,5.9
CUST06934,47,Male,Philadelphia,20234,8,39.08,312.64,Clothing,Mobile App,72,1,3.4,3.5
CUST06935,24,Female,Houston,42077,5,28.82,144.1,Electronics,In-Store,8,1,3.3,3.3
CUST06936,45,Female,Dallas,38508,13,18.1,235.3,Beauty,Online,37,0,4.2,4.6
CUST06937,37,Female,San Diego,77926,9,85.13,766.17,Toys,Online,15,3,3.3,4.2
CUST06938,41,Male,San Diego,42913,6,85.83,514.98,Electronics,Mobile App,64,0,4.2,3.3
CUST06939,64,Male,San Antonio,66190,17,16.1,273.7,Groceries,Online,11,1,3.7,5.4
CUST06940,36,Male,San Antonio,115712,12,39.28,471.36,Home & Garden,Online,11,2,3.1,4.7
CUST06941,35,Female,Houston,153460,16,80.42,1286.72,Health,Online,11,2,3.4,5.7
CUST06942,37,Female,San Jose,35803,17,25.27,429.59,Books,In-Store,13,1,4.1,5.5
CUST06943,32,Female,Houston,28107,3,119.83,359.49,Clothing,In-Store,45,0,4.6,2.8
CUST06944,42,Female,Chicago,58767,14,46.76,654.64,Home & Garden,Online,28,1,3.4,5.0
CUST06945,41,Male,San Antonio,67868,13,129.04,1677.52,Clothing,Online,81,1,4.6,4.9
CUST06946,26,Female,New York,64987,12,173.54,2082.48,Toys,Mobile App,6,1,4.1,5.4
CUST06947,51,Female,San Diego,148750,12,111.48,1337.76,Sports,Online,17,1,4.0,5.0
CUST06948,63,Male,San Diego,39962,9,81.15,730.35,Books,Online,13,0,4.3,4.2
CUST06949,44,Male,Chicago,53578,13,245.21,3187.73,Books,Online,23,2,4.0,5.9
CUST06950,49,Male,Dallas,79115,11,83.92,923.12,Beauty,In-Store,20,2,3.4,4.6
CUST06951,22,Female,Dallas,31268,7,124.35,870.45,Health,Online,86,0,4.0,3.5
CUST06952,51,Female,San Diego,54935,12,55.6,667.2,Beauty,In-Store,62,2,4.0,4.4
CUST06953,45,Female,Houston,88204,17,88.87,1510.79,Sports,Mobile App,56,2,4.0,5.7
CUST06954,44,Female,Chicago,35091,12,59.24,710.88,Health,Online,70,1,4.6,4.4
CUST06955,27,Male,San Diego,29998,10,77.35,773.5,Sports,Mobile App,50,1,4.2,4.2
CUST06956,60,Female,Houston,50088,12,37.8,453.6,Toys,Online,120,2,3.2,4.0
CUST06957,41,Male,San Diego,35485,11,88.23,970.53,Sports,Online,56,3,3.7,4.4
CUST06958,30,Female,New York,87216,9,26.19,235.71,Toys,Online,19,2,3.9,4.0
CUST06959,37,Male,Phoenix,55791,7,32.92,230.44,Health,Online,98,3,2.2,3.1
CUST06960,25,Male,Los Angeles,68722,12,140.8,1689.6,Clothing,Online,6,0,3.4,5.2
CUST06961,47,Male,Houston,55473,8,78.99,631.92,Home & Garden,Online,6,0,4.2,4.0
CUST06962,47,Female,New York,94042,8,130.0,1040.0,Electronics,In-Store,2,1,4.5,4.2
CUST06963,24,Male,New York,39105,9,79.46,715.14,Books,Online,4,2,4.5,4.3
CUST06964,39,Male,Dallas,20000,12,15.9,190.8,Groceries,Online,4,3,4.1,4.6
CUST06965,41,Male,Phoenix,47395,14,34.48,482.72,Beauty,Online,13,0,3.3,5.0
CUST06966,40,Non-binary,Philadelphia,47563,6,203.77,1222.62,Books,Online,14,1,3.9,3.9
CUST06967,28,Male,Chicago,74056,10,104.66,1046.6,Home & Garden,Mobile App,163,0,3.2,3.6
CUST06968,22,Male,San Antonio,95215,11,227.65,2504.15,Books,Mobile App,32,0,4.3,5.2
CUST06969,43,Female,New York,26735,15,200.7,3010.5,Electronics,Online,6,3,3.8,6.3
CUST06970,31,Male,San Jose,66498,10,23.86,238.6,Clothing,Online,7,1,3.7,4.2
CUST06971,47,Female,Phoenix,43512,10,26.11,261.1,Health,Mobile App,41,0,4.2,4.0
CUST06972,43,Female,San Antonio,59079,12,56.58,678.96,Clothing,Online,3,1,4.7,4.8
CUST06973,31,Female,San Jose,120164,13,130.12,1691.56,Automotive,In-Store,16,0,4.5,5.3
CUST06974,24,Female,Philadelphia,41340,11,118.85,1307.35,Clothing,Online,11,1,3.7,4.8
CUST06975,56,Male,Philadelphia,106960,11,215.53,2370.83,Automotive,Online,114,3,3.4,4.6
CUST06976,39,Female,Phoenix,43445,16,97.89,1566.24,Books,Online,6,2,3.9,5.9
CUST06977,18,Male,Phoenix,135420,12,141.0,1692.0,Toys,Online,5,0,3.8,5.2
CUST06978,30,Female,Dallas,42510,11,58.65,645.15,Books,In-Store,7,3,3.0,4.6
CUST06979,22,Female,Phoenix,24664,9,33.42,300.78,Toys,In-Store,1,2,3.0,4.1
CUST06980,18,Male,San Antonio,208041,6,59.39,356.34,Automotive,Mobile App,5,1,3.2,3.6
CUST06981,55,Female,New York,80107,13,152.41,1981.33,Beauty,In-Store,29,0,3.7,5.4
CUST06982,46,Male,Philadelphia,129564,8,46.75,374.0,Health,In-Store,46,0,4.3,3.7
CUST06983,31,Male,San Jose,83094,12,53.86,646.32,Clothing,Online,56,2,3.5,4.4
CUST06984,30,Male,Houston,95469,11,40.55,446.05,Home & Garden,Online,57,0,3.8,4.2
CUST06985,40,Male,Chicago,77037,13,101.0,1313.0,Toys,Online,6,1,5.0,5.2
CUST06986,23,Male,New York,48037,23,42.9,986.7,Beauty,Online,4,4,4.1,6.9
CUST06987,27,Female,Houston,70878,12,85.43,1025.16,Health,In-Store,40,3,3.6,4.7
CUST06988,63,Male,Chicago,44772,13,58.9,765.7,Clothing,Online,14,0,4.3,4.9
CUST06989,24,Male,Houston,51237,14,86.02,1204.28,Clothing,In-Store,19,4,4.3,5.3
CUST06990,37,Male,Phoenix,20000,9,50.83,457.47,Toys,Online,53,1,3.5,3.9
CUST06991,23,Female,Houston,23586,9,26.33,236.97,Automotive,In-Store,12,2,4.0,4.0
CUST06992,22,Male,San Diego,28980,6,288.53,1731.18,Automotive,Online,32,4,2.9,4.0
CUST06993,32,Male,Phoenix,20000,10,93.1,931.0,Sports,Mobile App,256,1,4.3,3.0
CUST06994,32,Male,Philadelphia,20001,8,135.28,1082.24,Health,Online,17,2,3.8,4.2
CUST06995,47,Male,Chicago,106080,10,102.65,1026.5,Home & Garden,In-Store,33,1,3.1,4.4
CUST06996,24,Female,Houston,44490,12,46.17,554.04,Beauty,Mobile App,27,0,4.5,4.6
CUST06997,34,Female,San Antonio,130208,11,51.53,566.83,Books,Online,106,0,4.0,3.9
CUST06998,64,Female,San Diego,67733,17,99.87,1697.79,Toys,Online,5,2,4.1,6.1
CUST06999,42,Male,Houston,36342,15,95.2,1428.0,Beauty,Online,1,1,3.1,5.6
CUST07000,18,Female,New York,31025,7,49.76,348.32,Groceries,Online,30,1,3.7,3.6
CUST07001,18,Male,Phoenix,72996,9,13.63,122.67,Books,In-Store,68,1,3.5,3.6
CUST07002,38,Female,Los Angeles,34538,14,139.9,1958.6,Beauty,Online,81,1,4.5,5.2
CUST07003,18,Female,Dallas,20000,10,83.55,835.5,Automotive,Online,8,1,4.0,4.5
CUST07004,45,Male,Los Angeles,24878,9,75.07,675.63,Toys,In-Store,9,2,3.8,4.2
CUST07005,31,Male,San Jose,29670,9,68.13,613.17,Health,Online,3,1,3.8,4.2
CUST07006,50,Female,Phoenix,27743,4,10,40,Clothing,Mobile App,1,1,3.0,3.1
CUST07007,30,Non-binary,Dallas,88319,7,166.15,1163.05,Books,Online,13,0,3.6,4.1
CUST07008,62,Female,Los Angeles,29039,10,96.45,964.5,Books,Online,124,2,3.6,3.8
CUST07009,54,Female,Chicago,20075,15,28.14,422.1,Home & Garden,In-Store,24,3,3.5,5.1
CUST07010,32,Female,Los Angeles,84481,16,405.21,6483.36,Health,Online,1,2,3.3,8.0
CUST07011,43,Female,San Jose,30103,6,22.49,134.94,Clothing,In-Store,8,1,3.8,3.5
CUST07012,33,Female,New York,38508,12,29.47,353.64,Electronics,Mobile App,63,3,3.1,4.3
CUST07013,40,Female,Los Angeles,102626,14,54.91,768.74,Sports,Mobile App,2,1,3.2,5.2
CUST07014,33,Male,Chicago,29189,14,75.61,1058.54,Health,Mobile App,1,2,3.2,5.3
CUST07015,45,Male,Chicago,69568,13,36.09,469.17,Clothing,In-Store,3,0,4.4,4.9
CUST07016,38,Female,San Jose,59194,8,26.06,208.48,Toys,In-Store,59,0,3.4,3.5
CUST07017,29,Male,New York,22247,10,93.3,933.0,Health,In-Store,94,3,3.0,4.0
CUST07018,37,Male,Los Angeles,108758,9,49.05,441.45,Automotive,Online,49,0,3.9,3.9
CUST07019,46,Male,Houston,40244,11,15.71,172.81,Sports,Online,18,1,3.1,4.3
CUST07020,26,Male,San Antonio,70361,17,161.53,2746.01,Clothing,Online,27,2,3.3,6.4
CUST07021,18,Male,Philadelphia,38301,16,33.87,541.92,Beauty,Online,21,1,4.1,5.3
CUST07022,33,Male,Los Angeles,29273,12,170.06,2040.72,Beauty,Online,8,1,4.2,5.3
CUST07023,30,Male,Phoenix,44307,14,22.84,319.76,Sports,Online,32,1,3.6,4.8
CUST07024,39,Male,Los Angeles,37282,10,19.92,199.2,Clothing,Mobile App,2,0,4.2,4.2
CUST07025,44,Female,San Antonio,61374,17,152.15,2586.55,Beauty,In-Store,1,3,4.2,6.5
CUST07026,63,Male,Philadelphia,67229,12,119.34,1432.08,Beauty,Online,11,2,4.7,5.1
CUST07027,42,Female,San Antonio,130788,10,26.09,260.9,Home & Garden,In-Store,30,3,3.2,4.1
CUST07028,27,Male,Phoenix,114401,10,100.55,1005.5,Clothing,In-Store,51,0,5.0,4.3
CUST07029,51,Female,Chicago,43327,15,84.55,1268.25,Health,In-Store,22,1,4.1,5.4
CUST07030,44,Male,San Jose,74245,13,144.18,1874.34,Health,Online,28,2,4.0,5.3
CUST07031,39,Male,San Antonio,147021,11,110.81,1218.91,Sports,In-Store,5,0,4.8,4.8
CUST07032,40,Female,Los Angeles,37560,10,133.12,1331.2,Electronics,Online,10,1,3.6,4.7
CUST07033,64,Male,San Antonio,91131,11,16.71,183.81,Books,In-Store,7,2,4.3,4.4
CUST07034,44,Male,New York,50258,14,35.27,493.78,Automotive,In-Store,36,1,3.2,4.9
CUST07035,23,Male,Phoenix,69466,14,26.01,364.14,Groceries,Mobile App,55,1,3.7,4.7
CUST07036,45,Male,Dallas,20000,5,51.32,256.6,Groceries,Online,47,0,4.3,3.1
CUST07037,18,Female,Chicago,72408,10,219.86,2198.6,Groceries,In-Store,23,2,3.8,5.0
CUST07038,28,Female,San Diego,31468,10,40.92,409.2,Beauty,Mobile App,37,1,3.6,4.1
CUST07039,38,Male,San Antonio,86525,10,63.6,636.0,Health,In-Store,29,1,3.3,4.3
CUST07040,43,Male,Chicago,75948,16,124.87,1997.92,Electronics,In-Store,16,1,4.1,6.0
CUST07041,44,Female,San Diego,72083,17,90.28,1534.76,Health,In-Store,56,0,4.6,5.7
CUST07042,29,Female,New York,59114,10,41.11,411.1,Electronics,Online,23,4,3.5,4.2
CUST07043,26,Male,Philadelphia,51509,10,36.98,369.8,Toys,Online,129,0,3.3,3.5
CUST07044,46,Male,San Diego,20000,9,130.72,1176.48,Electronics,In-Store,76,1,3.1,4.0
CUST07045,30,Male,New York,69368,13,67.96,883.48,Electronics,Mobile App,13,3,4.2,5.0
CUST07046,33,Female,Phoenix,85649,15,127.01,1905.15,Automotive,Online,19,5,3.7,5.7
CUST07047,41,Female,Chicago,89503,12,62.46,749.52,Sports,Mobile App,58,1,4.4,4.5
CUST07048,24,Female,Los Angeles,148349,11,65.14,716.54,Groceries,In-Store,29,0,3.6,4.5
CUST07049,50,Male,Philadelphia,30240,8,114.44,915.52,Groceries,Mobile App,65,1,3.5,3.8
CUST07050,58,Female,Philadelphia,72463,11,36.83,405.13,Automotive,Mobile App,43,1,3.1,4.2
CUST07051,38,Female,New York,80541,12,22.18,266.16,Groceries,Mobile App,75,0,4.5,4.2
CUST07052,28,Female,San Antonio,130803,14,36.11,505.54,Electronics,Mobile App,90,2,3.6,4.5
CUST07053,57,Male,Dallas,107477,12,29.53,354.36,Electronics,Online,37,2,3.0,4.4
CUST07054,43,Female,Chicago,32572,7,74.87,524.09,Sports,Online,3,1,3.5,3.8
CUST07055,31,Female,Phoenix,27447,13,98.43,1279.59,Toys,Online,6,1,4.0,5.2
CUST07056,18,Female,San Antonio,69966,13,156.54,2035.02,Health,Mobile App,26,4,3.5,5.4
CUST07057,34,Male,San Jose,66965,10,85.68,856.8,Electronics,Online,23,1,2.9,4.4
CUST07058,44,Male,Dallas,45284,14,61.76,864.64,Health,In-Store,16,1,4.2,5.1
CUST07059,41,Male,Phoenix,54228,16,112.99,1807.84,Home & Garden,Online,9,1,3.1,5.9
CUST07060,60,Female,Philadelphia,54397,13,40.79,530.27,Beauty,Online,15,2,2.7,4.8
CUST07061,33,Male,Dallas,45160,12,56.0,672.0,Automotive,Online,44,2,3.4,4.5
CUST07062,39,Female,Dallas,102410,6,296.11,1776.66,Toys,In-Store,159,0,4.5,3.2
CUST07063,55,Male,San Antonio,68282,17,100.67,1711.39,Health,In-Store,50,0,3.7,5.8
CUST07064,43,Male,Houston,40604,12,43.71,524.52,Books,In-Store,104,0,5.0,4.1
CUST07065,25,Male,Chicago,38584,4,44.76,179.04,Groceries,Mobile App,108,0,4.4,2.5
CUST07066,56,Male,Los Angeles,51952,13,78.55,1021.15,Clothing,In-Store,52,0,3.3,4.8
CUST07067,38,Female,Dallas,28628,8,151.45,1211.6,Books,Online,37,0,4.2,4.1
CUST07068,38,Male,San Jose,46782,11,42.76,470.36,Sports,In-Store,11,3,3.2,4.5
CUST07069,21,Male,Los Angeles,51686,13,30.99,402.87,Health,In-Store,19,2,3.5,4.7
CUST07070,24,Male,New York,72994,14,263.36,3687.04,Home & Garden,Online,18,1,3.4,6.3
CUST07071,33,Female,Phoenix,102144,12,42.24,506.88,Automotive,In-Store,14,6,3.0,4.6
CUST07072,33,Non-binary,Philadelphia,36602,9,198.66,1787.94,Home & Garden,In-Store,24,0,4.7,4.6
CUST07073,19,Female,San Jose,76452,8,48.94,391.52,Sports,Online,2,1,4.4,4.0
CUST07074,41,Female,Los Angeles,74374,14,67.39,943.46,Sports,Online,44,1,4.8,5.0
CUST07075,29,Female,New York,29564,14,63.66,891.24,Beauty,Online,16,2,4.6,5.2
CUST07076,32,Male,Dallas,20000,8,106.0,848.0,Home & Garden,In-Store,37,0,4.8,3.9
CUST07077,51,Female,San Antonio,63011,11,35.96,395.56,Toys,Online,41,1,4.5,4.3
CUST07078,44,Male,San Jose,50424,16,59.97,959.52,Beauty,In-Store,23,3,3.3,5.5
CUST07079,18,Male,San Antonio,43929,13,116.11,1509.43,Toys,Online,3,1,3.4,5.3
CUST07080,53,Female,Dallas,28565,7,83.45,584.15,Automotive,Online,31,0,3.5,3.7
CUST07081,42,Female,San Antonio,53250,16,78.36,1253.76,Beauty,Online,143,3,3.0,4.9
CUST07082,59,Female,San Jose,21089,13,68.63,892.19,Groceries,Online,17,1,4.5,5.0
CUST07083,48,Female,Dallas,149866,12,111.86,1342.32,Groceries,Mobile App,28,1,3.3,4.9
CUST07084,45,Male,Chicago,51535,12,49.54,594.48,Automotive,Mobile App,1,0,4.2,4.8
CUST07085,42,Female,Los Angeles,45873,13,92.25,1199.25,Automotive,Online,26,0,3.6,5.0
CUST07086,75,Male,Houston,98340,17,58.56,995.52,Electronics,Online,1,2,3.7,5.8
CUST07087,32,Female,Philadelphia,104317,9,148.21,1333.89,Books,In-Store,32,0,3.8,4.4
CUST07088,43,Male,San Antonio,128160,10,153.44,1534.4,Toys,Mobile App,36,1,4.3,4.6
CUST07089,49,Female,Dallas,98699,15,84.11,1261.65,Electronics,In-Store,5,2,3.7,5.6
CUST07090,41,Male,Philadelphia,20000,10,96.3,963.0,Automotive,Online,42,3,2.6,4.3
CUST07091,33,Non-binary,Phoenix,48563,13,359.84,4677.92,Health,Online,103,2,4.3,6.0
CUST07092,24,Female,Philadelphia,45925,11,22.48,247.28,Groceries,Online,85,2,3.9,3.9
CUST07093,35,Male,Houston,71773,6,61.03,366.18,Clothing,Mobile App,33,0,4.8,3.4
CUST07094,45,Male,Philadelphia,21898,12,46.5,558.0,Beauty,In-Store,7,1,4.7,4.7
CUST07095,38,Male,Dallas,40625,11,169.66,1866.26,Health,Online,51,2,4.3,4.8
CUST07096,39,Female,San Diego,39469,9,45.76,411.84,Sports,Online,77,1,4.0,3.7
CUST07097,18,Female,Phoenix,44138,20,62.07,1241.4,Automotive,Online,11,3,4.3,6.4
CUST07098,57,Female,Chicago,92859,14,92.44,1294.16,Books,Online,45,0,3.9,5.1
CUST07099,18,Female,Los Angeles,51851,13,34.39,447.07,Health,In-Store,1,3,3.1,4.9
CUST07100,48,Male,Philadelphia,20000,9,23.96,215.64,Home & Garden,Online,56,1,3.9,3.7
CUST07101,26,Male,Philadelphia,56533,15,53.33,799.95,Clothing,In-Store,11,1,4.0,5.3
CUST07102,24,Female,San Antonio,31774,9,131.51,1183.59,Sports,Mobile App,34,1,4.6,4.3
CUST07103,27,Female,San Diego,40291,16,143.16,2290.56,Automotive,In-Store,15,0,4.0,6.1
CUST07104,25,Male,New York,75532,17,58.45,993.65,Electronics,In-Store,14,3,3.1,5.7
CUST07105,55,Male,Dallas,160487,16,59.85,957.6,Groceries,Online,46,2,3.9,5.3
CUST07106,34,Male,Houston,63079,15,32.38,485.7,Electronics,Online,5,2,4.0,5.2
CUST07107,43,Female,San Jose,43223,11,39.54,434.94,Toys,In-Store,28,1,3.9,4.4
CUST07108,47,Male,Phoenix,41629,14,37.91,530.74,Groceries,Online,24,4,2.9,4.9
CUST07109,40,Male,Dallas,63198,12,47.53,570.36,Home & Garden,Online,70,0,4.5,4.3
CUST07110,36,Female,Chicago,35241,6,33.33,199.98,Toys,Online,61,1,4.1,3.2
CUST07111,30,Female,San Jose,44707,11,54.56,600.16,Automotive,In-Store,1,1,3.5,4.6
CUST07112,51,Male,New York,61528,18,56.87,1023.66,Clothing,Mobile App,13,5,4.2,5.9
CUST07113,42,Female,New York,54395,16,131.57,2105.12,Sports,Online,1,1,3.6,6.1
CUST07114,49,Male,Phoenix,29330,8,50.32,402.56,Automotive,Online,24,0,5.0,3.8
CUST07115,54,Female,Philadelphia,62391,5,106.86,534.3,Home & Garden,Online,22,2,3.0,3.4
CUST07116,64,Male,Dallas,41964,13,122.52,1592.76,Books,Online,8,0,3.9,5.3
CUST07117,50,Female,Los Angeles,65400,11,60.67,667.37,Beauty,Online,2,2,3.9,4.6
CUST07118,26,Male,New York,80996,15,26.85,402.75,Beauty,Online,4,0,4.3,5.2
CUST07119,44,Male,San Antonio,78114,10,58.77,587.7,Electronics,In-Store,45,0,4.1,4.1
CUST07120,18,Male,Phoenix,25867,13,77.55,1008.15,Books,In-Store,90,2,3.4,4.6
CUST07121,54,Male,Chicago,115927,14,30.36,425.04,Electronics,In-Store,6,2,3.3,5.0
CUST07122,38,Female,San Antonio,47300,11,52.44,576.84,Sports,In-Store,33,1,3.4,4.4
CUST07123,18,Male,San Jose,34971,11,15.79,173.69,Groceries,In-Store,20,2,3.5,4.3
CUST07124,58,Female,Philadelphia,46444,12,86.77,1041.24,Books,Online,22,3,3.9,4.8
CUST07125,34,Female,Chicago,118389,6,101.97,611.82,Automotive,Online,120,0,4.5,3.0
CUST07126,28,Male,Los Angeles,33565,22,218.43,4805.46,Beauty,Mobile App,16,2,4.4,8.2
CUST07127,25,Female,Houston,83843,6,45.58,273.48,Automotive,Online,120,1,2.8,2.8
CUST07128,45,Male,San Diego,20000,11,71.88,790.68,Toys,Online,1,1,4.0,4.7
CUST07129,48,Male,Chicago,110568,5,45.97,229.85,Clothing,Mobile App,74,0,4.6,2.9
CUST07130,38,Male,San Antonio,74428,8,25.39,203.12,Sports,Online,10,1,4.0,3.8
CUST07131,35,Female,San Antonio,29573,11,13.82,152.02,Toys,In-Store,12,1,3.8,4.3
CUST07132,38,Male,San Antonio,122668,15,37.24,558.6,Electronics,Online,2,2,3.7,5.3
CUST07133,31,Female,New York,84901,4,107.24,428.96,Toys,Mobile App,365,0,3.7,1.0
CUST07134,43,Male,San Jose,39231,11,150.79,1658.69,Health,Mobile App,8,1,3.8,5.0
CUST07135,43,Female,Los Angeles,82293,15,32.65,489.75,Toys,Online,43,3,3.7,5.0
CUST07136,56,Male,Chicago,20000,10,110.62,1106.2,Health,In-Store,65,1,4.2,4.2
CUST07137,41,Male,Los Angeles,20000,16,39.11,625.76,Sports,In-Store,9,2,4.3,5.4
CUST07138,43,Male,Houston,67063,15,125.0,1875.0,Clothing,Online,21,3,3.4,5.7
CUST07139,21,Male,Dallas,35136,21,13.99,293.79,Groceries,In-Store,3,3,3.5,6.2
CUST07140,18,Female,Houston,101969,18,73.09,1315.62,Automotive,In-Store,35,1,3.5,5.9
CUST07141,27,Male,San Jose,81640,15,132.11,1981.65,Toys,Online,5,2,3.8,5.9
CUST07142,32,Male,Philadelphia,41389,14,48.5,679.0,Books,In-Store,16,0,4.0,5.1
CUST07143,51,Female,New York,20000,19,69.4,1318.6,Toys,Online,5,3,3.6,6.3
CUST07144,28,Male,San Jose,21723,11,45.66,502.26,Sports,In-Store,5,0,2.8,4.5
CUST07145,46,Female,Phoenix,63682,22,29.49,648.78,Home & Garden,Mobile App,7,5,3.0,6.5
CUST07146,56,Male,San Diego,29518,12,25.62,307.44,Toys,Online,3,0,3.5,4.6
CUST07147,71,Female,San Jose,86704,13,113.05,1469.65,Groceries,Mobile App,106,0,4.4,4.7
CUST07148,54,Female,San Jose,56007,9,60.3,542.7,Sports,In-Store,35,1,3.9,4.0
CUST07149,29,Female,New York,22468,12,80.02,960.24,Toys,Online,10,5,4.3,4.9
CUST07150,38,Female,Houston,20000,6,99.04,594.24,Sports,Mobile App,74,1,3.2,3.3
CUST07151,41,Male,Philadelphia,111913,16,29.16,466.56,Health,Online,35,1,3.8,5.2
CUST07152,37,Male,New York,75175,13,41.45,538.85,Electronics,Online,30,2,3.5,4.7
CUST07153,21,Female,Phoenix,54425,13,60.79,790.27,Toys,Online,15,2,2.8,4.9
CUST07154,55,Male,Phoenix,61247,15,72.45,1086.75,Health,Mobile App,1,1,3.6,5.5
CUST07155,61,Male,Los Angeles,60554,8,50.36,402.88,Sports,In-Store,11,3,3.1,3.9
CUST07156,54,Female,Chicago,74495,7,19.2,134.4,Beauty,Mobile App,38,0,3.7,3.5
CUST07157,58,Male,Dallas,39444,12,48.98,587.76,Beauty,Online,16,1,4.5,4.7
CUST07158,23,Male,Philadelphia,61168,15,31.29,469.35,Sports,In-Store,17,1,3.7,5.1
CUST07159,27,Female,San Diego,20000,12,96.85,1162.2,Sports,Online,54,2,3.2,4.7
CUST07160,49,Female,Philadelphia,46842,10,86.65,866.5,Toys,Online,16,1,3.8,4.4
CUST07161,39,Female,Chicago,45875,11,50.93,560.23,Home & Garden,Mobile App,102,3,4.2,3.9
CUST07162,39,Female,Philadelphia,67907,18,68.86,1239.48,Beauty,In-Store,3,4,3.3,6.1
CUST07163,24,Female,San Jose,97578,19,201.08,3820.52,Beauty,Online,19,3,3.3,7.3
CUST07164,34,Female,San Diego,31505,12,146.71,1760.52,Beauty,Mobile App,27,1,2.7,5.1
CUST07165,52,Male,San Antonio,93031,16,23.3,372.8,Books,Online,24,2,3.5,5.2
CUST07166,53,Female,Dallas,42798,10,91.45,914.5,Sports,In-Store,18,1,4.2,4.4
CUST07167,24,Male,Houston,53456,17,155.63,2645.71,Books,Online,3,0,3.0,6.5
CUST07168,28,Male,Phoenix,51367,23,28.36,652.28,Toys,Online,4,2,3.9,6.7
CUST07169,29,Male,Los Angeles,43492,8,91.94,735.52,Sports,Online,15,0,3.8,4.0
CUST07170,44,Female,San Diego,32242,10,37.16,371.6,Clothing,Online,92,2,4.0,3.7
CUST07171,50,Non-binary,San Jose,20000,13,365.69,4753.97,Toys,In-Store,22,3,4.3,6.6
CUST07172,28,Female,Houston,77071,8,221.6,1772.8,Sports,Online,35,0,3.1,4.3
CUST07173,34,Male,Philadelphia,62154,10,66.35,663.5,Health,Online,1,0,4.3,4.4
CUST07174,34,Male,Houston,80517,14,161.55,2261.7,Toys,Mobile App,1,3,3.5,5.8
CUST07175,28,Male,San Antonio,54395,18,85.37,1536.66,Electronics,Online,20,3,4.3,6.1
CUST07176,25,Male,San Jose,20000,12,80.25,963.0,Books,Online,90,1,3.9,4.4
CUST07177,40,Male,Philadelphia,34311,8,103.48,827.84,Health,In-Store,58,1,3.1,3.8
CUST07178,50,Female,New York,24704,15,48.53,727.95,Clothing,Online,14,3,2.6,5.3
CUST07179,50,Male,San Antonio,75699,13,103.73,1348.49,Toys,In-Store,30,1,3.1,5.1
CUST07180,41,Female,San Jose,58764,13,104.87,1363.31,Electronics,Online,71,0,3.6,4.8
CUST07181,50,Male,San Jose,50614,20,41.53,830.6,Groceries,Mobile App,14,2,4.3,6.2
CUST07182,26,Male,Los Angeles,55524,10,110.04,1100.4,Books,Mobile App,9,1,3.6,4.6
CUST07183,56,Male,Philadelphia,35034,14,43.04,602.56,Health,Mobile App,53,0,3.9,4.8
CUST07184,18,Male,Dallas,40641,10,69.74,697.4,Health,Online,27,0,4.2,4.3
CUST07185,32,Male,Houston,62745,8,40.29,322.32,Beauty,Mobile App,7,3,3.1,3.9
CUST07186,61,Female,San Diego,27049,7,107.6,753.2,Home & Garden,Online,31,1,3.8,3.8
CUST07187,42,Female,Philadelphia,96199,11,33.07,363.77,Automotive,In-Store,13,0,4.3,4.4
CUST07188,36,Male,New York,37206,12,56.98,683.76,Toys,Online,13,1,4.0,4.7
CUST07189,40,Female,Houston,46609,12,110.05,1320.6,Sports,In-Store,43,2,2.9,4.8
CUST07190,33,Female,Houston,29292,16,16.64,266.24,Beauty,Mobile App,24,3,4.5,5.2
CUST07191,37,Female,San Jose,98234,14,74.02,1036.28,Electronics,Online,7,1,3.7,5.3
CUST07192,54,Male,San Jose,88340,14,24.74,346.36,Toys,Mobile App,3,2,3.0,5.0
CUST07193,35,Male,San Diego,62405,10,58.36,583.6,Sports,Mobile App,1,1,3.0,4.4
CUST07194,47,Male,San Antonio,49062,13,36.85,479.05,Home & Garden,Online,1,2,3.6,4.9
CUST07195,53,Female,San Jose,90844,9,251.06,2259.54,Books,Online,29,1,4.5,4.8
CUST07196,37,Female,Los Angeles,39156,9,143.73,1293.57,Sports,In-Store,21,0,4.9,4.4
CUST07197,52,Male,New York,68198,16,71.33,1141.28,Electronics,Mobile App,5,0,4.2,5.7
CUST07198,36,Female,Houston,39181,12,67.66,811.92,Beauty,In-Store,2,2,4.4,4.9
CUST07199,37,Male,Philadelphia,101437,10,36.73,367.3,Automotive,Mobile App,35,2,3.6,4.1
CUST07200,63,Male,New York,40570,14,195.9,2742.6,Automotive,Online,40,0,4.3,5.8
CUST07201,30,Female,Chicago,37914,6,35.67,214.02,Books,Online,123,2,2.2,2.8
CUST07202,19,Female,San Jose,115178,12,52.22,626.64,Sports,In-Store,8,0,4.2,4.7
CUST07203,58,Female,Chicago,72005,9,23.78,214.02,Automotive,Mobile App,10,3,3.9,4.0
CUST07204,31,Female,San Antonio,26067,11,40.73,448.03,Health,Online,101,2,3.3,3.9
CUST07205,44,Female,Chicago,36782,13,33.49,435.37,Home & Garden,In-Store,4,1,5.0,4.9
CUST07206,43,Male,Phoenix,94364,17,206.04,3502.68,Groceries,Online,16,3,3.7,6.8
CUST07207,49,Male,San Antonio,48096,17,45.42,772.14,Clothing,Mobile App,1,3,4.0,5.7
CUST07208,38,Female,Dallas,68464,12,162.22,1946.64,Health,Mobile App,27,1,5.0,5.2
CUST07209,24,Male,Philadelphia,56556,10,77.23,772.3,Health,Mobile App,45,0,3.3,4.2
CUST07210,40,Male,Philadelphia,181788,7,34.43,241.01,Toys,Mobile App,17,1,3.4,3.6
CUST07211,23,Female,Phoenix,30175,8,48.37,386.96,Books,Mobile App,24,1,4.4,3.8
CUST07212,25,Female,Chicago,35467,10,111.74,1117.4,Beauty,In-Store,1,2,3.4,4.6
CUST07213,29,Male,Phoenix,90109,11,42.3,465.3,Clothing,Online,8,0,4.7,4.5
CUST07214,43,Male,Dallas,74904,13,73.93,961.09,Beauty,Online,15,0,4.1,5.0
CUST07215,26,Male,San Diego,77261,15,47.68,715.2,Home & Garden,In-Store,7,1,3.5,5.3
CUST07216,31,Male,Philadelphia,23312,17,97.33,1654.61,Groceries,Online,44,1,3.0,5.8
CUST07217,31,Female,Dallas,95411,16,222.26,3556.16,Clothing,In-Store,2,1,4.9,6.7
CUST07218,43,Male,San Antonio,54455,9,11.91,107.19,Automotive,Online,1,3,3.4,4.0
CUST07219,40,Male,Phoenix,28680,10,165.17,1651.7,Toys,Mobile App,27,1,4.2,4.7
CUST07220,31,Male,Chicago,52566,11,60.15,661.65,Groceries,Online,14,2,3.1,4.5
CUST07221,36,Male,Dallas,60680,18,61.16,1100.88,Home & Garden,Online,1,1,3.9,6.0
CUST07222,28,Male,New York,46914,18,77.17,1389.06,Clothing,Online,2,1,3.3,6.2
CUST07223,39,Male,Dallas,88157,10,176.1,1761.0,Home & Garden,Mobile App,14,1,2.3,4.8
CUST07224,36,Male,New York,57458,19,78.74,1496.06,Automotive,Online,35,0,4.5,6.2
CUST07225,31,Female,Phoenix,26762,11,73.85,812.35,Toys,Mobile App,118,0,3.8,3.9
CUST07226,30,Male,San Jose,98263,9,123.79,1114.11,Electronics,Mobile App,3,1,4.2,4.4
CUST07227,26,Female,San Diego,55391,11,68.79,756.69,Books,Online,7,1,3.5,4.6
CUST07228,54,Female,San Diego,153331,10,92.54,925.4,Books,Online,8,0,3.8,4.5
CUST07229,39,Female,New York,65170,13,89.9,1168.7,Toys,Online,20,1,3.5,5.1
CUST07230,48,Female,Los Angeles,33990,9,85.34,768.06,Books,Online,32,0,3.7,4.1
CUST07231,23,Male,Chicago,63004,8,82.27,658.16,Electronics,Online,31,0,4.1,3.9
CUST07232,38,Female,Dallas,51584,12,95.5,1146.0,Books,In-Store,13,1,3.4,4.9
CUST07233,66,Female,Los Angeles,82779,11,19.31,212.41,Automotive,Online,4,2,3.6,4.4
CUST07234,55,Female,New York,116740,7,100.43,703.01,Home & Garden,Mobile App,79,1,3.4,3.4
CUST07235,22,Female,San Antonio,59082,7,79.28,554.96,Sports,In-Store,75,2,4.1,3.4
CUST07236,33,Female,Phoenix,65761,13,235.96,3067.48,Health,Online,39,1,4.3,5.8
CUST07237,38,Male,San Jose,47141,15,23.21,348.15,Health,Online,25,3,3.0,5.0
CUST07238,34,Male,Houston,93685,13,69.2,899.6,Health,In-Store,15,3,3.1,5.0
CUST07239,36,Male,Phoenix,50986,13,23.42,304.46,Health,Online,16,5,3.2,4.7
CUST07240,42,Female,San Diego,62243,12,93.12,1117.44,Electronics,Online,6,0,4.5,5.0
CUST07241,30,Male,Los Angeles,39017,16,56.43,902.88,Health,Online,91,1,3.8,5.0
CUST07242,32,Male,Dallas,34202,15,110.93,1663.95,Clothing,In-Store,1,0,4.1,5.7
CUST07243,22,Male,San Jose,65096,12,21.73,260.76,Clothing,Online,16,2,4.0,4.5
CUST07244,39,Non-binary,Chicago,35290,8,46.06,368.48,Health,Online,137,1,3.6,3.1
CUST07245,18,Female,San Diego,154592,10,31.74,317.4,Sports,Online,28,1,4.1,4.1
CUST07246,44,Female,Houston,49500,15,75.12,1126.8,Clothing,In-Store,104,1,4.7,4.9
CUST07247,49,Female,San Antonio,76256,11,97.71,1074.81,Groceries,In-Store,84,2,4.1,4.3
CUST07248,65,Male,Chicago,84979,13,20.32,264.16,Books,In-Store,22,3,3.2,4.7
CUST07249,48,Male,Los Angeles,47032,18,222.93,4012.74,Books,In-Store,8,3,3.8,7.2
CUST07250,44,Female,New York,30516,13,65.03,845.39,Automotive,In-Store,43,4,3.2,4.8
CUST07251,18,Male,Phoenix,38690,11,75.64,832.04,Automotive,Online,20,1,3.4,4.6
CUST07252,29,Female,San Jose,48915,7,67.73,474.11,Home & Garden,Online,135,0,4.7,3.0
CUST07253,42,Non-binary,Dallas,60954,13,99.1,1288.3,Home & Garden,In-Store,2,0,4.0,5.2
CUST07254,54,Female,Houston,90204,8,57.61,460.88,Health,In-Store,31,1,3.7,3.8
CUST07255,18,Male,Philadelphia,66533,14,35.56,497.84,Toys,Online,6,3,3.8,5.0
CUST07256,47,Female,Los Angeles,48227,8,117.13,937.04,Toys,Online,68,1,3.6,3.8
CUST07257,30,Female,San Antonio,27223,11,60.49,665.39,Health,Online,1,1,4.3,4.6
CUST07258,36,Female,Philadelphia,69460,9,31.56,284.04,Clothing,Online,14,2,3.7,4.0
CUST07259,37,Male,Los Angeles,67376,18,100.74,1813.32,Sports,Online,22,1,3.9,6.2
CUST07260,29,Female,Los Angeles,27616,16,21.1,337.6,Groceries,Mobile App,1,0,4.1,5.4
CUST07261,27,Male,Los Angeles,128176,16,69.41,1110.56,Health,Online,31,0,3.1,5.5
CUST07262,56,Female,San Jose,76654,16,43.4,694.4,Toys,In-Store,61,0,3.7,5.1
CUST07263,36,Male,Houston,68186,16,92.98,1487.68,Beauty,Mobile App,17,2,4.5,5.8
CUST07264,18,Female,San Diego,49580,8,64.94,519.52,Clothing,Online,92,0,3.0,3.5
CUST07265,19,Female,San Diego,103249,15,90.37,1355.55,Electronics,Online,59,3,3.8,5.3
CUST07266,37,Male,Dallas,28752,14,155.35,2174.9,Toys,Mobile App,6,3,3.0,5.8
CUST07267,31,Female,Phoenix,37415,10,98.37,983.7,Clothing,Online,41,2,4.3,4.3
CUST07268,31,Female,San Antonio,67323,11,38.42,422.62,Electronics,Online,33,1,4.4,4.3
CUST07269,44,Female,Phoenix,37600,16,151.74,2427.84,Automotive,Mobile App,26,2,3.6,6.1
CUST07270,32,Female,Dallas,39674,14,47.92,670.88,Health,Online,12,3,4.0,5.1
CUST07271,52,Male,San Antonio,90437,12,77.89,934.68,Automotive,Online,9,1,3.9,4.9
CUST07272,34,Female,San Diego,67529,17,34.03,578.51,Books,Online,53,2,3.6,5.3
CUST07273,38,Female,San Antonio,28931,13,135.28,1758.64,Electronics,Online,1,2,4.0,5.4
CUST07274,30,Male,Phoenix,67337,8,50.84,406.72,Beauty,Mobile App,39,4,3.4,3.7
CUST07275,36,Female,San Jose,40492,15,47.21,708.15,Toys,In-Store,58,2,3.3,5.0
CUST07276,47,Female,Houston,45073,13,40.08,521.04,Clothing,In-Store,46,1,3.9,4.6
CUST07277,27,Male,Houston,107229,12,22.81,273.72,Electronics,Online,65,1,3.8,4.2
CUST07278,38,Male,San Jose,30085,15,45.17,677.55,Books,In-Store,4,1,4.0,5.3
CUST07279,62,Female,San Diego,128124,13,27.61,358.93,Beauty,Mobile App,20,1,3.6,4.7
CUST07280,57,Non-binary,Phoenix,180049,7,242.66,1698.62,Beauty,Online,114,0,3.5,3.6
CUST07281,53,Male,Dallas,26182,19,12.34,234.46,Sports,Mobile App,14,4,2.7,5.8
CUST07282,41,Female,San Jose,179935,17,103.88,1765.96,Sports,In-Store,20,4,4.2,6.0
CUST07283,34,Non-binary,Houston,32037,14,41.32,578.48,Clothing,In-Store,21,1,4.2,5.0
CUST07284,45,Non-binary,San Antonio,43192,9,59.64,536.76,Electronics,Mobile App,39,3,3.8,4.0
CUST07285,41,Female,Chicago,79478,9,58.41,525.69,Toys,Online,64,0,3.9,3.8
CUST07286,32,Female,San Jose,38568,11,169.78,1867.58,Beauty,Mobile App,43,0,4.4,4.9
CUST07287,51,Female,Phoenix,91773,5,53.66,268.3,Toys,Online,7,0,4.0,3.4
CUST07288,23,Male,Los Angeles,61365,14,58.29,816.06,Electronics,Online,5,2,4.2,5.2
CUST07289,32,Non-binary,San Diego,56916,14,26.89,376.46,Books,Online,52,4,3.6,4.7
CUST07290,31,Male,Phoenix,44426,13,17.6,228.8,Beauty,Online,28,3,2.8,4.6
CUST07291,28,Male,Dallas,70564,12,108.05,1296.6,Health,In-Store,18,2,3.5,5.0
CUST07292,46,Male,San Antonio,53208,9,83.0,747.0,Health,Online,22,0,3.9,4.2
CUST07293,35,Female,Phoenix,64886,14,33.59,470.26,Electronics,In-Store,29,1,4.1,4.9
CUST07294,37,Female,San Jose,46419,12,116.75,1401.0,Automotive,Online,44,1,3.6,4.8
CUST07295,20,Female,Dallas,83932,14,191.01,2674.14,Beauty,In-Store,11,0,4.9,5.9
CUST07296,47,Male,San Antonio,20000,17,52.25,888.25,Books,In-Store,62,0,4.4,5.4
CUST07297,18,Female,Chicago,57309,10,34.35,343.5,Books,Online,108,2,4.4,3.6
CUST07298,39,Female,San Antonio,33702,14,54.75,766.5,Automotive,Online,17,2,4.7,5.1
CUST07299,50,Female,San Diego,30104,6,205.05,1230.3,Toys,Mobile App,25,0,4.3,3.8
CUST07300,31,Male,Philadelphia,31466,10,51.09,510.9,Toys,Online,66,1,4.4,4.0
CUST07301,24,Female,San Jose,113127,8,140.01,1120.08,Health,Mobile App,13,0,5.0,4.2
CUST07302,27,Male,San Antonio,32793,11,347.35,3820.85,Home & Garden,Online,43,1,4.8,5.7
CUST07303,34,Female,San Diego,34463,16,58.41,934.56,Clothing,In-Store,52,1,3.8,5.3
CUST07304,47,Male,San Diego,61853,11,231.75,2549.25,Home & Garden,Mobile App,28,2,3.3,5.3
CUST07305,48,Male,Dallas,64061,13,61.89,804.57,Health,Online,7,1,4.3,5.0
CUST07306,49,Male,New York,66872,12,60.43,725.16,Books,In-Store,17,4,2.7,4.7
CUST07307,23,Female,Chicago,31196,15,64.92,973.8,Sports,Online,4,7,3.1,5.4
CUST07308,55,Male,Houston,50477,12,57.26,687.12,Electronics,In-Store,23,1,4.1,4.7
CUST07309,53,Male,San Jose,34675,18,213.16,3836.88,Home & Garden,Online,124,0,4.0,6.4
CUST07310,46,Male,San Antonio,146715,13,30.76,399.88,Electronics,Mobile App,37,1,3.3,4.6
CUST07311,32,Female,San Antonio,30457,10,148.33,1483.3,Health,Mobile App,36,1,2.9,4.6
CUST07312,40,Male,Houston,56920,12,103.46,1241.52,Electronics,Online,13,2,3.4,5.0
CUST07313,29,Male,Chicago,83668,15,40.23,603.45,Home & Garden,Online,43,2,3.8,5.0
CUST07314,38,Female,San Antonio,95346,11,184.38,2028.18,Beauty,In-Store,10,0,4.8,5.1
CUST07315,18,Female,Los Angeles,20000,7,282.33,1976.31,Groceries,In-Store,133,0,4.2,3.6
CUST07316,50,Male,New York,95561,16,58.26,932.16,Electronics,In-Store,64,2,3.2,5.2
CUST07317,28,Female,Phoenix,162833,15,79.11,1186.65,Sports,In-Store,3,0,4.2,5.5
CUST07318,37,Female,Philadelphia,43362,5,66.17,330.85,Sports,In-Store,12,1,2.8,3.4
CUST07319,49,Female,Philadelphia,145494,15,61.72,925.8,Home & Garden,Online,9,3,3.6,5.4
CUST07320,18,Female,Dallas,51225,10,269.33,2693.3,Electronics,Online,52,3,3.2,5.0
CUST07321,34,Male,Phoenix,42830,18,57.9,1042.2,Groceries,In-Store,3,1,3.5,6.0
CUST07322,44,Male,Houston,37369,9,70.0,630.0,Toys,Online,54,0,4.0,3.9
CUST07323,39,Non-binary,Chicago,67721,15,214.45,3216.75,Beauty,Online,6,0,4.1,6.4
CUST07324,26,Male,Dallas,38697,8,11.48,91.84,Books,In-Store,54,1,3.9,3.5
CUST07325,26,Female,San Diego,76196,18,50.87,915.66,Automotive,Online,72,3,3.7,5.5
CUST07326,74,Female,New York,108649,10,21.45,214.5,Home & Garden,In-Store,44,1,3.9,4.0
CUST07327,38,Female,Chicago,69113,13,34.57,449.41,Clothing,Online,33,1,3.6,4.7
CUST07328,61,Male,San Diego,38116,11,32.3,355.3,Electronics,Mobile App,1,0,4.1,4.5
CUST07329,57,Male,Philadelphia,56206,13,10.31,134.03,Automotive,Online,43,0,4.4,4.5
CUST07330,37,Male,Houston,226925,10,142.37,1423.7,Health,In-Store,56,0,3.9,4.4
CUST07331,20,Female,Dallas,82159,9,13.86,124.74,Toys,In-Store,3,2,4.0,4.0
CUST07332,42,Female,Chicago,49160,13,79.06,1027.78,Automotive,Online,11,1,4.5,5.1
CUST07333,46,Female,Los Angeles,60112,13,64.25,835.25,Sports,Mobile App,29,5,4.4,4.9
CUST07334,36,Female,San Jose,26375,8,124.43,995.44,Beauty,In-Store,87,1,3.4,3.7
CUST07335,42,Male,Los Angeles,72069,8,90.91,727.28,Toys,Mobile App,18,0,3.5,4.0
CUST07336,35,Female,Phoenix,21077,8,265.72,2125.76,Sports,Online,68,0,4.1,4.3
CUST07337,30,Male,Houston,83315,14,134.18,1878.52,Groceries,In-Store,43,2,4.5,5.4
CUST07338,46,Female,San Diego,35655,22,195.21,4294.62,Electronics,Online,16,1,3.8,8.0
CUST07339,18,Male,New York,39006,18,121.32,2183.76,Groceries,In-Store,15,2,3.6,6.4
CUST07340,22,Male,Los Angeles,42616,5,392.61,1963.05,Groceries,Mobile App,192,2,3.9,2.9
CUST07341,56,Male,Chicago,81641,13,37.13,482.69,Electronics,Online,12,3,3.3,4.8
CUST07342,25,Female,Philadelphia,63664,18,49.01,882.18,Sports,Online,25,6,3.6,5.8
CUST07343,27,Male,San Antonio,57164,15,19.07,286.05,Sports,In-Store,80,1,4.6,4.7
CUST07344,53,Female,Los Angeles,33475,8,70.67,565.36,Electronics,Mobile App,30,1,4.1,3.9
CUST07345,72,Male,San Antonio,40846,12,48.66,583.92,Groceries,Mobile App,11,0,4.3,4.7
CUST07346,37,Male,New York,25559,10,41.3,413.0,Clothing,Online,20,1,4.0,4.2
CUST07347,18,Male,San Jose,31564,14,93.35,1306.9,Toys,Online,26,1,3.3,5.3
CUST07348,33,Male,New York,23269,12,122.03,1464.36,Home & Garden,Mobile App,9,1,3.9,5.1
CUST07349,47,Male,San Diego,20000,14,55.78,780.92,Automotive,Mobile App,32,1,4.2,5.0
CUST07350,39,Male,Dallas,50394,17,14.96,254.32,Home & Garden,Online,1,1,3.7,5.5
CUST07351,37,Female,Philadelphia,36814,13,126.02,1638.26,Automotive,Mobile App,14,1,3.3,5.3
CUST07352,43,Male,Houston,83894,10,57.35,573.5,Automotive,Online,6,2,2.9,4.4
CUST07353,39,Female,New York,130030,13,273.05,3549.65,Books,Online,24,2,4.5,6.1
CUST07354,32,Male,Phoenix,20000,8,108.53,868.24,Beauty,Online,44,3,3.1,3.9
CUST07355,33,Female,Houston,36734,10,45.69,456.9,Groceries,Online,27,0,4.2,4.2
CUST07356,31,Male,Dallas,33884,17,75.47,1282.99,Beauty,In-Store,29,1,4.0,5.8
CUST07357,31,Male,San Diego,73708,10,49.29,492.9,Electronics,Online,8,1,4.4,4.3
CUST07358,45,Male,Los Angeles,20000,12,61.81,741.72,Health,Online,24,0,4.6,4.7
CUST07359,39,Female,San Diego,68194,14,46.15,646.1,Groceries,Online,3,2,4.7,5.1
CUST07360,19,Male,Los Angeles,32320,12,28.25,339.0,Health,Online,7,4,3.7,4.6
CUST07361,47,Male,Dallas,27229,10,106.57,1065.7,Groceries,In-Store,16,3,2.4,4.5
CUST07362,39,Female,Chicago,52943,12,167.71,2012.52,Home & Garden,Online,5,1,4.4,5.3
CUST07363,37,Male,San Jose,20000,12,235.14,2821.68,Toys,Mobile App,4,1,4.8,5.7
CUST07364,57,Female,San Jose,60893,10,222.34,2223.4,Home & Garden,In-Store,19,3,1.9,5.0
CUST07365,39,Female,Dallas,20000,14,29.46,412.44,Groceries,In-Store,2,0,4.0,5.0
CUST07366,29,Male,Dallas,67991,18,87.19,1569.42,Beauty,Mobile App,12,2,3.6,6.2
CUST07367,44,Female,Los Angeles,149273,12,78.45,941.4,Books,Mobile App,79,3,3.4,4.4
CUST07368,46,Female,San Diego,77885,14,41.38,579.32,Clothing,Online,56,0,3.5,4.8
CUST07369,32,Male,New York,32285,10,166.03,1660.3,Toys,Online,2,0,4.2,4.9
CUST07370,18,Female,Phoenix,49961,12,61.14,733.68,Clothing,Mobile App,23,2,4.2,4.7
CUST07371,30,Female,Chicago,60494,12,40.71,488.52,Sports,In-Store,36,1,4.6,4.5
CUST07372,41,Male,Houston,150827,9,82.29,740.61,Health,Online,1,2,4.1,4.3
CUST07373,27,Male,Philadelphia,70403,9,118.61,1067.49,Health,Online,19,0,3.9,4.3
CUST07374,46,Female,Houston,60999,9,31.75,285.75,Clothing,Online,25,0,3.6,4.0
CUST07375,23,Female,San Diego,88078,8,58.03,464.24,Toys,Online,4,1,3.3,4.0
CUST07376,37,Female,San Antonio,37433,13,87.04,1131.52,Toys,Online,1,7,2.6,5.2
CUST07377,45,Female,Phoenix,105110,17,10,170,Sports,Online,27,2,3.5,5.3
CUST07378,47,Male,Philadelphia,35099,18,53.08,955.44,Sports,In-Store,32,2,2.9,5.8
CUST07379,26,Male,San Diego,91109,10,26.55,265.5,Groceries,In-Store,42,0,4.1,4.0
CUST07380,36,Female,Philadelphia,118542,13,88.42,1149.46,Toys,Online,56,4,2.9,4.8
CUST07381,46,Female,Phoenix,56619,10,70.69,706.9,Home & Garden,Mobile App,9,0,3.7,4.4
CUST07382,36,Female,New York,43734,12,79.41,952.92,Groceries,In-Store,14,0,4.2,4.8
CUST07383,38,Female,Houston,52514,11,100.98,1110.78,Sports,Mobile App,24,2,3.3,4.7
CUST07384,32,Female,Phoenix,98119,9,47.5,427.5,Groceries,Online,41,1,4.5,3.9
CUST07385,30,Female,San Antonio,62606,10,241.28,2412.8,Electronics,In-Store,31,0,4.2,5.0
CUST07386,40,Female,San Jose,56380,10,74.92,749.2,Sports,Online,44,2,3.4,4.2
CUST07387,18,Male,Philadelphia,34074,13,127.35,1655.55,Toys,Online,10,2,3.1,5.3
CUST07388,42,Male,Phoenix,61637,13,149.92,1948.96,Groceries,Online,6,0,4.1,5.5
CUST07389,57,Female,Chicago,133686,10,60.52,605.2,Groceries,Online,3,1,4.4,4.4
CUST07390,31,Female,New York,121866,13,26.5,344.5,Home & Garden,Online,3,1,3.7,4.8
CUST07391,46,Female,New York,25400,11,28.82,317.02,Health,In-Store,4,3,3.4,4.5
CUST07392,37,Female,Phoenix,150185,4,96.29,385.16,Electronics,Mobile App,99,1,2.9,2.7
CUST07393,38,Female,Chicago,44783,9,124.72,1122.48,Toys,Online,13,1,4.3,4.4
CUST07394,32,Female,Los Angeles,70505,13,154.32,2006.16,Toys,Online,8,2,4.5,5.5
CUST07395,29,Male,Phoenix,88920,16,39.64,634.24,Clothing,Online,50,2,3.5,5.2
CUST07396,41,Female,Philadelphia,28416,10,30.21,302.1,Books,In-Store,1,0,4.0,4.3
CUST07397,25,Female,New York,34465,10,121.71,1217.1,Clothing,In-Store,40,0,3.9,4.4
CUST07398,44,Male,San Jose,24915,14,103.41,1447.74,Home & Garden,Online,20,4,3.5,5.4
CUST07399,57,Male,Dallas,22213,16,157.46,2519.36,Sports,Online,9,3,3.0,6.2
CUST07400,22,Male,Chicago,44489,9,46.47,418.23,Health,In-Store,24,2,3.6,4.0
CUST07401,34,Male,Philadelphia,63291,12,69.39,832.68,Health,Online,10,1,4.2,4.8
CUST07402,54,Male,San Diego,42546,18,37.75,679.5,Toys,In-Store,19,3,3.7,5.7
CUST07403,35,Male,Philadelphia,31031,8,95.39,763.12,Home & Garden,Mobile App,32,0,4.1,3.9
CUST07404,30,Male,Chicago,68632,7,67.34,471.38,Groceries,Online,21,2,2.6,3.7
CUST07405,43,Female,Phoenix,70812,9,181.03,1629.27,Toys,In-Store,82,0,5.0,4.2
CUST07406,49,Male,Philadelphia,20000,12,59.86,718.32,Electronics,Online,27,1,3.8,4.7
CUST07407,47,Male,San Jose,69365,9,58.84,529.56,Health,Online,131,1,3.8,3.4
CUST07408,28,Male,New York,76742,11,159.46,1754.06,Books,Online,63,2,3.9,4.7
CUST07409,44,Male,Los Angeles,25839,10,80.61,806.1,Sports,Online,18,2,4.2,4.4
CUST07410,33,Male,San Diego,65375,12,194.55,2334.6,Home & Garden,Mobile App,25,2,4.6,5.4
CUST07411,32,Female,Philadelphia,20000,9,116.16,1045.44,Sports,In-Store,49,0,3.4,4.1
CUST07412,31,Male,Phoenix,78229,11,83.07,913.77,Groceries,In-Store,52,2,5.0,4.4
CUST07413,47,Male,San Jose,25705,13,56.59,735.67,Toys,In-Store,1,0,3.3,5.0
CUST07414,19,Female,New York,86619,19,57.5,1092.5,Books,Online,3,3,2.9,6.2
CUST07415,23,Male,Phoenix,54073,14,41.62,582.68,Health,Online,18,1,5.0,5.0
CUST07416,35,Male,Houston,37375,18,79.24,1426.32,Health,Online,17,3,3.6,6.1
CUST07417,31,Male,Philadelphia,39103,12,166.95,2003.4,Home & Garden,In-Store,70,2,3.9,4.9
CUST07418,48,Female,Chicago,50847,14,70.72,990.08,Beauty,Online,11,0,3.6,5.2
CUST07419,31,Male,Houston,95944,6,146.96,881.76,Beauty,Online,18,0,4.7,3.7
CUST07420,44,Male,Dallas,43736,16,55.57,889.12,Clothing,Mobile App,85,3,4.6,5.1
CUST07421,51,Male,San Diego,28264,6,178.59,1071.54,Home & Garden,Online,49,0,4.0,3.6
CUST07422,57,Male,Houston,81887,8,55.88,447.04,Electronics,Online,3,0,4.5,4.0
CUST07423,20,Male,Phoenix,29536,12,117.61,1411.32,Clothing,Mobile App,21,1,3.2,5.0
CUST07424,45,Male,San Diego,23820,10,144.69,1446.9,Sports,Online,15,0,4.2,4.7
CUST07425,45,Female,Philadelphia,36148,10,20.07,200.7,Home & Garden,In-Store,60,1,3.6,3.9
CUST07426,18,Male,New York,39151,9,43.45,391.05,Home & Garden,Online,1,1,3.2,4.2
CUST07427,42,Male,Los Angeles,84158,12,121.36,1456.32,Books,Online,21,1,3.3,5.0
CUST07428,67,Male,Chicago,33570,16,235.74,3771.84,Beauty,Online,2,1,4.8,6.8
CUST07429,43,Male,Los Angeles,44841,12,95.09,1141.08,Beauty,Mobile App,52,3,3.0,4.7
CUST07430,41,Male,San Diego,46016,11,38.78,426.58,Electronics,Mobile App,1,5,4.0,4.5
CUST07431,42,Female,Phoenix,46089,17,50.77,863.09,Electronics,Online,5,2,3.9,5.7
CUST07432,42,Male,Phoenix,34480,7,46.19,323.33,Beauty,Online,124,0,4.5,3.0
CUST07433,57,Male,San Jose,39445,13,37.55,488.15,Health,Online,34,1,3.8,4.7
CUST07434,46,Female,Los Angeles,68388,15,99.34,1490.1,Groceries,Online,19,5,4.2,5.6
CUST07435,32,Female,New York,47986,8,66.44,531.52,Toys,In-Store,10,0,3.4,4.0
CUST07436,56,Male,Los Angeles,119494,17,396.13,6734.21,Home & Garden,Mobile App,57,2,3.7,7.9
CUST07437,18,Female,Philadelphia,77670,15,48.27,724.05,Electronics,Online,45,2,3.7,5.1
CUST07438,32,Female,Phoenix,86840,19,72.0,1368.0,Health,Mobile App,9,3,3.2,6.3
CUST07439,36,Female,Los Angeles,91842,9,109.93,989.37,Health,In-Store,7,0,3.7,4.4
CUST07440,57,Male,Philadelphia,93645,8,40.95,327.6,Toys,Mobile App,32,1,3.7,3.8
CUST07441,35,Male,San Diego,52904,12,128.74,1544.88,Clothing,Mobile App,33,0,3.9,5.0
CUST07442,34,Male,Houston,78813,10,12.88,128.8,Groceries,Mobile App,6,3,3.0,4.2
CUST07443,28,Female,Chicago,70138,14,143.85,2013.9,Sports,Online,6,2,3.9,5.7
CUST07444,46,Male,San Antonio,73454,14,13.22,185.08,Clothing,In-Store,18,3,3.7,4.8
CUST07445,21,Male,Los Angeles,42244,10,56.47,564.7,Automotive,In-Store,25,0,4.4,4.3
CUST07446,26,Female,San Antonio,42298,16,82.99,1327.84,Home & Garden,Online,23,3,3.3,5.6
CUST07447,36,Male,New York,70017,13,73.91,960.83,Toys,Online,40,1,3.9,4.9
CUST07448,58,Male,New York,20000,13,36.11,469.43,Sports,Online,1,1,3.2,4.9
CUST07449,26,Male,Dallas,50656,11,102.1,1123.1,Books,In-Store,17,1,4.2,4.7
CUST07450,41,Male,San Antonio,80828,15,50.34,755.1,Health,Online,14,4,3.0,5.3
CUST07451,44,Female,Phoenix,31867,8,120.65,965.2,Home & Garden,In-Store,6,1,4.2,4.2
CUST07452,38,Female,San Antonio,59484,9,24.96,224.64,Electronics,Mobile App,21,0,4.1,4.0
CUST07453,47,Female,San Jose,136867,11,49.28,542.08,Electronics,Online,36,3,3.7,4.3
CUST07454,24,Male,Phoenix,70312,8,84.78,678.24,Books,In-Store,220,2,3.2,2.7
CUST07455,34,Female,Houston,65938,13,24.02,312.26,Health,Online,1,0,4.1,4.8
CUST07456,46,Female,Dallas,59049,11,88.78,976.58,Automotive,In-Store,91,0,2.9,4.2
CUST07457,31,Female,Houston,41503,12,126.36,1516.32,Electronics,Online,3,1,3.4,5.1
CUST07458,47,Non-binary,San Antonio,23092,11,70.59,776.49,Clothing,Online,60,3,3.5,4.3
CUST07459,29,Male,Dallas,111100,11,42.13,463.43,Clothing,Online,88,1,3.3,4.0
CUST07460,40,Female,Dallas,28401,11,30.89,339.79,Beauty,Online,31,0,3.9,4.3
CUST07461,24,Female,Philadelphia,60825,12,161.66,1939.92,Books,Mobile App,14,0,3.9,5.3
CUST07462,44,Male,Philadelphia,47904,17,61.94,1052.98,Electronics,In-Store,22,4,2.7,5.7
CUST07463,36,Male,San Antonio,54069,11,54.28,597.08,Automotive,In-Store,22,4,2.1,4.5
CUST07464,53,Male,San Diego,21076,14,30.52,427.28,Groceries,In-Store,18,0,3.7,4.9
CUST07465,26,Male,Chicago,188664,11,19.17,210.87,Toys,Online,34,0,3.3,4.2
CUST07466,21,Male,Dallas,41627,3,56.25,168.75,Clothing,In-Store,101,1,2.7,2.4
CUST07467,31,Female,Phoenix,49661,10,104.12,1041.2,Toys,Online,33,1,3.0,4.4
CUST07468,42,Male,Houston,35780,17,84.72,1440.24,Beauty,Online,9,2,3.2,6.0
CUST07469,41,Male,Dallas,45801,8,120.5,964.0,Home & Garden,In-Store,50,2,3.0,3.9
CUST07470,50,Female,New York,44236,10,39.53,395.3,Automotive,Online,10,2,3.4,4.3
CUST07471,21,Female,San Jose,61008,14,106.59,1492.26,Toys,Mobile App,10,3,3.8,5.4
CUST07472,34,Female,San Jose,72579,18,149.24,2686.32,Health,In-Store,24,2,3.0,6.6
CUST07473,45,Female,Los Angeles,187430,3,34.82,104.46,Sports,Online,178,1,3.5,1.9
CUST07474,42,Male,Dallas,100879,11,156.65,1723.15,Home & Garden,Online,31,1,4.2,4.9
CUST07475,33,Female,Phoenix,27411,14,54.08,757.12,Books,Online,37,3,3.6,5.0
CUST07476,29,Female,San Antonio,41356,10,195.3,1953.0,Books,In-Store,4,0,4.4,5.0
CUST07477,24,Female,San Diego,110337,11,105.02,1155.22,Beauty,Online,3,1,4.3,4.8
CUST07478,18,Female,San Diego,110367,8,49.07,392.56,Clothing,Online,72,3,2.7,3.5
CUST07479,29,Male,San Antonio,59524,7,66.73,467.11,Electronics,Online,1,1,3.5,3.8
CUST07480,25,Female,Philadelphia,20000,11,273.79,3011.69,Books,Online,77,1,3.6,5.1
CUST07481,37,Male,Los Angeles,27654,9,71.43,642.87,Automotive,Online,6,0,4.1,4.2
CUST07482,31,Female,San Diego,20000,13,75.78,985.14,Home & Garden,In-Store,1,1,3.5,5.1
CUST07483,21,Male,New York,20000,13,59.14,768.82,Groceries,Online,14,1,4.2,4.9
CUST07484,44,Female,Philadelphia,48180,3,133.46,400.38,Books,Online,276,0,4.5,1.4
CUST07485,24,Female,Houston,20000,11,18.97,208.67,Toys,In-Store,12,0,3.6,4.4
CUST07486,54,Female,Houston,77107,10,102.55,1025.5,Electronics,In-Store,44,2,4.3,4.3
CUST07487,34,Male,San Diego,28512,8,25.08,200.64,Automotive,Online,19,0,5.0,3.8
CUST07488,48,Female,Chicago,105311,17,95.55,1624.35,Books,Online,45,3,3.2,5.8
CUST07489,65,Male,San Diego,231294,6,181.29,1087.74,Groceries,Online,12,0,4.1,3.9
CUST07490,47,Male,Phoenix,88252,12,160.75,1929.0,Electronics,Online,1,0,3.9,5.3
CUST07491,39,Male,Phoenix,104519,14,31.55,441.7,Beauty,Online,7,0,3.5,5.0
CUST07492,40,Female,Philadelphia,46573,6,36.08,216.48,Sports,In-Store,4,0,3.8,3.5
CUST07493,67,Male,New York,72010,9,33.34,300.06,Health,In-Store,3,0,4.0,4.1
CUST07494,54,Female,Houston,55602,16,33.79,540.64,Health,Mobile App,40,2,4.5,5.2
CUST07495,38,Male,San Diego,75660,8,50.46,403.68,Home & Garden,In-Store,16,2,2.6,3.9
CUST07496,43,Male,Phoenix,23743,14,66.7,933.8,Books,Online,67,2,3.5,4.8
CUST07497,44,Male,Houston,45512,12,197.26,2367.12,Sports,Online,11,2,3.8,5.5
CUST07498,23,Male,New York,34996,5,65.22,326.1,Electronics,Online,58,0,4.1,3.1
CUST07499,30,Male,Houston,27243,15,16.43,246.45,Beauty,Online,66,4,2.7,4.7
CUST07500,52,Male,Houston,54146,15,77.59,1163.85,Electronics,Online,13,1,4.0,5.5
CUST07501,19,Non-binary,Phoenix,44407,11,114.14,1255.54,Clothing,Online,14,2,2.5,4.8
CUST07502,33,Female,San Antonio,82032,15,132.74,1991.1,Beauty,Mobile App,20,3,3.5,5.8
CUST07503,38,Male,San Antonio,83727,15,28.66,429.9,Groceries,In-Store,75,0,3.8,4.8
CUST07504,19,Female,Houston,27056,16,68.34,1093.44,Beauty,Online,6,0,3.4,5.7
CUST07505,18,Female,San Antonio,71003,9,141.69,1275.21,Groceries,Online,57,0,3.9,4.2
CUST07506,34,Male,Philadelphia,53576,12,14.71,176.52,Books,Online,85,0,3.6,4.1
CUST07507,34,Male,Houston,78817,12,62.97,755.64,Electronics,Online,25,0,4.5,4.7
CUST07508,56,Female,Phoenix,80371,10,74.14,741.4,Electronics,Online,44,2,3.5,4.2
CUST07509,52,Female,San Diego,30435,10,118.08,1180.8,Clothing,Online,57,0,3.6,4.3
CUST07510,44,Male,Philadelphia,20000,9,42.77,384.93,Automotive,In-Store,6,0,3.8,4.1
CUST07511,25,Male,Phoenix,64979,11,116.02,1276.22,Clothing,Mobile App,16,1,4.0,4.8
CUST07512,31,Female,Chicago,47510,9,46.33,416.97,Automotive,Mobile App,2,1,3.7,4.2
CUST07513,33,Male,Los Angeles,54940,10,30.28,302.8,Books,Online,26,1,3.8,4.1
CUST07514,41,Male,Dallas,49593,16,202.59,3241.44,Clothing,Mobile App,15,1,4.0,6.5
CUST07515,45,Male,Chicago,60700,9,136.3,1226.7,Toys,In-Store,96,2,3.7,3.9
CUST07516,45,Male,Phoenix,36723,9,67.62,608.58,Toys,In-Store,3,2,3.9,4.2
CUST07517,41,Male,Dallas,30034,13,20.63,268.19,Books,In-Store,1,0,4.0,4.8
CUST07518,55,Male,Philadelphia,48913,18,42.29,761.22,Groceries,Online,3,3,3.4,5.9
CUST07519,18,Female,Dallas,56978,7,37.01,259.07,Sports,Online,2,0,3.5,3.7
CUST07520,45,Male,Chicago,90330,11,30.17,331.87,Groceries,In-Store,35,0,4.0,4.3
CUST07521,36,Male,Dallas,24550,16,62.01,992.16,Groceries,Online,19,2,3.9,5.5
CUST07522,35,Female,San Antonio,58704,14,61.52,861.28,Home & Garden,In-Store,32,0,4.5,5.0
CUST07523,46,Male,San Diego,75270,11,39.04,429.44,Home & Garden,Online,33,4,3.2,4.3
CUST07524,53,Male,New York,28533,13,163.96,2131.48,Home & Garden,Mobile App,27,3,4.0,5.4
CUST07525,43,Female,Los Angeles,20000,19,66.61,1265.59,Automotive,Online,43,4,3.1,6.0
CUST07526,18,Male,San Antonio,47847,12,29.34,352.08,Health,Mobile App,21,2,3.9,4.5
CUST07527,26,Female,Los Angeles,64356,11,121.15,1332.65,Health,In-Store,19,0,4.1,4.8
CUST07528,37,Female,San Antonio,34552,11,23.42,257.62,Electronics,Online,8,2,3.9,4.4
CUST07529,38,Male,San Diego,23406,7,93.33,653.31,Clothing,Mobile App,64,1,2.9,3.5
CUST07530,21,Female,Los Angeles,44962,18,111.83,2012.94,Clothing,Mobile App,47,2,3.7,6.1
CUST07531,43,Female,San Jose,20000,16,274.25,4388.0,Groceries,In-Store,38,3,3.4,6.9
CUST07532,48,Female,San Antonio,46232,14,80.78,1130.92,Health,Online,88,1,3.3,4.8
CUST07533,18,Male,San Diego,24495,13,11.32,147.16,Books,In-Store,29,1,3.9,4.6
CUST07534,48,Female,Houston,89020,9,142.91,1286.19,Sports,Online,35,1,3.9,4.3
CUST07535,34,Male,Phoenix,53926,11,106.69,1173.59,Clothing,Online,38,1,3.6,4.6
CUST07536,42,Male,Los Angeles,46506,7,149.91,1049.37,Automotive,Online,52,0,3.3,3.8
CUST07537,45,Female,Dallas,51523,18,52.79,950.22,Clothing,Online,48,5,3.7,5.7
CUST07538,29,Female,Philadelphia,54380,11,64.73,712.03,Clothing,In-Store,2,2,2.7,4.6
CUST07539,43,Male,Philadelphia,27331,11,157.85,1736.35,Clothing,Online,7,1,2.3,5.0
CUST07540,42,Female,New York,34780,14,82.18,1150.52,Sports,Online,59,0,2.7,5.0
CUST07541,19,Male,Philadelphia,20000,17,59.14,1005.38,Books,Online,20,2,3.5,5.7
CUST07542,28,Female,New York,40494,9,87.83,790.47,Books,Online,32,2,4.0,4.1
CUST07543,36,Male,Dallas,23391,12,37.69,452.28,Toys,In-Store,12,1,2.9,4.6
CUST07544,45,Male,Houston,60771,12,55.69,668.28,Clothing,Online,45,1,4.2,4.5
CUST07545,41,Female,San Antonio,24578,12,35.42,425.04,Sports,Online,8,0,4.2,4.7
CUST07546,27,Male,Chicago,26288,14,108.02,1512.28,Toys,Online,14,1,4.0,5.4
CUST07547,38,Non-binary,San Jose,32583,13,34.83,452.79,Sports,In-Store,18,2,3.4,4.8
CUST07548,44,Male,Phoenix,92807,13,39.73,516.49,Electronics,Online,13,0,4.5,4.8
CUST07549,44,Female,San Diego,51111,10,35.5,355.0,Sports,Online,39,1,4.2,4.1
CUST07550,41,Female,San Jose,54768,12,145.06,1740.72,Automotive,Online,11,0,4.5,5.2
CUST07551,59,Female,Houston,34815,15,43.65,654.75,Home & Garden,In-Store,42,4,3.5,5.1
CUST07552,45,Female,San Antonio,71440,9,31.06,279.54,Health,Online,32,2,3.8,3.9
CUST07553,26,Male,San Antonio,32684,7,30.23,211.61,Sports,Online,30,0,4.8,3.5
CUST07554,35,Female,New York,96315,15,37.92,568.8,Home & Garden,Online,1,3,3.7,5.3
CUST07555,49,Female,San Diego,78617,12,39.71,476.52,Beauty,Online,31,1,4.0,4.5
CUST07556,47,Male,Dallas,23495,8,95.31,762.48,Electronics,Online,77,2,3.2,3.7
CUST07557,23,Female,San Antonio,83188,8,43.34,346.72,Home & Garden,Online,103,0,4.3,3.3
CUST07558,26,Female,Los Angeles,42030,13,40.06,520.78,Electronics,Mobile App,35,2,4.0,4.7
CUST07559,25,Female,Philadelphia,22501,19,78.66,1494.54,Sports,Online,10,4,4.1,6.3
CUST07560,51,Male,Philadelphia,25894,17,48.25,820.25,Home & Garden,Online,3,0,4.5,5.7
CUST07561,70,Male,Phoenix,31449,7,42.3,296.1,Electronics,Online,1,0,3.7,3.8
CUST07562,32,Male,Dallas,38364,12,54.01,648.12,Books,Online,19,2,3.3,4.7
CUST07563,31,Male,Dallas,25772,11,80.31,883.41,Books,In-Store,60,0,5.0,4.3
CUST07564,65,Female,Dallas,20000,12,46.82,561.84,Health,Online,94,4,3.4,4.2
CUST07565,31,Male,Los Angeles,57572,9,166.65,1499.85,Toys,Online,11,4,3.3,4.6
CUST07566,39,Female,San Antonio,86344,16,41.95,671.2,Clothing,Online,49,0,4.0,5.2
CUST07567,26,Male,San Diego,26068,10,98.13,981.3,Toys,Online,12,2,3.3,4.5
CUST07568,31,Male,San Diego,133768,9,61.35,552.15,Home & Garden,In-Store,37,0,3.7,4.0
CUST07569,50,Male,Phoenix,32904,15,66.1,991.5,Health,Online,37,0,4.5,5.2
CUST07570,41,Male,New York,92041,12,76.79,921.48,Toys,In-Store,12,1,3.3,4.8
CUST07571,62,Male,Los Angeles,69261,10,40.41,404.1,Toys,Online,61,1,4.0,4.0
CUST07572,57,Female,San Antonio,106574,14,50.54,707.56,Electronics,Mobile App,50,2,4.2,4.9
CUST07573,48,Male,New York,54361,13,26.89,349.57,Groceries,Mobile App,8,2,3.2,4.8
CUST07574,39,Male,Phoenix,28571,11,53.08,583.88,Clothing,Mobile App,33,1,4.5,4.4
CUST07575,27,Female,Philadelphia,61410,8,88.74,709.92,Health,Online,31,0,4.3,3.9
CUST07576,32,Male,Houston,57084,14,137.09,1919.26,Home & Garden,In-Store,10,3,3.6,5.6
CUST07577,26,Female,San Jose,27717,15,27.91,418.65,Books,Mobile App,27,1,4.2,5.1
CUST07578,47,Female,Philadelphia,76475,9,423.34,3810.06,Groceries,Online,55,0,4.0,5.3
CUST07579,37,Non-binary,San Diego,31726,14,85.38,1195.32,Electronics,Mobile App,90,0,3.7,4.8
CUST07580,48,Female,Philadelphia,43588,18,144.04,2592.72,Home & Garden,Mobile App,20,3,4.2,6.6
CUST07581,35,Female,New York,48215,16,11.91,190.56,Sports,In-Store,25,1,3.5,5.1
CUST07582,35,Female,San Jose,56475,11,44.52,489.72,Groceries,Online,49,0,4.3,4.2
CUST07583,51,Male,Philadelphia,46904,13,10,130,Home & Garden,In-Store,2,0,4.2,4.7
CUST07584,61,Female,San Jose,96076,16,35.94,575.04,Toys,In-Store,19,0,3.9,5.3
CUST07585,62,Male,Los Angeles,20000,9,36.06,324.54,Toys,Online,166,1,4.0,3.1
CUST07586,42,Female,Phoenix,85962,11,176.23,1938.53,Books,In-Store,41,1,3.0,4.9
CUST07587,29,Male,Dallas,61581,22,74.5,1639.0,Toys,In-Store,14,0,3.6,6.9
CUST07588,21,Male,Houston,35071,12,43.03,516.36,Automotive,Mobile App,21,0,4.4,4.6
CUST07589,45,Female,San Antonio,260318,11,132.34,1455.74,Beauty,Mobile App,12,2,3.9,4.9
CUST07590,21,Male,San Jose,21882,9,104.37,939.33,Groceries,Mobile App,38,1,3.5,4.2
CUST07591,32,Female,San Antonio,72636,10,83.55,835.5,Automotive,Online,20,1,4.0,4.4
CUST07592,18,Male,Los Angeles,20000,8,40.33,322.64,Home & Garden,Online,30,0,4.6,3.8
CUST07593,29,Male,Los Angeles,44167,11,47.0,517.0,Toys,Mobile App,3,2,4.1,4.5
CUST07594,29,Male,New York,31170,15,31.8,477.0,Books,Online,20,6,2.7,5.1
CUST07595,38,Male,Los Angeles,20000,9,140.61,1265.49,Toys,Mobile App,199,1,4.7,3.3
CUST07596,40,Female,San Diego,37876,11,46.72,513.92,Health,Online,39,1,3.9,4.3
CUST07597,67,Female,Los Angeles,84839,15,92.89,1393.35,Books,Online,16,1,4.9,5.5
CUST07598,46,Male,San Jose,45363,18,214.64,3863.52,Automotive,In-Store,5,2,4.2,7.2
CUST07599,36,Female,Philadelphia,89565,17,23.8,404.6,Sports,Online,22,4,3.3,5.4
CUST07600,46,Male,San Jose,40349,11,27.47,302.17,Automotive,In-Store,6,1,4.8,4.4
CUST07601,36,Male,Los Angeles,20000,14,33.26,465.64,Sports,In-Store,40,2,3.6,4.8
CUST07602,35,Female,Philadelphia,61355,10,40.49,404.9,Beauty,Online,38,0,3.4,4.1
CUST07603,28,Female,Houston,58726,11,188.2,2070.2,Health,In-Store,10,1,3.4,5.2
CUST07604,48,Male,Chicago,73256,10,65.45,654.5,Toys,In-Store,17,1,3.3,4.3
CUST07605,36,Non-binary,Dallas,24975,4,41.01,164.04,Books,Online,152,1,3.6,2.2
CUST07606,43,Female,Chicago,72162,17,82.48,1402.16,Beauty,Online,29,0,4.1,5.8
CUST07607,63,Female,New York,68320,18,220.61,3970.98,Beauty,Online,1,2,2.8,7.3
CUST07608,38,Female,San Antonio,76998,16,50.8,812.8,Electronics,Online,14,1,4.5,5.5
CUST07609,18,Female,Los Angeles,77734,6,40.12,240.72,Electronics,Online,86,1,3.5,3.0
CUST07610,59,Male,Los Angeles,20000,10,82.36,823.6,Books,Online,30,1,4.1,4.3
CUST07611,23,Female,Houston,127594,10,51.39,513.9,Automotive,Online,44,2,4.2,4.1
CUST07612,42,Male,San Jose,59417,12,64.13,769.56,Automotive,Online,8,1,2.8,4.8
CUST07613,43,Female,Houston,41894,12,166.26,1995.12,Electronics,Online,15,1,3.3,5.3
CUST07614,33,Female,Dallas,22275,9,253.36,2280.24,Groceries,In-Store,40,2,3.7,4.7
CUST07615,19,Male,Phoenix,106463,17,60.33,1025.61,Books,Mobile App,10,4,3.9,5.8
CUST07616,29,Female,Dallas,70732,20,82.5,1650.0,Books,Online,18,6,3.7,6.5
CUST07617,29,Male,Houston,63144,13,52.13,677.69,Clothing,Online,16,2,4.2,4.9
CUST07618,33,Female,Dallas,76234,13,122.1,1587.3,Clothing,Online,28,4,3.1,5.2
CUST07619,38,Female,San Diego,82180,8,39.66,317.28,Home & Garden,In-Store,13,2,4.2,3.9
CUST07620,56,Male,Philadelphia,41936,17,139.9,2378.3,Beauty,In-Store,15,1,4.7,6.3
CUST07621,21,Male,Chicago,36035,16,43.26,692.16,Groceries,Mobile App,4,1,3.4,5.5
CUST07622,28,Female,Dallas,64798,9,56.05,504.45,Automotive,Online,17,0,3.7,4.1
CUST07623,56,Male,San Antonio,39104,7,115.35,807.45,Home & Garden,In-Store,59,3,2.5,3.6
CUST07624,30,Female,San Antonio,48349,19,21.91,416.29,Sports,Online,22,3,3.8,5.8
CUST07625,20,Male,Houston,47332,12,61.74,740.88,Electronics,Online,1,2,3.5,4.8
CUST07626,24,Male,Los Angeles,50286,8,252.72,2021.76,Books,In-Store,27,0,4.0,4.5
CUST07627,36,Male,Houston,43710,13,37.55,488.15,Beauty,Mobile App,31,1,4.6,4.7
CUST07628,42,Female,Los Angeles,64277,19,36.5,693.5,Books,Mobile App,19,1,3.2,5.9
CUST07629,44,Male,New York,120668,5,250.21,1251.05,Home & Garden,Online,1,0,4.1,3.8
CUST07630,24,Female,Los Angeles,71694,11,108.77,1196.47,Health,In-Store,3,1,2.8,4.8
CUST07631,19,Female,Philadelphia,175436,8,164.6,1316.8,Groceries,In-Store,62,1,3.7,4.0
CUST07632,49,Female,San Antonio,64034,12,44.0,528.0,Toys,Mobile App,2,2,3.5,4.7
CUST07633,23,Male,San Jose,51902,11,50.09,550.99,Home & Garden,Online,9,2,3.0,4.5
CUST07634,43,Male,San Jose,20000,10,61.89,618.9,Health,Online,2,0,4.7,4.4
CUST07635,48,Female,Chicago,95737,14,38.35,536.9,Beauty,Online,81,2,3.4,4.6
CUST07636,58,Female,Phoenix,152744,14,72.87,1020.18,Sports,Online,30,2,4.2,5.1
CUST07637,37,Female,Houston,45694,19,66.64,1266.16,Books,In-Store,3,4,3.9,6.3
CUST07638,46,Female,San Antonio,52758,14,10,140,Automotive,Online,1,0,4.2,4.9
CUST07639,50,Non-binary,Los Angeles,72656,16,143.33,2293.28,Clothing,Online,22,0,3.3,6.1
CUST07640,40,Non-binary,Houston,65947,17,95.78,1628.26,Electronics,Online,10,5,3.5,6.0
CUST07641,40,Male,Dallas,70157,18,88.17,1587.06,Electronics,Online,36,4,4.1,6.0
CUST07642,21,Female,Los Angeles,59016,12,172.26,2067.12,Beauty,Online,29,1,3.4,5.2
CUST07643,40,Male,New York,92157,14,55.11,771.54,Books,In-Store,5,2,4.4,5.2
CUST07644,24,Male,San Diego,36082,13,42.02,546.26,Automotive,Online,1,2,4.0,4.9
CUST07645,37,Female,Chicago,29135,9,130.21,1171.89,Beauty,In-Store,61,0,4.6,4.1
CUST07646,27,Female,New York,46511,5,86.01,430.05,Sports,Mobile App,40,1,4.2,3.2
CUST07647,40,Female,San Diego,48633,7,316.66,2216.62,Groceries,Online,8,0,3.3,4.5
CUST07648,44,Male,San Antonio,39038,16,258.42,4134.72,Books,In-Store,1,2,3.3,7.0
CUST07649,48,Male,Houston,43546,8,103.86,830.88,Beauty,In-Store,34,1,3.5,4.0
CUST07650,43,Male,New York,43379,9,68.39,615.51,Groceries,In-Store,7,2,4.6,4.2
CUST07651,38,Male,San Jose,197332,11,40.62,446.82,Health,In-Store,49,3,3.3,4.2
CUST07652,26,Female,Houston,77193,11,42.71,469.81,Toys,Mobile App,86,2,3.8,4.0
CUST07653,33,Female,Houston,47209,20,59.95,1199.0,Health,Mobile App,1,3,4.0,6.4
CUST07654,71,Non-binary,San Jose,123349,13,47.95,623.35,Beauty,In-Store,1,0,3.7,5.0
CUST07655,22,Male,Chicago,41849,18,27.04,486.72,Sports,In-Store,43,0,3.5,5.5
CUST07656,22,Male,Los Angeles,59105,15,37.58,563.7,Clothing,Online,35,0,3.9,5.1
CUST07657,26,Female,San Antonio,30584,13,46.03,598.39,Toys,Online,16,2,2.9,4.9
CUST07658,33,Female,San Antonio,50150,14,56.05,784.7,Groceries,Mobile App,5,1,4.8,5.2
CUST07659,51,Male,San Diego,39755,10,43.35,433.5,Books,Online,26,0,3.8,4.2
CUST07660,39,Male,Dallas,55644,14,23.3,326.2,Sports,In-Store,43,1,3.9,4.7
CUST07661,43,Male,Houston,121628,14,31.98,447.72,Electronics,In-Store,25,1,3.8,4.9
CUST07662,42,Female,Philadelphia,27813,14,13.99,195.86,Books,Mobile App,74,0,4.4,4.5
CUST07663,43,Male,Dallas,57685,8,92.86,742.88,Groceries,In-Store,1,0,3.8,4.1
CUST07664,18,Male,Phoenix,35133,11,140.99,1550.89,Automotive,Online,23,4,3.0,4.9
CUST07665,32,Male,Chicago,61665,9,127.02,1143.18,Clothing,Online,28,0,4.7,4.3
CUST07666,54,Male,Dallas,20051,9,53.32,479.88,Automotive,Online,15,0,3.9,4.1
CUST07667,37,Male,San Diego,104530,9,92.39,831.51,Home & Garden,In-Store,11,0,4.0,4.3
CUST07668,43,Non-binary,Phoenix,20648,9,38.11,342.99,Automotive,Online,117,1,3.9,3.4
CUST07669,22,Male,San Diego,33312,12,57.54,690.48,Groceries,Online,12,1,4.5,4.7
CUST07670,32,Female,New York,34754,12,65.92,791.04,Automotive,Online,64,1,4.1,4.5
CUST07671,18,Female,Phoenix,50436,10,43.63,436.3,Clothing,Online,1,0,4.9,4.3
CUST07672,40,Female,San Diego,51864,16,80.71,1291.36,Health,In-Store,24,2,3.3,5.6
CUST07673,49,Female,Houston,85504,10,107.17,1071.7,Books,Online,48,2,4.4,4.3
CUST07674,37,Male,Philadelphia,65841,7,116.3,814.1,Beauty,Online,58,2,2.8,3.6
CUST07675,27,Female,New York,30132,21,42.52,892.92,Electronics,Mobile App,19,2,3.2,6.4
CUST07676,39,Female,New York,27499,9,67.38,606.42,Automotive,Online,48,1,3.7,3.9
CUST07677,35,Male,Dallas,70790,21,50.02,1050.42,Sports,In-Store,14,2,3.0,6.5
CUST07678,24,Male,Chicago,60429,15,99.3,1489.5,Home & Garden,In-Store,9,1,3.8,5.6
CUST07679,51,Male,San Antonio,70641,12,58.67,704.04,Electronics,Mobile App,61,1,4.7,4.4
CUST07680,24,Male,Houston,52279,12,94.23,1130.76,Beauty,Online,12,2,2.9,4.9
CUST07681,37,Female,Dallas,51361,17,69.65,1184.05,Home & Garden,Online,40,2,3.5,5.7
CUST07682,40,Female,Phoenix,86039,7,76.29,534.03,Groceries,Mobile App,11,2,3.8,3.8
CUST07683,22,Female,Houston,44951,18,125.17,2253.06,Toys,Online,25,0,4.0,6.4
CUST07684,24,Male,Los Angeles,37454,9,38.11,342.99,Books,In-Store,75,1,3.4,3.7
CUST07685,48,Male,Dallas,68397,16,227.69,3643.04,Electronics,Mobile App,2,1,4.3,6.8
CUST07686,25,Male,San Antonio,37448,13,52.26,679.38,Books,Online,39,0,4.1,4.7
CUST07687,59,Male,San Antonio,36751,8,60.8,486.4,Health,Online,1,2,3.7,4.0
CUST07688,49,Female,Phoenix,70660,18,127.0,2286.0,Electronics,Online,30,2,3.9,6.4
CUST07689,22,Female,Phoenix,40308,17,41.11,698.87,Beauty,Online,14,0,4.2,5.6
CUST07690,36,Male,New York,86215,8,36.1,288.8,Books,Online,30,0,4.1,3.8
CUST07691,39,Male,San Jose,22564,13,285.74,3714.62,Toys,Online,31,4,3.4,6.1
CUST07692,41,Female,Phoenix,28871,19,59.26,1125.94,Sports,In-Store,1,1,3.5,6.2
CUST07693,35,Male,New York,62776,7,47.51,332.57,Clothing,Online,6,1,4.3,3.7
CUST07694,37,Female,San Diego,42482,14,93.07,1302.98,Books,Online,20,1,3.4,5.3
CUST07695,35,Female,San Antonio,43964,10,68.13,681.3,Groceries,In-Store,4,0,3.6,4.4
CUST07696,19,Female,Phoenix,32652,12,27.54,330.48,Clothing,Online,11,1,3.6,4.6
CUST07697,63,Male,New York,40663,10,56.89,568.9,Health,Mobile App,75,0,3.8,3.9
CUST07698,29,Male,San Jose,33821,9,86.67,780.03,Books,Online,24,2,3.5,4.2
CUST07699,45,Female,Houston,52250,12,118.33,1419.96,Clothing,Online,25,1,4.0,5.0
CUST07700,41,Male,Philadelphia,31587,13,33.61,436.93,Beauty,Online,10,0,4.5,4.8
CUST07701,18,Male,Chicago,61750,7,116.4,814.8,Groceries,In-Store,21,0,3.1,3.9
CUST07702,33,Non-binary,New York,30213,13,50.56,657.28,Beauty,In-Store,25,1,4.3,4.8
CUST07703,49,Female,San Diego,49990,13,66.73,867.49,Toys,In-Store,8,1,4.0,5.0
CUST07704,36,Male,Phoenix,31956,20,102.66,2053.2,Electronics,Mobile App,16,1,4.3,6.7
CUST07705,28,Female,Phoenix,41790,15,60.44,906.6,Toys,Mobile App,19,2,4.6,5.3
CUST07706,58,Male,Philadelphia,34528,10,104.39,1043.9,Home & Garden,In-Store,14,2,4.2,4.5
CUST07707,31,Male,Los Angeles,37820,12,64.16,769.92,Clothing,Online,6,1,4.8,4.8
CUST07708,48,Male,Chicago,126898,9,35.05,315.45,Beauty,Online,27,2,3.7,4.0
CUST07709,50,Female,Chicago,41304,19,50.99,968.81,Toys,Online,34,2,4.2,6.0
CUST07710,37,Female,Dallas,69864,12,85.04,1020.48,Groceries,Online,24,3,3.6,4.8
CUST07711,49,Male,San Diego,21750,19,48.8,927.2,Sports,In-Store,14,1,4.0,6.1
CUST07712,33,Male,Houston,40702,13,100.95,1312.35,Electronics,Online,7,0,4.5,5.2
CUST07713,47,Female,Dallas,22611,11,30.82,339.02,Automotive,Online,167,1,4.0,3.4
CUST07714,36,Female,San Diego,32581,16,65.02,1040.32,Clothing,Mobile App,9,2,3.2,5.6
CUST07715,40,Male,Phoenix,53593,15,281.56,4223.4,Groceries,Online,6,3,3.2,6.8
CUST07716,22,Non-binary,Houston,62005,11,33.28,366.08,Beauty,Mobile App,50,3,3.1,4.2
CUST07717,31,Male,Phoenix,89238,8,51.76,414.08,Beauty,In-Store,98,1,3.2,3.4
CUST07718,46,Male,Philadelphia,63516,8,309.26,2474.08,Beauty,In-Store,127,0,4.5,4.1
CUST07719,29,Male,San Diego,55424,6,90.42,542.52,Toys,In-Store,135,0,4.0,2.8
CUST07720,45,Non-binary,Los Angeles,79309,12,77.0,924.0,Clothing,In-Store,14,2,3.5,4.8
CUST07721,18,Female,San Jose,30626,12,99.99,1199.88,Automotive,Online,60,0,3.3,4.7
CUST07722,35,Female,Philadelphia,45906,12,190.02,2280.24,Toys,Online,75,0,3.9,5.0
CUST07723,26,Male,Phoenix,35340,11,104.22,1146.42,Beauty,In-Store,25,2,3.8,4.7
CUST07724,52,Female,Los Angeles,68412,16,61.89,990.24,Books,Online,42,3,4.2,5.4
CUST07725,45,Female,Philadelphia,20000,11,80.73,888.03,Automotive,In-Store,51,1,4.6,4.4
CUST07726,43,Female,New York,90893,8,29.09,232.72,Clothing,Mobile App,84,0,4.5,3.4
CUST07727,18,Female,Chicago,70875,14,50.5,707.0,Groceries,Online,24,1,3.8,5.0
CUST07728,47,Male,San Antonio,40410,12,54.47,653.64,Automotive,In-Store,2,2,3.5,4.8
CUST07729,43,Male,New York,174782,15,14.06,210.9,Automotive,Online,14,2,4.1,5.1
CUST07730,62,Male,Los Angeles,38051,9,68.19,613.71,Groceries,In-Store,160,1,3.7,3.2
CUST07731,38,Female,Dallas,41024,7,91.17,638.19,Health,In-Store,100,0,3.8,3.3
CUST07732,32,Male,San Diego,48991,13,40.63,528.19,Sports,Online,129,0,2.9,4.1
CUST07733,47,Male,Los Angeles,101162,14,103.28,1445.92,Home & Garden,In-Store,63,3,3.0,5.1
CUST07734,30,Female,San Diego,74575,12,51.23,614.76,Health,Mobile App,35,1,4.2,4.6
CUST07735,47,Female,Chicago,34763,12,62.13,745.56,Toys,Online,51,2,3.9,4.5
CUST07736,36,Female,Philadelphia,54383,12,58.99,707.88,Books,Mobile App,90,0,4.0,4.3
CUST07737,36,Female,Houston,44434,18,123.16,2216.88,Home & Garden,In-Store,23,2,4.3,6.4
CUST07738,33,Female,Dallas,45373,9,25.49,229.41,Automotive,In-Store,1,2,3.4,4.1
CUST07739,44,Female,Chicago,55445,16,46.54,744.64,Automotive,Online,4,2,3.6,5.5
CUST07740,18,Female,Dallas,36511,14,121.59,1702.26,Health,In-Store,76,1,3.6,5.1
CUST07741,58,Female,Los Angeles,34125,8,48.02,384.16,Automotive,In-Store,2,3,3.6,4.0
CUST07742,34,Male,Houston,68860,9,93.71,843.39,Health,Online,24,0,4.1,4.2
CUST07743,26,Female,New York,27159,15,88.52,1327.8,Health,Online,3,1,3.3,5.6
CUST07744,45,Male,Houston,56824,17,35.84,609.28,Toys,In-Store,1,2,3.9,5.7
CUST07745,21,Female,San Jose,27245,10,47.69,476.9,Sports,In-Store,14,0,4.5,4.3
CUST07746,45,Male,Phoenix,90920,10,43.9,439.0,Sports,Online,23,0,4.6,4.2
CUST07747,35,Female,New York,71938,10,12.17,121.7,Toys,Online,93,2,3.9,3.6
CUST07748,34,Female,Chicago,65280,6,50.52,303.12,Books,Online,4,0,3.9,3.6
CUST07749,45,Female,Philadelphia,44605,14,82.93,1161.02,Sports,In-Store,14,0,4.7,5.3
CUST07750,40,Male,San Diego,70393,11,41.97,461.67,Beauty,Mobile App,17,0,4.3,4.4
CUST07751,38,Male,San Antonio,31083,11,15.71,172.81,Electronics,Mobile App,29,0,3.5,4.2
CUST07752,40,Female,Houston,67692,12,120.44,1445.28,Beauty,In-Store,4,2,3.4,5.1
CUST07753,49,Female,Houston,47590,20,64.1,1282.0,Health,In-Store,6,2,4.0,6.4
CUST07754,53,Female,San Jose,59060,10,59.25,592.5,Electronics,Online,30,1,4.2,4.2
CUST07755,41,Female,San Jose,33890,11,60.04,660.44,Books,Online,101,0,4.4,4.0
CUST07756,53,Female,San Diego,27442,7,90.28,631.96,Automotive,In-Store,17,0,4.3,3.8
CUST07757,59,Female,San Diego,50071,8,59.27,474.16,Beauty,Online,9,0,3.6,4.0
CUST07758,51,Non-binary,Dallas,33151,9,176.81,1591.29,Clothing,Online,15,1,3.9,4.6
CUST07759,60,Female,Houston,90660,12,78.42,941.04,Sports,In-Store,21,1,3.4,4.8
CUST07760,43,Female,Houston,28746,11,112.3,1235.3,Electronics,Mobile App,22,1,3.5,4.7
CUST07761,30,Female,Los Angeles,31879,15,72.31,1084.65,Toys,Online,59,1,3.1,5.1
CUST07762,38,Male,Houston,62691,5,38.68,193.4,Beauty,In-Store,86,0,4.0,2.8
CUST07763,26,Female,New York,99145,11,248.88,2737.68,Toys,In-Store,3,2,3.6,5.5
CUST07764,45,Male,San Jose,48911,14,202.35,2832.9,Groceries,Online,8,3,3.3,6.0
CUST07765,35,Male,Dallas,52689,10,42.75,427.5,Beauty,Online,117,0,4.5,3.6
CUST07766,47,Male,Houston,59219,12,43.51,522.12,Books,In-Store,5,2,3.4,4.7
CUST07767,46,Female,Chicago,32015,14,27.33,382.62,Automotive,Online,37,1,3.3,4.8
CUST07768,18,Female,Chicago,146509,9,13.64,122.76,Home & Garden,Online,76,0,3.5,3.6
CUST07769,50,Non-binary,Chicago,57016,12,93.49,1121.88,Books,Online,2,2,3.1,5.0
CUST07770,42,Male,Houston,40178,7,32.69,228.83,Beauty,In-Store,54,0,3.6,3.4
CUST07771,47,Female,Los Angeles,52752,10,78.84,788.4,Sports,In-Store,11,1,3.9,4.4
CUST07772,37,Male,San Jose,37754,15,60.59,908.85,Electronics,Online,5,3,3.4,5.4
CUST07773,44,Female,Houston,43133,17,152.25,2588.25,Sports,Online,23,2,3.5,6.4
CUST07774,43,Male,San Antonio,45031,18,36.0,648.0,Health,Online,2,2,3.3,5.8
CUST07775,31,Male,Houston,44395,8,133.47,1067.76,Beauty,Online,86,1,3.2,3.7
CUST07776,40,Male,San Diego,35140,12,122.09,1465.08,Electronics,Mobile App,53,1,3.5,4.8
CUST07777,21,Male,New York,46455,18,85.41,1537.38,Books,Online,4,1,3.6,6.2
CUST07778,21,Male,Houston,63726,11,88.81,976.91,Books,Mobile App,49,2,3.4,4.5
CUST07779,28,Male,Philadelphia,59251,10,170.92,1709.2,Health,Online,9,1,4.5,4.8
CUST07780,42,Male,San Antonio,63971,8,59.23,473.84,Clothing,In-Store,133,1,4.4,3.2
CUST07781,33,Male,San Jose,33122,14,28.49,398.86,Home & Garden,Mobile App,1,3,3.6,5.0
CUST07782,26,Female,Chicago,20000,9,89.56,806.04,Toys,In-Store,5,0,4.4,4.3
CUST07783,42,Female,New York,105435,10,44.18,441.8,Books,Online,60,1,3.5,4.0
CUST07784,43,Male,San Antonio,49578,17,307.87,5233.79,Clothing,Mobile App,33,1,4.3,7.4
CUST07785,22,Male,Chicago,68376,13,98.61,1281.93,Automotive,In-Store,56,2,4.2,4.9
CUST07786,34,Female,New York,20000,15,59.69,895.35,Beauty,Online,24,3,4.0,5.3
CUST07787,47,Male,Dallas,77730,14,43.66,611.24,Beauty,Online,7,0,3.7,5.1
CUST07788,31,Male,Phoenix,88832,10,55.79,557.9,Beauty,Online,28,0,3.7,4.2
CUST07789,18,Female,Philadelphia,60444,10,123.62,1236.2,Health,Online,25,0,3.9,4.5
CUST07790,34,Male,San Antonio,106631,16,57.22,915.52,Home & Garden,In-Store,15,1,3.3,5.5
CUST07791,51,Male,San Diego,66763,13,75.56,982.28,Toys,Online,59,1,4.4,4.7
CUST07792,40,Female,Phoenix,112349,11,53.04,583.44,Home & Garden,Online,12,3,2.8,4.5
CUST07793,29,Male,San Antonio,55936,14,105.42,1475.88,Home & Garden,In-Store,3,0,4.6,5.5
CUST07794,48,Female,Phoenix,70022,12,141.51,1698.12,Books,Online,23,0,3.7,5.1
CUST07795,50,Female,Houston,31312,10,38.22,382.2,Books,In-Store,10,1,4.2,4.3
CUST07796,31,Female,Chicago,32664,14,31.11,435.54,Books,Mobile App,25,0,3.7,4.9
CUST07797,33,Female,Chicago,27810,13,33.6,436.8,Groceries,Online,29,1,4.6,4.7
CUST07798,55,Female,Philadelphia,70834,6,70.78,424.68,Beauty,In-Store,51,0,3.6,3.3
CUST07799,52,Male,San Diego,72665,7,91.59,641.13,Health,Online,18,2,3.9,3.8
CUST07800,30,Female,San Diego,57120,5,175.4,877.0,Electronics,Mobile App,110,0,4.0,3.0
CUST07801,57,Male,Philadelphia,51179,9,63.39,570.51,Clothing,Online,7,0,5.0,4.2
CUST07802,44,Male,San Jose,33518,6,82.0,492.0,Home & Garden,Online,43,3,2.2,3.4
CUST07803,43,Female,San Diego,57607,9,51.93,467.37,Books,In-Store,124,2,3.7,3.4
CUST07804,18,Female,Los Angeles,76626,18,134.0,2412.0,Books,Online,6,2,4.5,6.6
CUST07805,46,Male,Houston,22589,6,85.85,515.1,Home & Garden,In-Store,4,2,3.7,3.7
CUST07806,39,Female,San Jose,76188,14,73.11,1023.54,Clothing,In-Store,10,2,4.1,5.2
CUST07807,52,Male,San Antonio,61822,12,56.04,672.48,Health,Online,9,1,3.0,4.8
CUST07808,53,Male,Philadelphia,57347,23,173.49,3990.27,Home & Garden,Online,16,3,3.3,8.1
CUST07809,30,Male,Chicago,37713,12,46.88,562.56,Books,Online,1,1,3.5,4.8
CUST07810,40,Male,Dallas,32003,10,73.69,736.9,Groceries,Mobile App,48,0,4.1,4.2
CUST07811,44,Female,San Diego,89803,9,29.17,262.53,Toys,In-Store,40,0,3.7,3.9
CUST07812,46,Male,New York,86032,9,91.68,825.12,Beauty,Online,13,0,3.5,4.3
CUST07813,27,Female,San Diego,31539,16,69.2,1107.2,Automotive,In-Store,2,1,3.8,5.7
CUST07814,21,Male,Chicago,27234,13,91.53,1189.89,Automotive,Mobile App,44,1,3.9,4.9
CUST07815,29,Male,Houston,20802,13,48.76,633.88,Groceries,Online,12,1,3.2,4.9
CUST07816,46,Female,New York,20503,13,24.91,323.83,Clothing,Mobile App,2,3,4.1,4.8
CUST07817,48,Male,San Jose,114917,16,23.73,379.68,Automotive,Online,1,1,3.6,5.4
CUST07818,47,Male,San Antonio,39488,14,74.5,1043.0,Books,Online,1,1,2.9,5.3
CUST07819,27,Female,Chicago,47776,11,63.14,694.54,Sports,Online,2,0,4.3,4.6
CUST07820,35,Male,San Jose,42358,9,125.22,1126.98,Books,Mobile App,127,3,3.9,3.7
CUST07821,26,Female,San Antonio,44779,14,34.99,489.86,Sports,Online,38,3,3.9,4.8
CUST07822,29,Female,Phoenix,86683,11,115.13,1266.43,Beauty,Online,158,3,4.3,3.9
CUST07823,37,Male,San Diego,73260,11,141.89,1560.79,Automotive,Online,17,2,4.5,4.9
CUST07824,41,Male,San Diego,20000,12,37.24,446.88,Automotive,Mobile App,100,1,3.3,4.1
CUST07825,28,Male,San Diego,64839,13,159.93,2079.09,Electronics,Mobile App,37,5,3.2,5.3
CUST07826,21,Female,Phoenix,24038,11,30.22,332.42,Books,Online,29,2,3.4,4.3
CUST07827,45,Male,New York,72605,14,99.38,1391.32,Books,Online,59,2,4.0,5.1
CUST07828,29,Female,Dallas,62221,17,69.17,1175.89,Automotive,In-Store,12,1,4.4,5.8
CUST07829,38,Female,Chicago,41464,17,95.45,1622.65,Automotive,Online,11,1,3.4,6.0
CUST07830,47,Male,New York,29694,10,118.41,1184.1,Health,Online,2,1,4.9,4.7
CUST07831,45,Female,Chicago,66859,8,84.67,677.36,Books,In-Store,29,2,4.0,3.9
CUST07832,41,Male,San Antonio,42940,9,46.29,416.61,Sports,Online,9,1,3.7,4.1
CUST07833,43,Male,Philadelphia,48082,12,72.51,870.12,Home & Garden,Mobile App,24,0,4.0,4.7
CUST07834,38,Male,Dallas,45860,8,42.24,337.92,Books,Online,3,1,4.0,3.9
CUST07835,53,Male,San Antonio,39049,12,80.54,966.48,Automotive,In-Store,47,0,4.7,4.6
CUST07836,45,Female,Los Angeles,29019,11,49.76,547.36,Books,Online,32,0,3.3,4.4
CUST07837,51,Non-binary,San Jose,31666,11,105.9,1164.9,Beauty,In-Store,15,0,3.5,4.7
CUST07838,29,Male,San Jose,126952,16,63.14,1010.24,Automotive,Online,7,2,3.9,5.6
CUST07839,25,Male,Chicago,65790,20,37.11,742.2,Sports,Online,9,5,3.4,6.2
CUST07840,21,Female,Houston,87372,17,43.81,744.77,Beauty,In-Store,2,1,3.9,5.7
CUST07841,36,Male,San Antonio,28092,9,148.37,1335.33,Electronics,Online,58,2,3.5,4.2
CUST07842,29,Female,San Jose,59795,19,69.67,1323.73,Automotive,In-Store,25,2,3.4,6.2
CUST07843,43,Female,Dallas,21823,16,47.32,757.12,Toys,Online,46,3,4.1,5.3
CUST07844,18,Female,San Diego,174826,10,40.16,401.6,Electronics,In-Store,22,3,2.8,4.2
CUST07845,45,Female,San Antonio,64459,12,108.33,1299.96,Toys,Mobile App,1,0,3.7,5.1
CUST07846,31,Male,Chicago,20000,12,51.84,622.08,Electronics,Online,52,1,3.4,4.5
CUST07847,51,Female,New York,80134,12,55.22,662.64,Toys,Mobile App,12,3,3.7,4.7
CUST07848,41,Male,Houston,59652,12,25.54,306.48,Home & Garden,Online,101,3,3.6,4.0
CUST07849,32,Female,Philadelphia,61565,11,75.04,825.44,Toys,In-Store,53,2,4.0,4.4
CUST07850,29,Male,Chicago,24940,10,179.38,1793.8,Sports,Online,53,0,2.9,4.6
CUST07851,46,Female,Philadelphia,20000,5,41.9,209.5,Clothing,Online,81,2,2.3,2.9
CUST07852,35,Female,San Jose,46226,5,30.84,154.2,Electronics,Online,31,2,2.8,3.2
CUST07853,23,Male,Los Angeles,110614,11,127.03,1397.33,Toys,In-Store,4,3,2.4,4.9
CUST07854,33,Male,Chicago,20000,17,57.75,981.75,Electronics,Online,3,4,3.4,5.8
CUST07855,37,Male,Phoenix,39474,16,44.82,717.12,Health,Online,2,2,3.9,5.5
CUST07856,59,Female,Houston,22746,12,71.56,858.72,Health,Online,20,2,3.6,4.8
CUST07857,24,Male,Chicago,46429,9,26.6,239.4,Health,Mobile App,45,1,4.1,3.8
CUST07858,31,Male,San Jose,58023,10,75.28,752.8,Health,Online,16,1,4.1,4.4
CUST07859,22,Female,Philadelphia,92995,12,115.98,1391.76,Home & Garden,Mobile App,43,1,3.4,4.8
CUST07860,37,Male,San Jose,27138,8,21.63,173.04,Toys,In-Store,49,2,3.5,3.6
CUST07861,26,Male,Chicago,67704,6,106.35,638.1,Beauty,Online,13,0,4.2,3.7
CUST07862,24,Female,San Jose,56452,10,31.62,316.2,Sports,In-Store,7,0,4.3,4.3
CUST07863,56,Male,Phoenix,146473,6,192.63,1155.78,Clothing,Online,186,0,4.0,2.8
CUST07864,27,Male,Houston,68475,13,104.15,1353.95,Toys,Online,132,0,4.0,4.4
CUST07865,38,Female,Philadelphia,20967,14,39.05,546.7,Clothing,Mobile App,1,3,3.3,5.1
CUST07866,38,Non-binary,Houston,49530,9,84.26,758.34,Toys,Mobile App,13,0,3.9,4.2
CUST07867,44,Non-binary,Houston,71929,11,228.88,2517.68,Toys,In-Store,13,2,4.1,5.3
CUST07868,45,Female,San Antonio,31977,12,71.87,862.44,Health,In-Store,47,1,3.4,4.6
CUST07869,18,Female,San Diego,186438,12,112.04,1344.48,Books,In-Store,20,1,4.6,5.0
CUST07870,34,Female,San Antonio,78744,10,34.81,348.1,Electronics,Mobile App,2,3,2.9,4.3
CUST07871,28,Male,San Diego,20000,10,44.42,444.2,Clothing,Mobile App,71,1,3.7,3.9
CUST07872,46,Male,San Jose,20000,15,39.36,590.4,Electronics,In-Store,4,2,4.1,5.3
CUST07873,35,Female,San Jose,59729,13,118.87,1545.31,Books,In-Store,14,3,3.6,5.3
CUST07874,38,Male,Phoenix,27273,9,35.81,322.29,Health,In-Store,33,1,3.9,3.9
CUST07875,34,Female,Houston,52176,16,96.84,1549.44,Beauty,In-Store,18,1,5.0,5.8
CUST07876,21,Male,New York,139035,13,238.97,3106.61,Beauty,Online,12,1,3.9,5.9
CUST07877,26,Male,New York,57445,12,126.05,1512.6,Health,In-Store,28,1,3.7,5.0
CUST07878,26,Female,Houston,20699,16,17.47,279.52,Groceries,Online,32,2,3.7,5.1
CUST07879,49,Female,Philadelphia,30549,11,125.02,1375.22,Groceries,Mobile App,12,1,3.8,4.9
CUST07880,30,Female,Los Angeles,86484,14,21.2,296.8,Clothing,Mobile App,24,2,2.3,4.8
CUST07881,18,Male,New York,116374,15,29.8,447.0,Automotive,Online,17,0,3.3,5.1
CUST07882,48,Female,Los Angeles,116568,10,58.13,581.3,Automotive,Online,128,2,3.4,3.6
CUST07883,28,Female,Dallas,145015,16,24.0,384.0,Health,In-Store,8,1,4.9,5.3
CUST07884,35,Non-binary,Philadelphia,52585,15,39.58,593.7,Health,Online,22,2,3.6,5.2
CUST07885,32,Male,Houston,66409,8,106.11,848.88,Beauty,Mobile App,18,0,4.1,4.1
CUST07886,18,Male,Dallas,25463,11,216.05,2376.55,Home & Garden,Online,26,1,3.6,5.2
CUST07887,41,Female,Houston,65116,9,43.72,393.48,Sports,In-Store,97,1,2.6,3.6
CUST07888,30,Female,New York,57005,9,299.46,2695.14,Electronics,Mobile App,63,0,4.0,4.7
CUST07889,56,Male,San Antonio,20000,6,25.36,152.16,Sports,Online,38,1,3.3,3.3
CUST07890,45,Female,San Diego,99664,10,28.76,287.6,Groceries,Online,14,1,4.1,4.2
CUST07891,27,Female,Phoenix,51349,13,29.49,383.37,Automotive,Mobile App,2,0,3.7,4.8
CUST07892,32,Female,Dallas,48169,19,53.61,1018.59,Toys,Mobile App,9,1,3.3,6.1
CUST07893,58,Female,Los Angeles,35894,11,153.81,1691.91,Health,Online,4,1,3.5,5.0
CUST07894,26,Male,Phoenix,20578,11,33.1,364.1,Toys,Mobile App,27,1,4.9,4.3
CUST07895,39,Male,Dallas,99308,16,204.38,3270.08,Sports,Online,20,0,3.8,6.5
CUST07896,18,Male,Phoenix,109185,7,128.23,897.61,Groceries,In-Store,34,2,3.7,3.8
CUST07897,41,Female,Los Angeles,43304,13,44.97,584.61,Toys,In-Store,10,0,3.3,4.9
CUST07898,32,Female,San Diego,56925,12,156.8,1881.6,Groceries,Online,47,0,4.0,5.0
CUST07899,40,Male,San Diego,65008,14,109.24,1529.36,Groceries,Online,23,1,3.5,5.4
CUST07900,35,Female,Phoenix,106031,13,54.55,709.15,Beauty,Mobile App,43,1,3.8,4.7
CUST07901,30,Female,Chicago,32928,9,86.96,782.64,Books,Online,98,3,3.5,3.7
CUST07902,33,Female,San Antonio,32240,11,18.47,203.17,Health,Mobile App,27,1,3.2,4.3
CUST07903,38,Female,San Jose,35989,14,147.25,2061.5,Toys,In-Store,24,1,3.6,5.6
CUST07904,45,Female,San Diego,20842,15,132.78,1991.7,Toys,Online,17,0,3.5,5.8
CUST07905,62,Male,Dallas,66734,12,123.75,1485.0,Sports,Mobile App,8,1,3.7,5.1
CUST07906,52,Female,Los Angeles,64276,13,255.64,3323.32,Home & Garden,Online,30,1,3.0,5.9
CUST07907,41,Male,San Jose,33903,10,102.01,1020.1,Groceries,In-Store,23,0,3.4,4.5
CUST07908,46,Female,Houston,85190,15,105.95,1589.25,Books,Mobile App,34,2,3.8,5.5
CUST07909,48,Female,Philadelphia,104788,15,546.77,8201.55,Health,Online,2,1,4.1,8.5
CUST07910,70,Female,Philadelphia,108234,12,62.87,754.44,Clothing,Mobile App,23,1,3.6,4.7
CUST07911,36,Female,Phoenix,22483,6,35.3,211.8,Books,Mobile App,7,0,4.3,3.5
CUST07912,43,Female,New York,20000,9,35.19,316.71,Clothing,Online,83,3,3.3,3.6
CUST07913,23,Male,Dallas,49084,14,46.62,652.68,Sports,In-Store,12,1,4.0,5.1
CUST07914,27,Male,Houston,34833,17,19.55,332.35,Books,In-Store,15,1,4.0,5.4
CUST07915,33,Female,San Antonio,52523,19,31.8,604.2,Clothing,Mobile App,13,3,3.2,5.9
CUST07916,51,Male,Philadelphia,20000,9,31.83,286.47,Books,In-Store,76,0,3.0,3.6
CUST07917,25,Male,Chicago,71896,17,16.43,279.31,Home & Garden,Mobile App,11,2,4.0,5.5
CUST07918,53,Male,San Diego,22961,13,33.05,429.65,Electronics,In-Store,18,1,4.3,4.8
CUST07919,35,Male,Phoenix,94768,14,44.15,618.1,Automotive,Online,5,1,3.5,5.1
CUST07920,39,Male,Houston,102986,10,83.8,838.0,Clothing,Online,34,1,4.1,4.3
CUST07921,54,Male,Chicago,41864,16,106.78,1708.48,Toys,In-Store,9,2,4.0,5.9
CUST07922,50,Male,Houston,130369,7,107.46,752.22,Electronics,Online,3,1,3.5,3.9
CUST07923,47,Male,Chicago,32365,16,103.66,1658.56,Toys,Online,34,3,3.0,5.7
CUST07924,47,Male,Chicago,125177,13,76.3,991.9,Sports,Online,15,1,3.7,5.0
CUST07925,27,Female,Philadelphia,27746,6,23.55,141.3,Books,Online,83,0,4.2,3.0
CUST07926,44,Male,Los Angeles,57783,14,95.01,1330.14,Groceries,In-Store,156,2,3.4,4.5
CUST07927,39,Male,New York,62891,12,60.75,729.0,Toys,In-Store,22,0,4.2,4.7
CUST07928,36,Male,San Diego,79386,13,59.8,777.4,Automotive,In-Store,1,2,2.4,5.0
CUST07929,31,Male,San Antonio,48793,17,35.73,607.41,Books,Online,22,3,3.6,5.5
CUST07930,38,Female,Phoenix,68347,11,57.6,633.6,Beauty,In-Store,8,3,3.2,4.6
CUST07931,32,Female,Dallas,38464,17,24.72,420.24,Books,Online,5,0,4.2,5.5
CUST07932,33,Male,Philadelphia,28411,9,78.83,709.47,Sports,Online,12,0,5.0,4.2
CUST07933,32,Female,Chicago,27628,11,28.34,311.74,Automotive,In-Store,21,0,4.2,4.3
CUST07934,37,Male,Chicago,64433,7,218.36,1528.52,Clothing,Mobile App,8,0,3.7,4.2
CUST07935,44,Female,Dallas,81021,10,257.63,2576.3,Automotive,Online,1,1,3.5,5.3
CUST07936,28,Female,Philadelphia,46460,13,100.82,1310.66,Health,Online,11,3,3.5,5.2
CUST07937,24,Female,San Jose,36881,18,207.39,3733.02,Automotive,In-Store,26,0,4.1,7.0
CUST07938,40,Male,Dallas,44439,12,188.57,2262.84,Groceries,Mobile App,10,0,3.7,5.4
CUST07939,45,Female,Phoenix,121306,15,75.27,1129.05,Toys,Mobile App,19,3,3.0,5.4
CUST07940,37,Male,New York,36399,10,58.74,587.4,Home & Garden,Online,102,1,3.4,3.8
CUST07941,37,Male,Chicago,99189,13,64.81,842.53,Health,In-Store,5,2,4.1,5.0
CUST07942,61,Female,San Diego,39478,10,77.87,778.7,Clothing,In-Store,2,1,4.4,4.5
CUST07943,26,Female,Chicago,81115,13,32.66,424.58,Home & Garden,In-Store,18,3,3.6,4.8
CUST07944,21,Female,Houston,57935,8,130.63,1045.04,Books,Mobile App,108,0,4.0,3.6
CUST07945,34,Female,Phoenix,32720,8,21.55,172.4,Groceries,In-Store,31,2,3.2,3.7
CUST07946,37,Female,San Diego,57561,16,80.8,1292.8,Automotive,Online,23,3,4.4,5.6
CUST07947,41,Male,Dallas,36100,12,83.89,1006.68,Beauty,Online,30,1,4.6,4.8
CUST07948,43,Male,San Diego,41995,15,87.24,1308.6,Books,Mobile App,19,2,3.5,5.5
CUST07949,43,Female,Chicago,88434,10,113.68,1136.8,Electronics,In-Store,29,0,4.0,4.5
CUST07950,34,Female,San Diego,52560,19,22.82,433.58,Automotive,Online,19,2,3.9,5.8
CUST07951,43,Male,Los Angeles,74718,15,73.83,1107.45,Electronics,Online,2,2,5.0,5.5
CUST07952,44,Female,Houston,91109,6,24.13,144.78,Home & Garden,Online,39,0,3.6,3.3
CUST07953,32,Female,Philadelphia,68323,9,152.06,1368.54,Toys,Online,22,1,3.6,4.4
CUST07954,26,Female,Chicago,99642,14,378.58,5300.12,Home & Garden,Mobile App,5,1,4.2,7.1
CUST07955,28,Male,San Diego,50251,20,126.39,2527.8,Toys,In-Store,2,3,3.1,7.0
CUST07956,46,Female,New York,92783,15,20.45,306.75,Sports,Online,35,2,3.2,5.0
CUST07957,51,Male,Philadelphia,59639,17,50.7,861.9,Health,Online,44,3,4.3,5.5
CUST07958,43,Male,Chicago,32103,7,39.0,273.0,Toys,Online,59,2,3.3,3.4
CUST07959,21,Female,Chicago,143491,8,59.93,479.44,Groceries,In-Store,80,1,3.6,3.5
CUST07960,21,Female,San Diego,126482,20,84.8,1696.0,Electronics,Online,39,0,3.8,6.4
CUST07961,37,Male,Phoenix,70562,12,105.58,1266.96,Electronics,In-Store,12,0,3.2,5.0
CUST07962,25,Non-binary,Philadelphia,38015,12,27.68,332.16,Beauty,Online,3,0,3.9,4.6
CUST07963,33,Female,Dallas,34491,12,37.92,455.04,Health,In-Store,1,0,3.3,4.7
CUST07964,29,Female,Houston,92863,8,67.62,540.96,Health,In-Store,42,0,4.5,3.8
CUST07965,40,Female,San Diego,79579,14,44.46,622.44,Electronics,Online,28,0,3.6,5.0
CUST07966,51,Male,San Diego,107583,14,79.3,1110.2,Automotive,In-Store,44,1,3.8,5.1
CUST07967,41,Female,Philadelphia,75757,7,81.37,569.59,Health,Online,27,0,5.0,3.7
CUST07968,31,Female,Phoenix,33015,12,29.39,352.68,Books,Mobile App,5,0,3.7,4.6
CUST07969,36,Male,Dallas,45148,11,66.45,730.95,Books,Mobile App,23,0,4.5,4.5
CUST07970,39,Non-binary,Philadelphia,54252,8,74.63,597.04,Books,In-Store,20,2,3.6,3.9
CUST07971,23,Male,Phoenix,23024,13,40.21,522.73,Automotive,In-Store,12,2,3.6,4.8
CUST07972,27,Female,San Antonio,25733,6,36.33,217.98,Toys,In-Store,9,1,3.9,3.5
CUST07973,35,Male,Chicago,20000,12,238.76,2865.12,Health,Mobile App,20,5,3.4,5.6
CUST07974,18,Female,Chicago,45489,13,154.97,2014.61,Sports,In-Store,26,3,3.2,5.4
CUST07975,48,Male,Dallas,60918,11,94.56,1040.16,Toys,Mobile App,1,2,3.8,4.8
CUST07976,41,Male,New York,118162,11,115.42,1269.62,Books,Mobile App,44,0,5.0,4.6
CUST07977,18,Male,San Jose,73738,12,54.55,654.6,Sports,Mobile App,15,0,4.0,4.7
CUST07978,36,Female,San Jose,76209,12,36.87,442.44,Sports,Mobile App,18,2,3.7,4.6
CUST07979,39,Male,New York,96826,13,41.63,541.19,Toys,Online,15,1,3.8,4.8
CUST07980,30,Female,San Jose,101368,8,105.08,840.64,Beauty,Online,39,2,3.5,3.9
CUST07981,27,Male,New York,53127,7,43.88,307.16,Home & Garden,Mobile App,1,0,3.9,3.8
CUST07982,38,Male,Dallas,73396,11,34.14,375.54,Electronics,In-Store,29,3,3.5,4.3
CUST07983,44,Male,Dallas,85312,13,83.28,1082.64,Toys,Online,14,0,3.6,5.1
CUST07984,34,Female,Chicago,22675,3,35.53,106.59,Automotive,Online,103,0,4.0,2.3
CUST07985,28,Male,Dallas,58613,18,230.38,4146.84,Health,Online,47,2,4.0,7.0
CUST07986,19,Female,Dallas,38745,8,57.44,459.52,Clothing,Online,9,0,5.0,4.0
CUST07987,35,Female,Los Angeles,64944,7,37.37,261.59,Beauty,Mobile App,17,0,3.6,3.6
CUST07988,55,Male,Phoenix,39529,14,71.74,1004.36,Home & Garden,Online,55,0,4.9,5.0
CUST07989,42,Male,Chicago,106773,12,111.01,1332.12,Toys,Online,4,1,3.5,5.1
CUST07990,18,Female,San Diego,47073,10,124.14,1241.4,Clothing,Mobile App,9,1,3.0,4.6
CUST07991,47,Female,Philadelphia,60475,16,288.32,4613.12,Health,Online,9,4,3.6,7.1
CUST07992,43,Female,San Diego,22560,14,63.38,887.32,Health,In-Store,6,2,3.5,5.2
CUST07993,51,Male,San Diego,57712,13,231.09,3004.17,Beauty,In-Store,90,1,3.3,5.4
CUST07994,33,Female,Philadelphia,22376,7,107.56,752.92,Beauty,Online,6,0,2.5,3.9
CUST07995,38,Male,Houston,178904,16,215.27,3444.32,Books,Online,1,1,3.6,6.7
CUST07996,46,Female,Los Angeles,45022,11,185.81,2043.91,Toys,Online,45,0,3.6,4.9
CUST07997,23,Female,Phoenix,116686,16,67.99,1087.84,Clothing,In-Store,6,1,4.4,5.6
CUST07998,24,Female,Chicago,35143,11,64.96,714.56,Beauty,Online,26,3,4.0,4.5
CUST07999,18,Female,Philadelphia,31879,11,30.88,339.68,Groceries,Mobile App,185,0,3.7,3.3
CUST08000,34,Male,San Diego,98943,6,125.05,750.3,Automotive,In-Store,33,1,3.2,3.6
CUST08001,30,Female,Los Angeles,58641,14,87.8,1229.2,Books,In-Store,31,1,3.7,5.2
CUST08002,23,Male,Los Angeles,53150,8,166.87,1334.96,Health,In-Store,3,1,4.3,4.4
CUST08003,39,Male,Phoenix,55158,14,45.85,641.9,Beauty,Online,18,0,4.0,5.0
CUST08004,40,Female,Philadelphia,50007,15,100.32,1504.8,Groceries,Online,2,1,3.8,5.7
CUST08005,56,Male,Chicago,36597,11,380.68,4187.48,Toys,In-Store,6,2,3.5,6.1
CUST08006,36,Female,Phoenix,34218,11,20.35,223.85,Toys,Online,60,3,4.4,4.1
CUST08007,51,Female,Dallas,53363,15,43.88,658.2,Groceries,Online,37,4,2.7,5.1
CUST08008,35,Male,Philadelphia,28556,9,60.27,542.43,Home & Garden,Online,90,0,3.4,3.7
CUST08009,18,Female,Chicago,27498,11,10.82,119.02,Sports,Mobile App,95,1,3.9,3.8
CUST08010,18,Male,Chicago,73046,9,71.64,644.76,Health,Online,41,1,4.3,4.0
CUST08011,29,Female,Houston,145682,13,164.13,2133.69,Sports,In-Store,16,1,4.4,5.5
CUST08012,27,Female,New York,48680,10,61.06,610.6,Health,Online,44,1,3.1,4.2
CUST08013,58,Male,Los Angeles,20412,19,30.0,570.0,Automotive,Mobile App,39,4,3.7,5.8
CUST08014,45,Male,Chicago,133609,17,93.56,1590.52,Beauty,Online,5,1,4.0,6.0
CUST08015,29,Male,San Jose,44202,10,82.18,821.8,Electronics,In-Store,83,0,4.5,4.0
CUST08016,35,Male,San Diego,34163,8,107.9,863.2,Health,Mobile App,2,1,4.2,4.2
CUST08017,26,Male,Houston,41815,15,136.63,2049.45,Groceries,Online,9,0,3.9,5.9
CUST08018,37,Male,Los Angeles,85012,12,99.28,1191.36,Automotive,Mobile App,8,1,3.4,5.0
CUST08019,48,Male,Los Angeles,80982,14,62.95,881.3,Home & Garden,In-Store,29,2,3.8,5.1
CUST08020,53,Female,Houston,20000,13,27.69,359.97,Sports,Mobile App,7,0,3.9,4.8
CUST08021,49,Female,San Diego,78959,9,101.72,915.48,Clothing,Online,25,0,4.3,4.2
CUST08022,39,Female,San Jose,45564,6,46.7,280.2,Books,In-Store,31,0,3.6,3.4
CUST08023,39,Female,San Antonio,114762,6,20.35,122.1,Automotive,Online,36,1,4.1,3.3
CUST08024,29,Male,Houston,52872,15,104.6,1569.0,Sports,Mobile App,15,0,3.3,5.6
CUST08025,54,Male,Los Angeles,39794,13,37.23,483.99,Groceries,Online,45,4,3.2,4.6
CUST08026,66,Male,Los Angeles,50314,12,72.32,867.84,Home & Garden,In-Store,47,0,3.4,4.6
CUST08027,39,Non-binary,New York,27593,8,92.62,740.96,Clothing,Online,23,1,4.1,4.0
CUST08028,24,Female,Dallas,24126,7,89.74,628.18,Electronics,Online,28,2,4.1,3.7
CUST08029,51,Female,San Jose,21334,14,51.06,714.84,Electronics,In-Store,26,2,4.2,5.0
CUST08030,37,Female,Los Angeles,100263,10,13.31,133.1,Health,Online,5,1,3.7,4.2
CUST08031,50,Male,Philadelphia,68565,13,28.23,366.99,Groceries,Online,2,3,4.5,4.8
CUST08032,57,Female,Los Angeles,62250,8,12.78,102.24,Health,Mobile App,62,2,3.6,3.5
CUST08033,45,Male,Chicago,97116,14,57.26,801.64,Clothing,In-Store,10,1,4.0,5.2
CUST08034,37,Male,San Antonio,90126,8,131.33,1050.64,Automotive,In-Store,71,3,2.7,3.8
CUST08035,43,Female,Los Angeles,31886,11,181.6,1997.6,Toys,Mobile App,33,0,4.4,5.0
CUST08036,47,Male,San Antonio,68560,24,85.6,2054.4,Books,Online,6,4,3.0,7.5
CUST08037,40,Non-binary,Los Angeles,40391,13,25.21,327.73,Toys,Online,2,3,3.5,4.8
CUST08038,55,Female,Houston,44440,8,88.34,706.72,Automotive,Mobile App,1,2,2.9,4.1
CUST08039,24,Male,Los Angeles,70774,8,59.16,473.28,Automotive,In-Store,1,0,3.5,4.0
CUST08040,29,Male,New York,54851,16,60.83,973.28,Beauty,Mobile App,3,2,3.5,5.6
CUST08041,18,Male,Houston,20000,9,105.12,946.08,Home & Garden,In-Store,9,1,4.4,4.3
CUST08042,67,Male,Houston,92657,9,20.48,184.32,Sports,Mobile App,14,3,3.3,4.0
CUST08043,39,Male,Philadelphia,51202,13,193.92,2520.96,Books,Online,5,2,3.9,5.7
CUST08044,22,Female,Phoenix,44412,12,31.72,380.64,Automotive,Online,7,1,4.2,4.6
CUST08045,49,Male,New York,20000,7,33.06,231.42,Toys,Online,15,1,3.8,3.6
CUST08046,19,Female,Chicago,30089,9,194.34,1749.06,Beauty,In-Store,45,0,3.6,4.5
CUST08047,37,Female,Chicago,87221,15,21.52,322.8,Home & Garden,Online,41,0,4.4,4.9
CUST08048,26,Male,Houston,62600,6,151.68,910.08,Clothing,Online,50,1,2.8,3.5
CUST08049,36,Female,San Diego,21562,17,17.91,304.47,Automotive,In-Store,10,2,4.0,5.5
CUST08050,51,Male,New York,35759,11,90.53,995.83,Beauty,In-Store,37,1,4.6,4.5
CUST08051,49,Female,San Diego,27492,9,272.62,2453.58,Electronics,Mobile App,12,2,3.8,5.0
CUST08052,18,Female,San Jose,63020,12,112.95,1355.4,Health,Online,22,1,3.9,5.0
CUST08053,41,Female,New York,103199,11,119.04,1309.44,Books,Online,14,2,3.2,4.8
CUST08054,30,Male,New York,48658,12,60.43,725.16,Beauty,In-Store,30,2,4.2,4.6
CUST08055,34,Male,San Jose,64637,10,85.33,853.3,Books,Online,12,2,3.2,4.5
CUST08056,43,Female,Chicago,33364,5,74.45,372.25,Home & Garden,Online,63,2,3.3,3.1
CUST08057,46,Male,New York,30306,9,219.42,1974.78,Toys,Online,9,1,3.6,4.8
CUST08058,36,Female,Dallas,24078,16,31.44,503.04,Electronics,In-Store,1,0,4.0,5.4
CUST08059,48,Female,Los Angeles,86077,15,79.88,1198.2,Sports,In-Store,62,4,3.2,5.2
CUST08060,29,Female,Houston,55454,16,46.76,748.16,Home & Garden,Online,1,2,4.5,5.5
CUST08061,43,Male,New York,90216,14,180.29,2524.06,Books,Online,16,3,3.1,5.8
CUST08062,25,Female,San Diego,40304,9,85.43,768.87,Sports,Online,1,1,3.6,4.3
CUST08063,34,Female,Dallas,40421,12,139.59,1675.08,Automotive,Online,67,2,3.4,4.8
CUST08064,50,Female,Chicago,53441,9,109.31,983.79,Home & Garden,Online,7,0,3.9,4.4
CUST08065,40,Female,New York,52277,7,32.53,227.71,Health,Online,120,1,3.4,3.0
CUST08066,26,Male,Philadelphia,89952,13,115.32,1499.16,Automotive,Mobile App,41,1,3.9,5.1
CUST08067,39,Male,Philadelphia,41177,13,70.85,921.05,Automotive,Mobile App,23,3,3.9,4.9
CUST08068,24,Female,Philadelphia,46447,10,85.38,853.8,Beauty,Mobile App,51,0,3.9,4.2
CUST08069,36,Male,San Jose,49862,12,205.22,2462.64,Clothing,Mobile App,32,0,2.7,5.4
CUST08070,24,Female,New York,20537,8,108.22,865.76,Home & Garden,Mobile App,53,1,3.5,3.9
CUST08071,63,Female,Chicago,30872,13,39.9,518.7,Home & Garden,Online,51,1,3.6,4.6
CUST08072,27,Female,Houston,49561,7,54.31,380.17,Automotive,In-Store,27,0,4.3,3.6
CUST08073,18,Male,San Jose,34800,11,72.36,795.96,Home & Garden,Online,12,0,4.0,4.6
CUST08074,18,Male,New York,62085,11,74.67,821.37,Electronics,Online,41,2,4.2,4.4
CUST08075,29,Male,Phoenix,45943,18,108.36,1950.48,Toys,Online,1,3,4.1,6.4
CUST08076,25,Male,San Antonio,52436,20,13.59,271.8,Sports,In-Store,1,0,3.5,6.0
CUST08077,39,Female,Phoenix,239341,10,90.27,902.7,Clothing,Online,41,1,3.8,4.3
CUST08078,59,Female,Los Angeles,21555,7,37.32,261.24,Groceries,Online,1,0,5.0,3.7
CUST08079,44,Male,San Diego,39981,14,69.6,974.4,Beauty,Online,4,1,3.9,5.3
CUST08080,30,Male,San Diego,30227,8,253.95,2031.6,Toys,Online,24,0,3.8,4.5
CUST08081,34,Male,Philadelphia,80983,16,140.32,2245.12,Automotive,Online,1,5,3.1,6.2
CUST08082,45,Female,Los Angeles,60287,3,209.25,627.75,Sports,Online,115,0,5.0,2.5
CUST08083,18,Male,San Diego,49795,15,173.01,2595.15,Groceries,In-Store,26,0,3.4,6.0
CUST08084,55,Female,Houston,94217,11,167.62,1843.82,Books,Mobile App,1,3,2.6,5.1
CUST08085,33,Male,Dallas,54306,6,94.81,568.86,Books,Online,31,0,4.0,3.5
CUST08086,53,Male,New York,46281,4,89.96,359.84,Home & Garden,Mobile App,20,1,3.7,3.1
CUST08087,28,Male,Dallas,86946,9,49.27,443.43,Health,Online,106,2,3.2,3.5
CUST08088,29,Female,New York,35449,17,16.02,272.34,Beauty,Online,14,1,4.1,5.4
CUST08089,18,Female,Phoenix,31543,16,45.84,733.44,Books,Mobile App,1,2,3.4,5.5
CUST08090,34,Female,Chicago,34116,13,114.7,1491.1,Books,In-Store,17,1,3.7,5.2
CUST08091,30,Male,Dallas,158637,8,53.72,429.76,Sports,Mobile App,26,0,3.9,3.8
CUST08092,22,Female,Houston,32715,11,26.44,290.84,Toys,Online,43,0,4.3,4.2
CUST08093,27,Non-binary,New York,83543,11,26.34,289.74,Home & Garden,Online,92,1,4.7,3.9
CUST08094,57,Female,Phoenix,69811,9,30.6,275.4,Beauty,Online,6,2,3.2,4.1
CUST08095,34,Male,San Jose,20607,12,63.78,765.36,Beauty,In-Store,19,1,3.8,4.7
CUST08096,40,Female,New York,86304,15,226.86,3402.9,Electronics,Online,10,4,4.1,6.4
CUST08097,50,Male,Los Angeles,23598,18,37.25,670.5,Clothing,In-Store,3,0,4.0,5.8
CUST08098,47,Male,Chicago,65560,8,29.71,237.68,Groceries,Online,24,2,3.5,3.8
CUST08099,36,Male,Houston,29716,10,29.78,297.8,Automotive,Online,7,0,3.8,4.3
CUST08100,56,Female,Phoenix,61110,6,91.33,547.98,Groceries,In-Store,51,1,3.4,3.4
CUST08101,34,Female,San Diego,20000,15,62.79,941.85,Home & Garden,Online,14,0,4.7,5.4
CUST08102,35,Female,Dallas,27949,10,70.9,709.0,Beauty,In-Store,244,1,3.8,2.9
CUST08103,49,Female,San Jose,80438,11,48.21,530.31,Beauty,Mobile App,1,2,3.9,4.6
CUST08104,18,Female,New York,111467,14,58.61,820.54,Health,Online,74,2,3.1,4.8
CUST08105,39,Male,San Jose,94527,11,50.48,555.28,Health,Online,14,0,3.9,4.5
CUST08106,41,Female,Philadelphia,93749,12,174.85,2098.2,Electronics,In-Store,6,0,3.8,5.4
CUST08107,51,Male,San Antonio,54446,13,152.22,1978.86,Sports,Mobile App,28,3,3.7,5.4
CUST08108,39,Female,New York,37561,9,46.88,421.92,Home & Garden,Online,51,2,4.5,3.9
CUST08109,25,Female,Phoenix,48542,12,115.67,1388.04,Automotive,Online,1,1,4.3,5.1
CUST08110,48,Female,San Diego,53345,16,85.17,1362.72,Toys,Online,18,2,3.5,5.7
CUST08111,44,Female,Chicago,23509,9,24.68,222.12,Toys,Mobile App,2,3,3.2,4.1
CUST08112,22,Male,San Jose,46464,2,88.0,176.0,Beauty,Mobile App,190,0,3.1,1.6
CUST08113,42,Male,Chicago,22883,9,13.04,117.36,Health,Mobile App,1,1,3.8,4.0
CUST08114,60,Male,San Jose,20566,17,53.6,911.2,Books,Online,1,1,3.7,5.8
CUST08115,42,Male,Chicago,28991,8,44.27,354.16,Clothing,Mobile App,1,2,2.8,4.0
CUST08116,30,Female,San Diego,80373,14,282.06,3948.84,Beauty,Mobile App,11,1,3.5,6.5
CUST08117,18,Male,Philadelphia,45724,12,95.15,1141.8,Groceries,In-Store,34,2,4.1,4.8
CUST08118,38,Female,Los Angeles,91383,11,113.73,1251.03,Books,Mobile App,22,0,4.0,4.7
CUST08119,48,Female,Los Angeles,48079,12,13.89,166.68,Toys,Online,31,1,4.2,4.4
CUST08120,25,Male,San Jose,50249,9,98.99,890.91,Sports,In-Store,10,1,4.2,4.3
CUST08121,35,Male,Chicago,127948,10,40.77,407.7,Home & Garden,Online,19,4,3.9,4.2
CUST08122,18,Male,San Antonio,65578,10,177.35,1773.5,Home & Garden,In-Store,23,2,4.2,4.8
CUST08123,40,Female,San Antonio,36625,13,215.35,2799.55,Sports,Mobile App,36,1,3.9,5.7
CUST08124,28,Female,San Diego,20000,15,83.5,1252.5,Clothing,In-Store,23,1,4.0,5.4
CUST08125,26,Female,New York,29456,14,63.27,885.78,Electronics,Online,7,0,4.0,5.2
CUST08126,26,Male,Dallas,102808,12,69.15,829.8,Clothing,Online,31,1,4.4,4.7
CUST08127,49,Female,Phoenix,100578,11,35.33,388.63,Beauty,Online,46,2,4.4,4.2
CUST08128,18,Female,Houston,26735,8,72.71,581.68,Electronics,Mobile App,1,1,3.9,4.1
CUST08129,38,Female,San Jose,131306,15,71.6,1074.0,Sports,In-Store,9,0,4.4,5.4
CUST08130,53,Male,Phoenix,73939,6,138.47,830.82,Groceries,In-Store,247,1,3.5,2.3
CUST08131,35,Female,Houston,79728,15,58.73,880.95,Beauty,In-Store,1,3,3.0,5.4
CUST08132,29,Female,Dallas,92849,11,210.92,2320.12,Home & Garden,In-Store,18,4,4.0,5.2
CUST08133,56,Female,Dallas,25654,13,540.77,7030.01,Toys,In-Store,16,0,4.0,7.6
CUST08134,26,Female,San Diego,101222,10,67.95,679.5,Health,Mobile App,1,0,3.6,4.5
CUST08135,29,Male,Houston,23176,12,46.75,561.0,Electronics,Mobile App,55,1,3.3,4.4
CUST08136,46,Male,Philadelphia,92305,12,35.25,423.0,Books,Online,10,0,4.4,4.6
CUST08137,28,Male,San Diego,65728,17,10.29,174.93,Clothing,Mobile App,26,3,4.6,5.3
CUST08138,38,Male,Dallas,27531,26,93.15,2421.9,Groceries,Mobile App,2,6,4.0,8.0
CUST08139,38,Female,Los Angeles,100758,15,53.14,797.1,Automotive,Mobile App,110,1,4.4,4.7
CUST08140,42,Female,New York,100772,10,25.33,253.3,Automotive,In-Store,52,0,4.0,3.9
CUST08141,32,Male,New York,66384,12,32.84,394.08,Toys,In-Store,52,4,3.5,4.4
CUST08142,49,Male,San Antonio,35122,11,317.8,3495.8,Clothing,Online,36,1,3.7,5.6
CUST08143,38,Female,Phoenix,98664,17,45.69,776.73,Sports,Online,10,4,3.5,5.7
CUST08144,43,Female,Los Angeles,20000,12,54.79,657.48,Health,Mobile App,30,1,3.3,4.6
CUST08145,28,Male,San Jose,66750,15,72.96,1094.4,Toys,Online,5,1,4.1,5.5
CUST08146,48,Male,Phoenix,32401,10,36.35,363.5,Toys,Online,1,0,5.0,4.3
CUST08147,38,Female,Dallas,69785,13,160.72,2089.36,Automotive,Mobile App,27,2,4.1,5.4
CUST08148,37,Female,Chicago,42885,15,66.99,1004.85,Home & Garden,Online,2,2,4.3,5.5
CUST08149,49,Female,San Diego,46062,9,37.41,336.69,Sports,In-Store,27,1,3.8,4.0
CUST08150,18,Female,San Diego,56729,13,58.48,760.24,Toys,Online,31,1,3.7,4.8
CUST08151,38,Male,Dallas,49553,9,132.63,1193.67,Clothing,In-Store,11,1,4.4,4.4
CUST08152,61,Male,Chicago,37232,13,175.95,2287.35,Beauty,Mobile App,1,0,3.7,5.7
CUST08153,45,Male,Dallas,56005,10,99.81,998.1,Electronics,In-Store,14,1,3.2,4.5
CUST08154,44,Male,Chicago,68435,11,42.06,462.66,Books,Online,1,1,3.2,4.5
CUST08155,46,Non-binary,New York,20000,12,57.07,684.84,Health,Online,62,3,2.8,4.4
CUST08156,52,Male,New York,63136,10,112.8,1128.0,Groceries,In-Store,99,0,3.7,4.0
CUST08157,45,Male,Houston,65284,13,51.85,674.05,Automotive,Mobile App,19,0,3.3,4.9
CUST08158,31,Female,Philadelphia,60774,14,43.9,614.6,Toys,Online,47,1,4.3,4.8
CUST08159,18,Male,Dallas,43747,7,106.99,748.93,Groceries,Mobile App,39,1,4.6,3.7
CUST08160,39,Female,New York,24770,11,59.89,658.79,Electronics,Online,80,5,3.2,4.1
CUST08161,31,Non-binary,San Diego,20000,13,32.52,422.76,Electronics,Mobile App,15,1,3.1,4.8
CUST08162,44,Female,New York,99258,11,68.87,757.57,Toys,Online,117,0,4.7,3.9
CUST08163,35,Male,Dallas,32764,8,112.07,896.56,Electronics,In-Store,60,0,3.6,3.8
CUST08164,42,Female,San Antonio,28748,8,34.51,276.08,Books,In-Store,103,0,3.6,3.3
CUST08165,33,Female,Houston,74628,16,93.71,1499.36,Groceries,Online,42,5,4.0,5.6
CUST08166,42,Female,New York,40188,11,46.03,506.33,Health,Mobile App,2,1,4.1,4.5
CUST08167,49,Female,Houston,27289,11,84.78,932.58,Sports,In-Store,9,0,2.7,4.7
CUST08168,27,Female,San Antonio,60009,12,21.22,254.64,Toys,In-Store,89,0,3.7,4.1
CUST08169,25,Female,San Antonio,37347,16,127.11,2033.76,Groceries,In-Store,4,4,2.7,6.1
CUST08170,20,Male,San Diego,51743,16,136.4,2182.4,Sports,In-Store,8,1,4.1,6.1
CUST08171,31,Male,Philadelphia,39528,13,115.36,1499.68,Books,Online,43,0,4.4,5.1
CUST08172,61,Male,San Diego,57503,10,35.49,354.9,Books,Online,10,2,4.3,4.3
CUST08173,40,Male,San Jose,112926,15,14.2,213.0,Automotive,Online,28,2,3.4,5.0
CUST08174,39,Male,San Jose,29241,15,32.4,486.0,Sports,Online,56,2,3.6,4.9
CUST08175,34,Female,New York,57930,14,79.89,1118.46,Electronics,Online,6,0,4.5,5.3
CUST08176,31,Male,Chicago,25056,14,48.98,685.72,Groceries,Online,1,1,3.0,5.2
CUST08177,27,Male,Chicago,81109,12,36.79,441.48,Books,In-Store,90,1,3.4,4.1
CUST08178,47,Non-binary,New York,27302,10,33.98,339.8,Home & Garden,Online,18,2,3.5,4.2
CUST08179,38,Female,Phoenix,110381,4,71.43,285.72,Beauty,Online,130,0,4.1,2.4
CUST08180,54,Female,San Diego,27943,14,20.14,281.96,Home & Garden,Online,14,1,3.9,4.9
CUST08181,46,Female,New York,34280,11,10,110,Toys,In-Store,73,0,5.0,3.9
CUST08182,22,Female,New York,29308,10,59.03,590.3,Books,Online,48,0,3.8,4.1
CUST08183,32,Male,Dallas,83103,7,44.75,313.25,Beauty,Online,65,0,4.0,3.4
CUST08184,41,Male,San Diego,22360,17,97.9,1664.3,Books,In-Store,3,2,4.1,6.1
CUST08185,41,Male,Chicago,36627,12,97.37,1168.44,Beauty,In-Store,17,1,3.4,4.9
CUST08186,18,Male,San Jose,77058,14,85.54,1197.56,Health,Mobile App,200,1,2.8,4.1
CUST08187,35,Male,Philadelphia,119358,10,508.01,5080.1,Home & Garden,Online,9,1,4.2,6.3
CUST08188,54,Female,San Antonio,40871,10,87.39,873.9,Health,Mobile App,57,3,3.6,4.2
CUST08189,32,Male,San Diego,45109,15,46.56,698.4,Books,Online,9,4,3.6,5.3
CUST08190,26,Non-binary,Chicago,59670,10,67.2,672.0,Groceries,In-Store,15,0,4.1,4.4
CUST08191,40,Male,San Antonio,52900,16,150.5,2408.0,Groceries,In-Store,60,2,3.9,5.9
CUST08192,24,Female,Houston,29967,8,85.14,681.12,Toys,Online,2,0,4.2,4.1
CUST08193,23,Female,Houston,66252,9,312.57,2813.13,Toys,In-Store,7,0,3.9,5.1
CUST08194,28,Male,San Jose,56057,18,34.22,615.96,Home & Garden,Online,23,1,3.8,5.7
CUST08195,41,Male,Houston,50529,17,60.75,1032.75,Toys,Mobile App,11,1,3.4,5.8
CUST08196,56,Female,New York,57019,19,131.11,2491.09,Electronics,In-Store,12,1,4.2,6.7
CUST08197,35,Female,Chicago,26885,12,82.86,994.32,Home & Garden,Online,4,1,4.1,4.9
CUST08198,45,Female,Houston,191945,6,64.46,386.76,Toys,Online,43,0,4.3,3.4
CUST08199,48,Male,Houston,43080,9,37.77,339.93,Home & Garden,In-Store,78,1,3.4,3.6
CUST08200,43,Female,Dallas,113200,15,62.31,934.65,Automotive,Online,3,1,2.7,5.4
CUST08201,28,Male,San Antonio,44217,15,243.66,3654.9,Clothing,Online,39,1,3.9,6.4
CUST08202,41,Female,Dallas,36667,11,184.7,2031.7,Electronics,Online,1,1,3.9,5.2
CUST08203,34,Male,Los Angeles,57579,21,52.5,1102.5,Health,In-Store,1,1,3.4,6.6
CUST08204,36,Female,Philadelphia,71395,14,63.91,894.74,Clothing,Online,151,0,3.9,4.3
CUST08205,52,Male,San Antonio,46146,12,12.44,149.28,Automotive,Online,37,3,3.8,4.4
CUST08206,31,Non-binary,San Antonio,45124,10,74.34,743.4,Sports,Online,26,3,3.0,4.3
CUST08207,44,Female,Phoenix,78833,17,54.88,932.96,Sports,In-Store,1,2,3.8,5.8
CUST08208,43,Female,Los Angeles,33290,13,114.76,1491.88,Beauty,Online,6,6,2.4,5.3
CUST08209,22,Female,Houston,78365,8,110.52,884.16,Toys,In-Store,11,3,3.9,4.1
CUST08210,45,Male,Phoenix,53826,10,89.16,891.6,Electronics,Online,74,1,3.7,4.1
CUST08211,45,Female,San Diego,30815,11,44.08,484.88,Home & Garden,In-Store,4,2,3.8,4.5
CUST08212,51,Non-binary,San Jose,47277,14,112.94,1581.16,Books,In-Store,1,2,2.9,5.5
CUST08213,25,Male,Houston,41726,19,67.69,1286.11,Sports,In-Store,20,1,3.8,6.2
CUST08214,32,Male,Dallas,52679,18,66.21,1191.78,Home & Garden,In-Store,44,2,3.7,5.8
CUST08215,49,Female,Houston,103852,10,56.9,569.0,Health,Online,57,1,4.1,4.1
CUST08216,29,Female,San Diego,43638,7,83.65,585.55,Automotive,Mobile App,40,1,4.6,3.6
CUST08217,27,Female,Los Angeles,26180,7,89.48,626.36,Beauty,Online,30,3,3.1,3.7
CUST08218,31,Male,San Jose,46655,11,103.47,1138.17,Automotive,Online,8,0,4.3,4.8
CUST08219,52,Female,San Antonio,101313,8,122.48,979.84,Beauty,In-Store,20,0,3.9,4.1
CUST08220,35,Female,New York,89107,9,47.56,428.04,Groceries,Online,2,3,3.3,4.2
CUST08221,29,Male,San Antonio,42854,13,48.61,631.93,Automotive,Online,73,2,3.1,4.5
CUST08222,31,Female,New York,30254,10,44.39,443.9,Books,In-Store,1,1,2.9,4.4
CUST08223,39,Male,Phoenix,42677,6,42.74,256.44,Toys,Online,28,3,2.8,3.4
CUST08224,30,Male,Phoenix,59875,9,34.89,314.01,Health,In-Store,20,2,3.0,4.0
CUST08225,25,Female,Houston,31526,9,38.88,349.92,Groceries,In-Store,60,1,3.3,3.8
CUST08226,54,Male,San Jose,62781,13,38.0,494.0,Clothing,Mobile App,12,0,3.5,4.8
CUST08227,35,Male,Dallas,122935,17,318.08,5407.36,Beauty,Online,52,1,3.6,7.4
CUST08228,42,Male,San Diego,53943,6,87.18,523.08,Books,Online,52,1,2.7,3.4
CUST08229,57,Male,Philadelphia,94602,14,123.7,1731.8,Health,In-Store,99,1,4.1,5.0
CUST08230,63,Male,San Diego,74014,9,62.41,561.69,Sports,Online,15,1,3.9,4.1
CUST08231,33,Female,San Antonio,72115,12,81.57,978.84,Home & Garden,In-Store,113,2,4.2,4.2
CUST08232,38,Male,Philadelphia,37634,9,81.91,737.19,Health,Online,36,2,4.0,4.1
CUST08233,55,Male,San Jose,29544,15,69.33,1039.95,Beauty,Online,20,2,3.4,5.4
CUST08234,55,Female,San Antonio,46647,13,52.61,683.93,Beauty,Online,49,3,3.8,4.7
CUST08235,18,Female,Philadelphia,75535,17,38.55,655.35,Home & Garden,Online,25,2,3.5,5.5
CUST08236,26,Male,San Diego,81790,16,69.29,1108.64,Home & Garden,Online,11,0,2.9,5.6
CUST08237,22,Male,Los Angeles,20000,10,97.83,978.3,Electronics,In-Store,22,0,4.7,4.4
CUST08238,46,Female,San Diego,41718,17,19.44,330.48,Home & Garden,Online,32,4,4.4,5.3
CUST08239,53,Male,Chicago,98647,10,109.67,1096.7,Beauty,In-Store,1,3,3.9,4.6
CUST08240,50,Female,San Diego,78336,5,110.53,552.65,Home & Garden,In-Store,175,1,3.9,2.4
CUST08241,40,Female,Chicago,128506,13,171.93,2235.09,Home & Garden,Online,27,1,3.5,5.5
CUST08242,41,Female,Phoenix,20000,10,49.35,493.5,Health,Online,1,0,4.3,4.4
CUST08243,34,Non-binary,San Antonio,92207,15,77.74,1166.1,Books,Online,31,3,3.0,5.3
CUST08244,27,Male,Los Angeles,135850,18,338.75,6097.5,Electronics,In-Store,36,0,4.6,7.9
CUST08245,39,Male,Dallas,214232,11,85.91,945.01,Books,Online,3,3,3.2,4.7
CUST08246,52,Non-binary,New York,53433,10,108.15,1081.5,Toys,Online,24,0,4.4,4.5
CUST08247,48,Female,Chicago,126300,14,176.33,2468.62,Books,Online,46,0,4.1,5.6
CUST08248,43,Female,San Diego,22428,13,54.2,704.6,Automotive,Mobile App,21,2,3.6,4.9
CUST08249,33,Female,Houston,86901,13,57.96,753.48,Toys,In-Store,1,2,3.1,5.0
CUST08250,29,Female,Phoenix,38798,8,32.38,259.04,Clothing,Online,6,3,4.4,3.9
CUST08251,18,Male,New York,30149,5,38.25,191.25,Health,In-Store,48,1,4.1,3.1
CUST08252,67,Female,San Diego,183779,5,91.05,455.25,Clothing,Mobile App,118,0,4.0,2.7
CUST08253,36,Male,Philadelphia,97609,9,41.21,370.89,Automotive,Online,10,2,4.0,4.1
CUST08254,32,Male,San Diego,45040,5,125.14,625.7,Home & Garden,In-Store,5,0,4.1,3.5
CUST08255,40,Male,San Jose,48252,8,163.02,1304.16,Sports,Online,2,0,4.9,4.4
CUST08256,40,Female,Houston,107907,8,82.29,658.32,Home & Garden,In-Store,62,2,3.3,3.7
CUST08257,48,Female,New York,103239,10,30.53,305.3,Beauty,Online,5,1,4.2,4.3
CUST08258,35,Female,New York,98190,15,76.42,1146.3,Beauty,Online,54,3,3.3,5.2
CUST08259,45,Male,Los Angeles,39047,16,27.08,433.28,Automotive,Online,3,2,3.6,5.4
CUST08260,32,Female,Phoenix,23691,13,71.05,923.65,Toys,Online,7,1,4.0,5.0
CUST08261,33,Female,Dallas,34296,12,69.4,832.8,Automotive,Online,17,0,3.7,4.8
CUST08262,32,Male,Houston,56293,9,117.27,1055.43,Sports,Online,8,2,4.2,4.4
CUST08263,22,Female,San Antonio,89383,13,46.7,607.1,Automotive,Online,1,2,4.1,4.9
CUST08264,38,Male,New York,55164,20,107.2,2144.0,Books,Online,3,1,3.9,6.8
CUST08265,40,Male,Chicago,41418,12,200.25,2403.0,Home & Garden,Online,18,1,4.6,5.4
CUST08266,43,Female,San Jose,25692,17,69.96,1189.32,Books,Online,90,1,3.5,5.3
CUST08267,18,Female,Chicago,49514,13,73.24,952.12,Sports,Mobile App,32,3,3.9,4.9
CUST08268,37,Male,Houston,40607,10,117.79,1177.9,Beauty,Online,6,0,3.8,4.6
CUST08269,27,Male,Philadelphia,39545,13,50.18,652.34,Groceries,Mobile App,39,1,3.9,4.7
CUST08270,47,Male,Los Angeles,36856,16,55.27,884.32,Beauty,Online,51,1,4.2,5.3
CUST08271,50,Female,Dallas,92769,12,48.82,585.84,Toys,Online,24,1,3.6,4.6
CUST08272,32,Female,New York,28977,14,38.42,537.88,Home & Garden,Online,44,2,3.1,4.8
CUST08273,18,Male,San Jose,21631,12,71.4,856.8,Sports,Online,32,5,3.3,4.7
CUST08274,31,Male,Phoenix,22501,15,51.11,766.65,Health,Mobile App,32,2,4.0,5.2
CUST08275,29,Male,San Antonio,124099,10,42.51,425.1,Sports,Online,16,1,3.5,4.2
CUST08276,18,Male,San Jose,87581,11,29.43,323.73,Clothing,In-Store,9,0,3.5,4.4
CUST08277,19,Female,San Antonio,39224,12,15.84,190.08,Clothing,Online,59,1,3.6,4.2
CUST08278,44,Male,Philadelphia,57593,14,77.68,1087.52,Electronics,Mobile App,7,0,4.2,5.3
CUST08279,26,Male,San Jose,75189,12,51.68,620.16,Books,In-Store,23,3,3.5,4.6
CUST08280,25,Non-binary,Dallas,107852,10,55.02,550.2,Books,In-Store,17,1,3.6,4.3
CUST08281,58,Female,Los Angeles,46747,11,61.73,679.03,Health,Mobile App,26,2,4.1,4.5
CUST08282,24,Male,Phoenix,82845,11,109.6,1205.6,Clothing,Online,2,0,3.6,4.8
CUST08283,24,Female,Houston,77331,17,55.26,939.42,Home & Garden,Online,44,1,4.0,5.5
CUST08284,30,Female,San Antonio,53615,14,31.74,444.36,Books,Online,1,1,3.4,5.1
CUST08285,36,Female,Dallas,22499,14,132.23,1851.22,Beauty,Online,53,2,2.7,5.3
CUST08286,18,Male,New York,48901,13,48.34,628.42,Groceries,In-Store,33,1,4.4,4.8
CUST08287,48,Female,San Diego,62245,15,57.08,856.2,Home & Garden,In-Store,57,1,4.6,5.1
CUST08288,48,Male,New York,65482,9,106.02,954.18,Clothing,Online,89,1,4.7,3.8
CUST08289,41,Male,Philadelphia,44988,11,24.85,273.35,Toys,Online,12,1,4.2,4.4
CUST08290,27,Female,Philadelphia,20000,12,84.87,1018.44,Automotive,Online,13,2,3.2,4.9
CUST08291,32,Female,Los Angeles,107660,4,77.2,308.8,Health,Online,78,0,3.0,2.8
CUST08292,27,Female,San Jose,20670,8,251.41,2011.28,Clothing,Online,9,1,3.4,4.6
CUST08293,27,Male,Philadelphia,57141,12,174.88,2098.56,Electronics,Mobile App,42,0,3.7,5.1
CUST08294,40,Male,San Jose,22926,14,163.61,2290.54,Clothing,In-Store,15,2,4.0,5.8
CUST08295,31,Female,San Jose,33092,15,461.6,6924.0,Home & Garden,Mobile App,36,2,3.4,7.8
CUST08296,18,Female,Dallas,22954,10,27.85,278.5,Toys,Online,32,2,3.7,4.1
CUST08297,52,Male,San Diego,52391,8,16.51,132.08,Clothing,Online,20,0,3.8,3.7
CUST08298,49,Female,Phoenix,107971,8,50.78,406.24,Health,Mobile App,2,1,3.4,4.0
CUST08299,27,Female,Houston,29735,15,22.59,338.85,Groceries,In-Store,19,0,4.2,5.1
CUST08300,38,Female,Dallas,56035,17,222.74,3786.58,Beauty,Online,33,1,4.3,6.8
CUST08301,27,Female,Los Angeles,28766,10,66.77,667.7,Health,Online,48,0,4.0,4.2
CUST08302,51,Male,San Jose,81022,11,33.15,364.65,Home & Garden,Online,29,1,3.1,4.3
CUST08303,35,Male,Houston,57448,19,78.62,1493.78,Sports,In-Store,35,5,4.0,6.2
CUST08304,46,Male,Chicago,300000,12,34.54,414.48,Electronics,In-Store,32,2,2.5,4.5
CUST08305,40,Female,Phoenix,67964,8,212.33,1698.64,Electronics,In-Store,112,0,3.3,3.8
CUST08306,46,Female,Houston,55290,16,61.69,987.04,Toys,Mobile App,2,4,3.5,5.6
CUST08307,58,Male,San Diego,55580,14,133.31,1866.34,Toys,Online,22,1,3.1,5.5
CUST08308,52,Female,San Antonio,47240,13,39.86,518.18,Groceries,In-Store,11,1,2.8,4.8
CUST08309,34,Male,New York,68681,8,41.98,335.84,Books,Online,73,1,3.8,3.5
CUST08310,30,Male,Chicago,72555,15,60.18,902.7,Books,In-Store,29,5,2.8,5.3
CUST08311,54,Female,New York,36487,9,85.77,771.93,Home & Garden,Mobile App,7,1,3.6,4.3
CUST08312,38,Non-binary,San Jose,102561,11,44.63,490.93,Beauty,Mobile App,64,3,3.6,4.2
CUST08313,44,Male,San Diego,40908,7,376.17,2633.19,Clothing,Online,37,1,4.2,4.5
CUST08314,62,Male,San Antonio,90858,9,89.09,801.81,Electronics,Mobile App,12,1,4.8,4.3
CUST08315,45,Male,Los Angeles,101952,8,101.45,811.6,Clothing,In-Store,47,0,3.6,3.9
CUST08316,29,Male,Houston,69567,15,180.86,2712.9,Health,Mobile App,41,0,3.9,5.9
CUST08317,23,Female,Houston,26322,13,170.18,2212.34,Electronics,Online,18,4,3.1,5.5
CUST08318,54,Male,Dallas,49380,6,29.83,178.98,Toys,In-Store,32,5,1.0,3.3
CUST08319,18,Female,New York,67643,14,97.7,1367.8,Books,In-Store,6,2,3.1,5.4
CUST08320,33,Male,Phoenix,37945,12,113.0,1356.0,Beauty,In-Store,30,3,3.5,4.9
CUST08321,27,Female,Dallas,33456,12,119.28,1431.36,Health,Mobile App,10,3,3.0,5.1
CUST08322,40,Female,New York,20000,16,44.62,713.92,Health,In-Store,1,4,4.5,5.5
CUST08323,32,Female,San Jose,108994,10,57.27,572.7,Books,Mobile App,60,0,3.4,4.0
CUST08324,23,Male,Phoenix,57240,15,270.29,4054.35,Beauty,Online,8,0,3.6,6.7
CUST08325,53,Male,Los Angeles,45144,15,298.39,4475.85,Groceries,In-Store,31,3,3.8,6.8
CUST08326,53,Female,San Antonio,82769,22,52.96,1165.12,Electronics,In-Store,9,2,3.4,6.7
CUST08327,29,Male,Phoenix,32905,18,19.93,358.74,Clothing,Mobile App,2,0,3.2,5.7
CUST08328,35,Female,New York,63008,12,163.72,1964.64,Sports,Online,19,0,3.8,5.2
CUST08329,44,Female,San Antonio,36040,11,24.82,273.02,Electronics,Mobile App,33,1,3.6,4.3
CUST08330,41,Female,San Jose,111465,15,162.45,2436.75,Toys,Mobile App,41,3,3.4,5.8
CUST08331,64,Male,Dallas,131928,12,40.46,485.52,Home & Garden,Online,66,3,3.6,4.3
CUST08332,42,Female,Phoenix,113016,18,125.37,2256.66,Sports,In-Store,34,3,3.0,6.3
CUST08333,34,Male,San Antonio,85278,12,105.14,1261.68,Electronics,In-Store,5,0,3.6,5.0
CUST08334,47,Female,Philadelphia,60549,14,49.36,691.04,Automotive,Online,27,1,4.8,5.0
CUST08335,46,Female,San Diego,28583,11,81.21,893.31,Sports,Online,60,1,4.8,4.3
CUST08336,49,Male,Dallas,20000,10,67.33,673.3,Home & Garden,In-Store,19,0,3.6,4.3
CUST08337,36,Female,Philadelphia,25998,10,134.48,1344.8,Health,In-Store,20,4,4.5,4.6
CUST08338,41,Female,Chicago,20000,12,353.92,4247.04,Health,Mobile App,18,3,3.8,6.2
CUST08339,37,Male,Chicago,50798,16,101.05,1616.8,Health,In-Store,2,3,4.5,5.9
CUST08340,22,Male,Philadelphia,23004,12,31.75,381.0,Toys,Mobile App,21,0,3.8,4.6
CUST08341,40,Non-binary,San Diego,20000,12,42.66,511.92,Books,Online,10,2,4.1,4.7
CUST08342,23,Female,Dallas,73822,13,58.42,759.46,Sports,Online,13,2,3.1,4.9
CUST08343,31,Female,San Jose,38169,10,23.89,238.9,Clothing,Mobile App,103,1,3.9,3.6
CUST08344,34,Female,Houston,43805,9,39.2,352.8,Electronics,Online,18,0,4.0,4.0
CUST08345,27,Female,Phoenix,36521,9,109.34,984.06,Toys,Online,47,0,4.4,4.1
CUST08346,19,Non-binary,San Antonio,20000,12,56.76,681.12,Clothing,Online,17,0,4.2,4.7
CUST08347,49,Male,San Antonio,138996,16,41.2,659.2,Automotive,Online,27,0,4.5,5.3
CUST08348,35,Female,Chicago,25771,13,34.15,443.95,Books,Online,12,2,4.0,4.8
CUST08349,56,Female,San Antonio,38886,10,226.43,2264.3,Clothing,Online,189,0,3.5,3.9
CUST08350,36,Male,Chicago,30099,13,59.73,776.49,Automotive,Online,24,1,3.3,4.9
CUST08351,42,Male,Houston,53453,15,69.27,1039.05,Sports,In-Store,26,3,3.6,5.3
CUST08352,38,Male,San Antonio,20431,8,42.48,339.84,Automotive,In-Store,47,1,3.1,3.7
CUST08353,48,Female,San Antonio,86322,12,36.22,434.64,Toys,In-Store,19,1,4.3,4.6
CUST08354,65,Male,Philadelphia,29073,13,122.16,1588.08,Books,Online,30,2,3.9,5.2
CUST08355,48,Female,San Diego,62869,17,78.22,1329.74,Sports,Online,2,7,2.9,6.0
CUST08356,31,Male,Philadelphia,66433,10,84.3,843.0,Toys,Mobile App,87,3,4.0,4.0
CUST08357,45,Male,Chicago,69741,10,88.16,881.6,Beauty,Online,40,3,3.0,4.3
CUST08358,30,Male,Houston,93793,19,93.44,1775.36,Beauty,Online,47,1,3.3,6.2
CUST08359,22,Female,San Antonio,62797,8,133.18,1065.44,Electronics,Online,5,0,4.4,4.2
CUST08360,39,Male,Dallas,71238,15,60.83,912.45,Health,Online,19,3,3.3,5.3
CUST08361,40,Male,Los Angeles,32454,9,67.37,606.33,Toys,Online,48,3,3.2,3.9
CUST08362,42,Male,New York,22236,9,81.94,737.46,Beauty,In-Store,30,1,2.7,4.1
CUST08363,37,Male,Philadelphia,23063,15,112.92,1693.8,Home & Garden,Online,1,3,2.8,5.8
CUST08364,25,Female,Houston,30195,11,107.02,1177.22,Clothing,In-Store,28,0,3.6,4.7
CUST08365,18,Male,San Antonio,104293,9,30.06,270.54,Electronics,Online,12,2,3.6,4.0
CUST08366,28,Female,San Jose,71073,10,57.39,573.9,Home & Garden,Online,7,3,3.2,4.4
CUST08367,57,Male,Chicago,76175,8,259.54,2076.32,Groceries,In-Store,68,3,3.8,4.3
CUST08368,49,Female,New York,24266,22,36.07,793.54,Health,Online,9,0,3.5,6.6
CUST08369,40,Male,San Jose,64365,6,116.94,701.64,Sports,Mobile App,5,0,4.1,3.7
CUST08370,31,Female,Houston,37309,14,78.47,1098.58,Clothing,In-Store,1,1,4.1,5.3
CUST08371,41,Male,Los Angeles,20000,8,52.86,422.88,Sports,Mobile App,30,1,3.3,3.8
CUST08372,38,Female,Dallas,104773,13,181.2,2355.6,Toys,In-Store,2,2,2.7,5.7
CUST08373,42,Male,Houston,109910,19,47.79,908.01,Toys,Mobile App,9,3,3.8,6.1
CUST08374,30,Female,Dallas,62835,9,50.4,453.6,Groceries,In-Store,1,1,3.6,4.2
CUST08375,33,Male,Chicago,35428,15,23.69,355.35,Clothing,Mobile App,11,2,3.8,5.1
CUST08376,62,Male,Dallas,32200,9,100.68,906.12,Groceries,Online,97,1,3.8,3.8
CUST08377,54,Male,San Jose,57667,14,58.16,814.24,Health,Mobile App,43,0,4.4,4.9
CUST08378,32,Female,Dallas,50931,11,73.37,807.07,Clothing,In-Store,29,1,4.5,4.5
CUST08379,40,Female,New York,34215,14,27.61,386.54,Health,Online,47,2,3.9,4.7
CUST08380,30,Female,Chicago,41646,15,57.4,861.0,Books,Online,29,2,3.3,5.2
CUST08381,18,Male,San Jose,69169,18,56.63,1019.34,Books,Mobile App,3,5,3.4,6.0
CUST08382,34,Female,Philadelphia,67917,15,80.17,1202.55,Automotive,Online,17,1,3.3,5.5
CUST08383,39,Non-binary,Philadelphia,35892,12,58.25,699.0,Groceries,Online,50,1,3.2,4.5
CUST08384,47,Female,Phoenix,31180,15,31.94,479.1,Automotive,In-Store,15,2,3.4,5.2
CUST08385,55,Female,Houston,39650,17,45.33,770.61,Toys,Mobile App,40,2,4.5,5.5
CUST08386,39,Male,Phoenix,25815,21,132.14,2774.94,Sports,In-Store,2,3,4.1,7.3
CUST08387,34,Male,Philadelphia,22852,11,125.51,1380.61,Home & Garden,Online,9,0,3.7,4.9
CUST08388,39,Male,San Diego,150081,14,282.1,3949.4,Automotive,In-Store,16,0,4.0,6.5
CUST08389,40,Female,Dallas,27734,8,286.0,2288.0,Electronics,Online,14,1,3.1,4.7
CUST08390,47,Non-binary,Phoenix,72086,8,29.16,233.28,Beauty,Online,3,2,2.8,3.9
CUST08391,32,Female,Dallas,79749,13,27.73,360.49,Groceries,In-Store,13,2,3.7,4.8
CUST08392,20,Male,New York,54674,9,219.72,1977.48,Sports,Online,85,2,3.3,4.3
CUST08393,32,Male,San Antonio,24243,13,78.89,1025.57,Books,In-Store,6,3,3.2,5.1
CUST08394,34,Female,Dallas,36988,11,240.68,2647.48,Automotive,Mobile App,35,1,2.6,5.2
CUST08395,46,Male,Dallas,56079,11,104.62,1150.82,Toys,Online,106,0,4.2,4.2
CUST08396,44,Female,New York,42024,9,129.63,1166.67,Toys,Online,85,1,4.7,4.0
CUST08397,58,Male,Houston,20000,12,26.01,312.12,Books,In-Store,22,4,4.0,4.5
CUST08398,34,Female,Los Angeles,102882,9,60.21,541.89,Beauty,In-Store,9,0,4.0,4.2
CUST08399,45,Female,San Antonio,78772,8,79.6,636.8,Groceries,Online,37,1,4.1,3.9
CUST08400,20,Female,San Diego,138919,10,29.7,297.0,Sports,In-Store,60,0,3.7,3.9
CUST08401,37,Female,Phoenix,34597,10,99.61,996.1,Sports,Online,111,1,3.9,3.9
CUST08402,33,Female,Los Angeles,42732,10,173.95,1739.5,Electronics,Mobile App,145,0,3.3,4.0
CUST08403,46,Male,Phoenix,85193,16,335.44,5367.04,Beauty,Online,32,4,3.5,7.3
CUST08404,35,Female,San Jose,44296,17,27.0,459.0,Books,Mobile App,44,1,4.6,5.3
CUST08405,47,Male,San Diego,24877,9,116.09,1044.81,Sports,Online,3,1,3.2,4.4
CUST08406,25,Male,Los Angeles,20000,7,55.82,390.74,Health,In-Store,11,1,3.3,3.7
CUST08407,18,Female,Los Angeles,50421,10,157.9,1579.0,Clothing,In-Store,14,2,4.0,4.8
CUST08408,39,Male,Houston,29900,13,52.27,679.51,Home & Garden,Mobile App,4,2,4.2,5.0
CUST08409,23,Female,San Diego,46809,8,108.51,868.08,Groceries,In-Store,32,1,3.5,4.0
CUST08410,31,Female,San Diego,38175,14,192.69,2697.66,Electronics,Online,42,3,3.6,5.8
CUST08411,37,Female,Houston,41488,10,48.47,484.7,Sports,Online,3,1,3.5,4.4
CUST08412,55,Male,San Jose,82045,16,32.66,522.56,Toys,Online,16,4,3.8,5.3
CUST08413,36,Female,Philadelphia,61552,10,193.58,1935.8,Automotive,In-Store,57,1,3.2,4.6
CUST08414,37,Female,Dallas,57473,8,140.16,1121.28,Automotive,In-Store,1,0,4.3,4.3
CUST08415,44,Female,San Diego,43352,10,88.09,880.9,Automotive,Online,50,4,4.0,4.2
CUST08416,43,Female,Chicago,50790,11,42.32,465.52,Clothing,Online,13,0,2.8,4.5
CUST08417,37,Female,San Diego,62749,10,72.01,720.1,Health,Online,31,0,3.5,4.3
CUST08418,39,Male,Houston,64303,9,143.46,1291.14,Automotive,Online,40,0,3.5,4.3
CUST08419,40,Female,San Jose,31401,14,79.45,1112.3,Electronics,Mobile App,5,1,3.3,5.3
CUST08420,51,Male,Los Angeles,41986,13,24.58,319.54,Groceries,Online,8,1,3.5,4.8
CUST08421,33,Male,San Jose,35737,16,30.98,495.68,Beauty,Online,45,1,3.2,5.2
CUST08422,55,Male,San Diego,44645,14,52.48,734.72,Electronics,Online,6,0,3.7,5.1
CUST08423,54,Male,Los Angeles,84780,8,36.98,295.84,Sports,In-Store,228,0,3.3,2.5
CUST08424,33,Female,Dallas,35730,18,161.47,2906.46,Home & Garden,In-Store,51,3,3.9,6.5
CUST08425,63,Female,Phoenix,35376,14,77.88,1090.32,Toys,Online,9,1,4.0,5.3
CUST08426,38,Female,Phoenix,57884,9,98.96,890.64,Electronics,Online,3,0,4.4,4.4
CUST08427,23,Male,San Antonio,35347,12,71.41,856.92,Books,Mobile App,17,0,3.9,4.8
CUST08428,40,Non-binary,Philadelphia,66553,11,23.78,261.58,Books,Online,28,1,3.6,4.3
CUST08429,27,Female,San Diego,37023,9,49.49,445.41,Books,Mobile App,52,0,4.1,3.9
CUST08430,27,Male,Dallas,24387,11,131.59,1447.49,Groceries,Online,20,0,4.0,4.8
CUST08431,23,Female,Dallas,20000,10,357.62,3576.2,Groceries,Online,20,1,4.8,5.6
CUST08432,31,Female,Houston,56614,15,55.32,829.8,Automotive,Online,26,2,3.3,5.2
CUST08433,44,Female,Chicago,33030,9,43.95,395.55,Toys,In-Store,41,1,3.4,3.9
CUST08434,27,Male,San Diego,90524,11,121.54,1336.94,Groceries,Online,66,1,4.6,4.5
CUST08435,18,Female,Houston,52468,8,36.74,293.92,Health,Online,77,1,2.4,3.5
CUST08436,18,Female,Phoenix,37860,8,87.01,696.08,Beauty,In-Store,26,3,3.8,3.9
CUST08437,23,Non-binary,San Antonio,26641,12,52.07,624.84,Health,Online,4,3,3.2,4.8
CUST08438,44,Female,San Antonio,41775,11,22.51,247.61,Books,In-Store,59,2,4.0,4.1
CUST08439,67,Male,Phoenix,71353,15,98.43,1476.45,Automotive,Online,18,5,3.9,5.6
CUST08440,18,Male,Chicago,61002,16,140.92,2254.72,Home & Garden,Online,40,0,4.4,5.9
CUST08441,27,Female,Houston,102930,16,83.17,1330.72,Beauty,In-Store,9,3,3.7,5.7
CUST08442,32,Female,San Jose,59727,10,89.98,899.8,Automotive,Online,2,2,3.1,4.5
CUST08443,24,Female,Phoenix,48117,15,32.43,486.45,Books,Online,21,4,3.2,5.1
CUST08444,32,Male,Phoenix,35632,5,73.61,368.05,Groceries,Online,41,0,4.2,3.2
CUST08445,27,Female,Houston,27040,7,46.96,328.72,Toys,In-Store,48,0,4.4,3.5
CUST08446,30,Male,New York,37832,10,95.14,951.4,Sports,In-Store,46,2,3.1,4.3
CUST08447,41,Female,Houston,59048,15,155.01,2325.15,Books,Online,28,2,3.4,5.9
CUST08448,28,Female,Los Angeles,101624,15,19.46,291.9,Clothing,In-Store,42,2,4.3,4.9
CUST08449,56,Female,San Jose,48331,16,22.5,360.0,Beauty,Mobile App,11,1,3.6,5.3
CUST08450,34,Female,Dallas,70656,15,153.22,2298.3,Beauty,In-Store,8,3,4.0,6.0
CUST08451,26,Male,Los Angeles,88374,7,12.36,86.52,Health,Online,13,0,4.1,3.6
CUST08452,53,Female,Houston,20000,11,139.4,1533.4,Clothing,Online,20,3,3.1,4.9
CUST08453,50,Female,Houston,76793,14,105.89,1482.46,Books,Online,35,2,4.3,5.3
CUST08454,38,Female,San Diego,51417,17,27.24,463.08,Books,Online,64,1,4.0,5.2
CUST08455,38,Female,San Diego,75624,8,63.75,510.0,Toys,Online,24,1,4.0,3.9
CUST08456,24,Male,Dallas,20000,15,63.91,958.65,Books,Online,6,2,4.0,5.4
CUST08457,38,Female,Phoenix,43848,18,108.87,1959.66,Clothing,Online,36,3,2.6,6.2
CUST08458,54,Non-binary,Los Angeles,36565,15,50.98,764.7,Health,Online,4,1,3.5,5.3
CUST08459,43,Female,Dallas,66591,10,79.77,797.7,Electronics,Mobile App,5,0,3.8,4.5
CUST08460,39,Female,Phoenix,31971,11,138.44,1522.84,Groceries,Online,51,2,2.0,4.7
CUST08461,27,Female,Chicago,33474,15,48.86,732.9,Home & Garden,Online,14,0,3.2,5.3
CUST08462,37,Female,San Diego,35825,10,68.2,682.0,Books,Online,1,0,3.1,4.5
CUST08463,35,Female,New York,20000,14,31.6,442.4,Clothing,Online,38,2,4.5,4.8
CUST08464,36,Male,Los Angeles,44429,11,84.6,930.6,Beauty,Online,33,0,3.5,4.5
CUST08465,37,Female,Phoenix,20000,15,24.77,371.55,Sports,Online,26,2,3.2,5.0
CUST08466,51,Male,Phoenix,70421,17,19.66,334.22,Toys,In-Store,3,2,4.0,5.5
CUST08467,49,Female,Phoenix,40884,7,51.79,362.53,Health,In-Store,6,0,4.1,3.8
CUST08468,39,Male,Dallas,59486,6,42.18,253.08,Books,Online,295,0,3.8,1.7
CUST08469,41,Female,Phoenix,55320,6,75.14,450.84,Toys,In-Store,53,0,4.6,3.3
CUST08470,49,Male,San Jose,29443,12,82.99,995.88,Health,Mobile App,5,1,4.2,4.9
CUST08471,48,Male,San Diego,108250,8,136.5,1092.0,Home & Garden,In-Store,17,1,4.3,4.2
CUST08472,41,Female,San Antonio,29453,9,75.58,680.22,Toys,In-Store,74,2,3.2,3.8
CUST08473,39,Female,San Diego,52854,12,45.66,547.92,Home & Garden,Online,60,1,4.1,4.4
CUST08474,40,Male,New York,100220,10,58.09,580.9,Health,In-Store,3,3,3.5,4.4
CUST08475,31,Male,Chicago,51083,16,64.81,1036.96,Home & Garden,Online,31,1,3.4,5.5
CUST08476,49,Male,Houston,35622,15,87.74,1316.1,Groceries,Online,23,1,3.7,5.5
CUST08477,28,Female,San Antonio,106970,21,54.11,1136.31,Health,In-Store,11,5,3.4,6.5
CUST08478,32,Non-binary,Phoenix,43541,6,46.41,278.46,Beauty,In-Store,206,0,4.0,2.3
CUST08479,44,Male,Philadelphia,95824,13,52.54,683.02,Beauty,Mobile App,84,0,4.3,4.5
CUST08480,42,Male,Houston,35686,13,89.52,1163.76,Groceries,In-Store,1,2,4.8,5.2
CUST08481,44,Female,New York,27259,15,47.11,706.65,Clothing,Online,25,2,4.2,5.2
CUST08482,41,Male,San Jose,21123,10,85.34,853.4,Clothing,Mobile App,26,1,3.5,4.4
CUST08483,18,Male,San Diego,57795,7,30.79,215.53,Home & Garden,In-Store,18,0,3.1,3.6
CUST08484,75,Male,San Antonio,54051,15,117.36,1760.4,Electronics,Mobile App,46,1,3.9,5.5
CUST08485,37,Female,Dallas,25099,16,66.11,1057.76,Beauty,Online,1,2,3.6,5.7
CUST08486,51,Female,Dallas,45116,8,69.58,556.64,Automotive,Online,25,1,4.2,3.9
CUST08487,57,Male,Dallas,33335,14,167.29,2342.06,Beauty,In-Store,6,3,3.7,5.8
CUST08488,43,Male,Philadelphia,42527,3,48.79,146.37,Automotive,Online,77,0,5.0,2.5
CUST08489,35,Female,San Jose,50323,11,69.01,759.11,Sports,Mobile App,38,2,2.9,4.4
CUST08490,42,Female,Houston,23001,11,437.57,4813.27,Books,Online,8,2,4.2,6.3
CUST08491,62,Female,New York,31365,10,132.33,1323.3,Groceries,Online,11,1,3.1,4.7
CUST08492,45,Male,San Antonio,20000,13,41.8,543.4,Toys,In-Store,50,2,3.5,4.6
CUST08493,22,Female,Philadelphia,49687,14,40.73,570.22,Health,Online,2,2,3.7,5.1
CUST08494,29,Female,Phoenix,50887,15,300.55,4508.25,Beauty,In-Store,2,2,4.2,7.0
CUST08495,24,Female,San Antonio,81108,9,117.83,1060.47,Books,In-Store,54,2,2.9,4.1
CUST08496,51,Female,Phoenix,20715,16,41.66,666.56,Toys,In-Store,1,3,3.6,5.5
CUST08497,33,Male,Houston,47809,9,20.72,186.48,Sports,Mobile App,10,0,3.8,4.0
CUST08498,38,Female,Philadelphia,50927,10,60.3,603.0,Electronics,In-Store,41,1,4.6,4.2
CUST08499,53,Male,New York,41812,12,90.33,1083.96,Beauty,Online,3,0,3.9,5.0
CUST08500,56,Female,San Jose,54343,9,46.47,418.23,Electronics,In-Store,4,3,3.7,4.1
CUST08501,46,Male,Dallas,49245,15,87.9,1318.5,Health,Online,3,2,4.6,5.6
CUST08502,61,Female,San Jose,28425,14,104.47,1462.58,Sports,Online,22,0,4.3,5.4
CUST08503,42,Male,San Diego,50937,16,135.77,2172.32,Beauty,Online,20,3,4.1,6.0
CUST08504,57,Female,New York,56918,13,88.61,1151.93,Toys,In-Store,10,1,3.6,5.1
CUST08505,37,Male,Dallas,21469,10,30.23,302.3,Home & Garden,Online,43,2,3.4,4.0
CUST08506,34,Female,San Antonio,29326,12,100.43,1205.16,Health,Online,2,3,3.5,5.0
CUST08507,27,Female,Los Angeles,46629,16,54.79,876.64,Home & Garden,Online,34,0,4.2,5.4
CUST08508,33,Male,Dallas,39699,11,119.78,1317.58,Electronics,In-Store,10,0,4.8,4.8
CUST08509,27,Male,New York,89881,9,25.07,225.63,Toys,Online,58,3,3.2,3.7
CUST08510,32,Male,Phoenix,49445,19,60.22,1144.18,Clothing,Online,15,2,3.8,6.1
CUST08511,64,Female,San Antonio,22049,10,51.9,519.0,Home & Garden,Online,31,1,3.4,4.2
CUST08512,45,Non-binary,Phoenix,20000,6,71.07,426.42,Electronics,Online,19,1,3.6,3.5
CUST08513,45,Male,Chicago,57591,16,79.4,1270.4,Books,Online,61,5,2.4,5.4
CUST08514,38,Male,Dallas,20000,4,131.42,525.68,Toys,In-Store,43,0,3.8,3.1
CUST08515,32,Male,Houston,58527,10,96.11,961.1,Sports,Mobile App,9,3,2.8,4.5
CUST08516,32,Male,San Antonio,60083,7,11.46,80.22,Sports,In-Store,58,0,3.5,3.3
CUST08517,20,Non-binary,San Antonio,137173,13,46.66,606.58,Books,In-Store,8,4,2.3,4.9
CUST08518,32,Male,Chicago,25057,9,81.19,730.71,Toys,Online,12,1,4.0,4.2
CUST08519,37,Female,San Jose,47214,11,51.24,563.64,Toys,Online,34,2,2.8,4.4
CUST08520,55,Male,Chicago,75271,12,172.49,2069.88,Electronics,In-Store,4,2,4.4,5.4
CUST08521,18,Female,Phoenix,31395,12,19.16,229.92,Clothing,Online,19,0,4.1,4.5
CUST08522,39,Male,Chicago,22459,11,64.63,710.93,Toys,Online,24,1,4.4,4.5
CUST08523,34,Female,Dallas,52206,10,25.77,257.7,Clothing,In-Store,44,1,3.5,4.0
CUST08524,45,Female,Los Angeles,46541,10,10,100,Books,Online,9,0,4.6,4.2
CUST08525,24,Female,San Jose,93947,12,15.19,182.28,Toys,Online,13,1,4.9,4.5
CUST08526,42,Female,Houston,63021,12,89.04,1068.48,Automotive,Online,1,0,3.8,5.0
CUST08527,22,Male,New York,39164,13,131.73,1712.49,Books,Online,6,2,3.2,5.4
CUST08528,32,Male,Philadelphia,33556,6,71.16,426.96,Toys,Mobile App,182,1,3.4,2.5
CUST08529,49,Male,San Diego,90591,10,75.38,753.8,Automotive,In-Store,43,1,4.4,4.2
CUST08530,40,Female,New York,20000,9,32.43,291.87,Beauty,In-Store,5,1,3.9,4.1
CUST08531,45,Female,Chicago,45860,7,222.94,1560.58,Books,Online,25,0,4.2,4.1
CUST08532,49,Female,New York,33912,11,44.07,484.77,Books,Mobile App,32,0,4.2,4.3
CUST08533,27,Male,San Antonio,20000,23,35.19,809.37,Toys,Online,48,4,3.3,6.5
CUST08534,38,Male,Dallas,139336,12,30.33,363.96,Clothing,Mobile App,38,1,3.2,4.4
CUST08535,64,Female,Houston,94412,10,24.61,246.1,Books,Mobile App,9,2,4.0,4.2
CUST08536,59,Female,San Jose,62394,14,75.04,1050.56,Clothing,Online,28,1,4.7,5.1
CUST08537,34,Female,Phoenix,20000,18,24.9,448.2,Beauty,In-Store,3,1,4.6,5.7
CUST08538,50,Female,Phoenix,46211,11,84.75,932.25,Clothing,In-Store,17,1,4.0,4.6
CUST08539,27,Female,Houston,60135,13,55.41,720.33,Toys,Online,28,2,3.4,4.8
CUST08540,47,Female,New York,49788,20,75.54,1510.8,Beauty,Mobile App,25,2,4.3,6.4
CUST08541,55,Female,New York,91884,14,179.79,2517.06,Toys,In-Store,41,1,3.5,5.7
CUST08542,64,Female,San Antonio,48803,18,45.1,811.8,Beauty,Online,36,2,4.2,5.7
CUST08543,40,Male,San Antonio,22485,17,69.07,1174.19,Sports,Online,1,3,3.6,5.9
CUST08544,26,Male,San Diego,53907,9,27.14,244.26,Automotive,Online,4,1,3.7,4.1
CUST08545,25,Female,Phoenix,68006,13,122.53,1592.89,Toys,In-Store,8,1,2.9,5.3
CUST08546,46,Male,Houston,78439,12,46.17,554.04,Electronics,Online,1,3,3.6,4.8
CUST08547,35,Female,Philadelphia,29218,11,60.06,660.66,Toys,Online,40,2,3.5,4.4
CUST08548,42,Female,Philadelphia,83824,15,117.94,1769.1,Sports,In-Store,41,2,3.3,5.5
CUST08549,38,Male,Phoenix,21115,12,61.14,733.68,Sports,In-Store,47,0,4.1,4.5
CUST08550,25,Male,Dallas,35273,12,18.2,218.4,Electronics,In-Store,22,3,3.5,4.5
CUST08551,22,Male,San Diego,61523,13,18.67,242.71,Automotive,Mobile App,9,1,3.6,4.7
CUST08552,31,Female,San Antonio,54060,18,37.51,675.18,Sports,Online,12,1,4.7,5.8
CUST08553,43,Female,San Antonio,20000,11,49.0,539.0,Toys,In-Store,1,2,3.9,4.6
CUST08554,29,Male,San Jose,33252,7,78.97,552.79,Automotive,Mobile App,5,2,4.0,3.8
CUST08555,41,Female,Phoenix,108303,17,28.57,485.69,Electronics,In-Store,98,2,4.4,5.0
CUST08556,61,Female,Philadelphia,70080,11,99.99,1099.89,Health,Online,38,0,4.6,4.6
CUST08557,36,Male,Chicago,27115,9,30.95,278.55,Electronics,Online,8,2,3.6,4.1
CUST08558,48,Female,San Antonio,68571,19,34.43,654.17,Electronics,Mobile App,10,1,3.6,6.0
CUST08559,38,Female,Chicago,39523,12,11.81,141.72,Books,In-Store,65,3,3.3,4.2
CUST08560,54,Female,Los Angeles,105034,10,84.79,847.9,Beauty,Online,25,4,4.1,4.4
CUST08561,41,Female,New York,64953,11,77.46,852.06,Groceries,In-Store,67,0,4.0,4.3
CUST08562,37,Female,San Jose,64146,13,44.57,579.41,Books,Online,39,2,2.9,4.7
CUST08563,23,Male,San Jose,20473,15,43.87,658.05,Groceries,Mobile App,4,0,4.3,5.3
CUST08564,45,Male,San Antonio,37289,12,99.13,1189.56,Beauty,Online,21,0,3.7,4.9
CUST08565,26,Male,Houston,20000,10,152.96,1529.6,Electronics,Online,111,0,3.6,4.1
CUST08566,30,Female,Los Angeles,54513,9,53.86,484.74,Beauty,Online,85,1,4.5,3.7
CUST08567,24,Female,New York,92651,15,86.78,1301.7,Groceries,In-Store,23,1,3.4,5.5
CUST08568,18,Male,Chicago,77790,16,36.19,579.04,Electronics,Online,5,2,4.0,5.4
CUST08569,18,Female,San Jose,55088,16,26.34,421.44,Beauty,Online,7,0,2.9,5.4
CUST08570,25,Female,Philadelphia,29954,10,38.01,380.1,Electronics,Online,15,2,3.9,4.2
CUST08571,37,Male,Los Angeles,120031,6,109.69,658.14,Automotive,Online,1,0,4.2,3.7
CUST08572,22,Male,San Antonio,105229,9,101.27,911.43,Automotive,Online,84,3,3.2,3.9
CUST08573,38,Female,Phoenix,98304,12,16.4,196.8,Automotive,Mobile App,80,0,4.2,4.1
CUST08574,51,Female,New York,69414,4,85.13,340.52,Health,Online,95,0,3.9,2.7
CUST08575,35,Female,Philadelphia,58203,14,78.83,1103.62,Sports,In-Store,10,1,3.7,5.3
CUST08576,32,Female,Houston,61205,9,102.93,926.37,Automotive,Online,65,0,4.0,4.0
CUST08577,54,Female,San Diego,61092,8,54.59,436.72,Health,Online,31,0,4.2,3.8
CUST08578,38,Male,Dallas,34639,11,99.22,1091.42,Groceries,Online,13,1,3.8,4.7
CUST08579,35,Female,Philadelphia,30573,11,36.03,396.33,Home & Garden,In-Store,1,0,3.2,4.5
CUST08580,22,Male,Los Angeles,62564,10,69.04,690.4,Automotive,Online,61,0,4.5,4.1
CUST08581,24,Male,Houston,44870,11,72.92,802.12,Automotive,Mobile App,2,0,3.9,4.7
CUST08582,32,Male,Phoenix,56841,8,31.91,255.28,Groceries,In-Store,1,1,4.0,3.9
CUST08583,27,Female,Los Angeles,20000,11,57.26,629.86,Automotive,Online,64,1,3.8,4.2
CUST08584,32,Female,Philadelphia,135131,6,239.53,1437.18,Toys,In-Store,13,2,4.0,4.0
CUST08585,55,Female,Dallas,41754,9,90.99,818.91,Clothing,Online,134,3,4.5,3.5
CUST08586,46,Male,New York,21768,9,23.81,214.29,Home & Garden,Online,20,2,3.7,4.0
CUST08587,45,Female,San Jose,41535,11,128.36,1411.96,Books,In-Store,214,0,3.7,3.6
CUST08588,45,Female,San Jose,54902,17,55.18,938.06,Beauty,Mobile App,21,2,3.9,5.7
CUST08589,54,Male,Dallas,116804,6,94.83,568.98,Toys,Online,167,0,4.2,2.7
CUST08590,24,Female,Philadelphia,68880,6,26.91,161.46,Electronics,Mobile App,16,1,3.7,3.4
CUST08591,23,Female,Dallas,59078,18,77.6,1396.8,Automotive,Online,31,1,3.6,6.0
CUST08592,53,Female,Philadelphia,33841,9,231.22,2080.98,Electronics,In-Store,58,2,2.6,4.5
CUST08593,27,Male,Phoenix,42047,14,76.01,1064.14,Sports,Online,1,1,4.2,5.3
CUST08594,23,Male,Houston,63069,13,59.51,773.63,Beauty,Online,31,2,3.5,4.8
CUST08595,41,Female,San Antonio,43782,11,75.23,827.53,Health,Mobile App,58,0,3.2,4.3
CUST08596,42,Male,Philadelphia,35308,15,93.8,1407.0,Health,In-Store,51,0,3.6,5.3
CUST08597,18,Female,Houston,55444,12,56.5,678.0,Beauty,Mobile App,4,1,2.7,4.8
CUST08598,18,Female,Los Angeles,110946,12,18.07,216.84,Electronics,In-Store,23,1,3.8,4.5
CUST08599,56,Female,Chicago,40230,8,213.28,1706.24,Toys,Online,34,1,3.1,4.3
CUST08600,35,Male,San Diego,26296,13,23.27,302.51,Toys,In-Store,36,1,3.9,4.6
CUST08601,46,Female,Phoenix,48103,14,127.02,1778.28,Beauty,In-Store,27,3,3.1,5.5
CUST08602,47,Male,Phoenix,42561,10,65.59,655.9,Clothing,Online,19,1,3.5,4.3
CUST08603,47,Female,Chicago,39652,13,142.97,1858.61,Sports,In-Store,14,1,3.8,5.4
CUST08604,35,Female,Houston,20000,15,107.58,1613.7,Toys,In-Store,40,0,3.4,5.5
CUST08605,47,Female,New York,56491,12,35.53,426.36,Toys,Online,1,2,3.0,4.7
CUST08606,41,Male,Philadelphia,46540,9,90.57,815.13,Beauty,In-Store,5,0,3.6,4.3
CUST08607,45,Male,Phoenix,93699,17,82.2,1397.4,Health,In-Store,34,2,3.9,5.8
CUST08608,26,Male,Phoenix,77822,19,27.52,522.88,Clothing,Online,19,0,3.5,5.9
CUST08609,39,Male,San Jose,41810,19,40.22,764.18,Beauty,In-Store,4,2,3.1,6.1
CUST08610,38,Female,San Diego,97020,10,40.81,408.1,Clothing,Online,167,1,4.0,3.3
CUST08611,29,Male,Houston,61364,10,143.24,1432.4,Beauty,Mobile App,51,1,3.4,4.5
CUST08612,42,Female,San Diego,81541,14,60.74,850.36,Books,Online,28,3,4.7,5.1
CUST08613,21,Female,New York,28750,13,99.35,1291.55,Books,Online,49,1,3.6,4.9
CUST08614,18,Female,Chicago,45121,17,65.48,1113.16,Toys,Online,23,2,4.1,5.7
CUST08615,39,Female,Philadelphia,50754,15,89.62,1344.3,Home & Garden,Mobile App,27,0,4.6,5.5
CUST08616,56,Female,Philadelphia,148815,14,30.57,427.98,Clothing,In-Store,67,2,3.6,4.6
CUST08617,36,Male,Los Angeles,70720,7,48.14,336.98,Toys,Mobile App,35,2,4.2,3.6
CUST08618,32,Female,New York,34216,11,115.74,1273.14,Electronics,Online,1,0,3.7,4.9
CUST08619,26,Female,Philadelphia,115125,9,96.36,867.24,Automotive,Online,31,1,3.8,4.2
CUST08620,44,Male,Philadelphia,33827,14,127.47,1784.58,Health,Mobile App,58,3,3.3,5.3
CUST08621,60,Female,Philadelphia,122488,15,17.33,259.95,Books,Mobile App,43,1,4.3,4.9
CUST08622,29,Female,San Antonio,28407,13,61.11,794.43,Automotive,Mobile App,5,2,3.0,5.0
CUST08623,26,Female,Houston,35616,5,43.93,219.65,Beauty,In-Store,80,0,4.4,2.9
CUST08624,34,Female,San Diego,92928,12,34.39,412.68,Books,Online,21,1,3.8,4.6
CUST08625,32,Male,San Jose,39060,15,85.55,1283.25,Beauty,In-Store,2,2,3.4,5.6
CUST08626,45,Male,San Jose,65739,10,96.51,965.1,Clothing,Online,7,1,4.1,4.5
CUST08627,18,Male,New York,92638,17,223.36,3797.12,Sports,Online,13,3,3.8,6.9
CUST08628,37,Male,Philadelphia,22577,13,217.73,2830.49,Beauty,In-Store,10,1,3.0,5.8
CUST08629,28,Female,Chicago,21937,15,105.55,1583.25,Clothing,In-Store,62,3,3.9,5.3
CUST08630,42,Female,San Jose,99471,13,19.85,258.05,Home & Garden,Online,47,0,3.6,4.5
CUST08631,18,Female,New York,135927,12,20.0,240.0,Health,In-Store,11,3,3.6,4.6
CUST08632,42,Male,Los Angeles,20400,7,15.15,106.05,Books,Online,37,2,3.1,3.5
CUST08633,31,Female,Dallas,104520,11,38.72,425.92,Automotive,In-Store,9,3,3.4,4.5
CUST08634,50,Female,New York,71257,8,141.53,1132.24,Clothing,Online,1,1,4.7,4.3
CUST08635,36,Male,Dallas,46182,11,21.17,232.87,Home & Garden,In-Store,22,0,3.7,4.3
CUST08636,60,Male,Philadelphia,31291,14,10,140,Home & Garden,Online,3,1,3.5,4.9
CUST08637,57,Male,Phoenix,37882,10,54.94,549.4,Electronics,Online,11,2,3.7,4.3
CUST08638,37,Female,Houston,59191,14,42.24,591.36,Home & Garden,Mobile App,67,2,3.5,4.7
CUST08639,31,Male,San Diego,20548,9,40.59,365.31,Health,Online,18,1,3.3,4.0
CUST08640,39,Female,Houston,114796,10,58.93,589.3,Automotive,In-Store,24,1,3.3,4.3
CUST08641,44,Male,Chicago,84781,16,23.03,368.48,Clothing,In-Store,24,4,3.1,5.2
CUST08642,34,Female,Dallas,20000,8,112.24,897.92,Sports,Online,90,4,2.9,3.6
CUST08643,25,Female,Dallas,40726,11,55.94,615.34,Clothing,In-Store,50,1,2.9,4.3
CUST08644,38,Male,San Diego,63639,14,68.82,963.48,Books,Online,36,1,4.1,5.1
CUST08645,42,Female,Phoenix,54908,13,134.22,1744.86,Groceries,In-Store,45,1,3.9,5.2
CUST08646,47,Female,Phoenix,74113,7,57.41,401.87,Automotive,In-Store,53,0,3.6,3.5
CUST08647,42,Male,Chicago,29573,16,79.86,1277.76,Books,Online,25,0,4.2,5.6
CUST08648,37,Female,Chicago,74946,12,166.79,2001.48,Books,Online,3,2,3.7,5.4
CUST08649,41,Female,Phoenix,213628,9,79.44,714.96,Toys,In-Store,6,2,3.3,4.3
CUST08650,31,Male,Chicago,40203,9,138.34,1245.06,Toys,In-Store,82,1,3.9,4.0
CUST08651,56,Male,Houston,68664,14,161.11,2255.54,Toys,In-Store,37,0,3.7,5.6
CUST08652,51,Female,Dallas,46099,15,42.84,642.6,Clothing,In-Store,25,3,3.1,5.2
CUST08653,51,Female,San Diego,41255,13,77.78,1011.14,Sports,Online,32,1,3.7,4.9
CUST08654,32,Female,Phoenix,53225,12,22.01,264.12,Books,In-Store,20,3,3.1,4.5
CUST08655,38,Female,Phoenix,73518,14,65.28,913.92,Sports,Online,1,2,4.6,5.3
CUST08656,26,Female,San Jose,78222,10,163.84,1638.4,Health,In-Store,14,2,2.8,4.8
CUST08657,46,Male,Philadelphia,56762,12,56.21,674.52,Beauty,Mobile App,7,2,3.9,4.8
CUST08658,48,Male,Chicago,58803,6,35.08,210.48,Home & Garden,In-Store,143,1,3.8,2.7
CUST08659,36,Male,Chicago,34621,10,173.03,1730.3,Books,In-Store,56,0,4.4,4.6
CUST08660,32,Female,New York,42891,16,51.13,818.08,Automotive,Mobile App,1,2,3.4,5.6
CUST08661,41,Female,Phoenix,22812,13,10,130,Health,Online,14,3,3.3,4.7
CUST08662,42,Male,Dallas,80996,15,94.17,1412.55,Clothing,Mobile App,37,1,4.2,5.4
CUST08663,32,Male,Dallas,20000,12,58.52,702.24,Groceries,Mobile App,32,2,4.0,4.6
CUST08664,32,Female,Chicago,49901,11,15.63,171.93,Home & Garden,In-Store,2,1,4.1,4.4
CUST08665,44,Female,Chicago,154913,13,40.99,532.87,Sports,Online,53,4,3.6,4.6
CUST08666,55,Female,Chicago,160246,14,91.66,1283.24,Electronics,Online,44,4,4.0,5.1
CUST08667,37,Male,San Diego,51035,21,93.23,1957.83,Automotive,In-Store,20,2,4.2,6.8
CUST08668,45,Male,San Antonio,44786,16,117.78,1884.48,Clothing,Online,42,0,4.6,5.8
CUST08669,25,Male,Phoenix,76644,9,68.55,616.95,Automotive,Mobile App,25,1,4.3,4.1
CUST08670,34,Female,Houston,52405,9,23.49,211.41,Electronics,Mobile App,28,2,3.1,3.9
CUST08671,35,Female,Philadelphia,25396,9,137.53,1237.77,Health,Online,20,0,3.8,4.4
CUST08672,18,Female,Philadelphia,49745,10,65.46,654.6,Toys,In-Store,4,0,2.9,4.4
CUST08673,53,Female,Philadelphia,71366,9,87.43,786.87,Toys,In-Store,32,3,3.3,4.1
CUST08674,28,Female,New York,89775,18,42.27,760.86,Electronics,Mobile App,8,1,3.6,5.9
CUST08675,32,Male,Chicago,67277,16,128.52,2056.32,Books,In-Store,66,2,4.9,5.7
CUST08676,55,Male,San Antonio,20549,13,60.77,790.01,Sports,In-Store,15,0,3.5,4.9
CUST08677,32,Female,Phoenix,32987,16,208.65,3338.4,Home & Garden,Mobile App,3,1,3.7,6.6
CUST08678,25,Female,Chicago,32018,14,121.6,1702.4,Toys,Online,29,5,4.2,5.4
CUST08679,51,Male,Phoenix,38302,10,19.25,192.5,Books,Online,37,1,3.8,4.0
CUST08680,29,Female,Phoenix,46766,13,82.9,1077.7,Groceries,Online,31,4,4.1,5.0
CUST08681,18,Male,Los Angeles,83850,14,38.17,534.38,Automotive,Online,74,1,4.0,4.6
CUST08682,38,Male,Los Angeles,63334,10,234.25,2342.5,Beauty,Online,7,2,3.9,5.1
CUST08683,39,Male,Los Angeles,77251,14,34.8,487.2,Health,Online,161,4,3.4,4.1
CUST08684,43,Non-binary,Philadelphia,37836,10,220.67,2206.7,Electronics,Mobile App,42,1,3.8,4.8
CUST08685,27,Male,Los Angeles,24590,14,67.25,941.5,Home & Garden,Online,80,0,3.7,4.8
CUST08686,41,Female,Dallas,33006,20,45.6,912.0,Beauty,Online,5,2,3.7,6.3
CUST08687,44,Male,Phoenix,24444,13,106.54,1385.02,Home & Garden,Mobile App,88,0,4.4,4.7
CUST08688,43,Female,San Jose,64784,14,82.29,1152.06,Automotive,Mobile App,1,2,4.7,5.4
CUST08689,52,Male,San Antonio,48109,11,37.19,409.09,Books,In-Store,38,0,3.8,4.3
CUST08690,47,Male,San Diego,49974,11,104.81,1152.91,Health,In-Store,12,1,3.4,4.8
CUST08691,38,Male,Phoenix,47072,5,21.67,108.35,Groceries,Online,279,0,3.8,1.6
CUST08692,49,Female,New York,36191,9,179.92,1619.28,Books,Online,36,2,4.4,4.5
CUST08693,27,Non-binary,Dallas,20000,15,58.82,882.3,Health,Mobile App,24,0,4.1,5.3
CUST08694,50,Female,San Diego,67225,10,108.34,1083.4,Electronics,Online,28,2,3.3,4.5
CUST08695,38,Male,San Jose,91222,11,228.68,2515.48,Clothing,In-Store,4,0,4.3,5.4
CUST08696,38,Male,Phoenix,48106,11,57.71,634.81,Health,Mobile App,17,1,3.3,4.5
CUST08697,28,Male,San Jose,73159,8,78.0,624.0,Health,Online,5,2,3.3,4.1
CUST08698,23,Female,San Diego,33460,16,42.22,675.52,Electronics,In-Store,8,2,3.9,5.5
CUST08699,48,Male,San Jose,29950,12,116.41,1396.92,Books,Online,54,6,2.9,4.8
CUST08700,64,Male,Phoenix,20000,12,38.36,460.32,Home & Garden,Online,24,2,3.0,4.6
CUST08701,50,Non-binary,Houston,115073,9,103.13,928.17,Electronics,Online,6,3,3.9,4.3
CUST08702,30,Female,San Diego,27136,6,29.97,179.82,Toys,In-Store,18,3,2.4,3.4
CUST08703,43,Female,Philadelphia,38897,13,48.97,636.61,Clothing,Online,24,1,3.5,4.8
CUST08704,31,Male,New York,105092,12,85.73,1028.76,Health,In-Store,200,0,4.0,3.7
CUST08705,49,Female,Chicago,78484,13,28.65,372.45,Clothing,Online,11,1,4.4,4.8
CUST08706,47,Female,Phoenix,62709,11,41.14,452.54,Beauty,Mobile App,14,3,3.5,4.4
CUST08707,37,Male,San Diego,20000,12,24.89,298.68,Clothing,Online,5,0,4.4,4.6
CUST08708,35,Male,Chicago,20000,7,57.77,404.39,Electronics,Online,107,0,4.5,3.1
CUST08709,53,Male,Chicago,99715,14,53.91,754.74,Toys,Online,1,0,3.9,5.2
CUST08710,29,Female,Chicago,51040,17,70.13,1192.21,Books,Online,5,0,4.0,5.9
CUST08711,42,Male,New York,24632,11,102.77,1130.47,Groceries,Online,43,0,4.0,4.6
CUST08712,52,Male,San Antonio,26858,8,36.45,291.6,Beauty,Online,42,3,3.3,3.7
CUST08713,43,Male,Chicago,57329,12,254.06,3048.72,Sports,Online,28,2,3.9,5.6
CUST08714,49,Male,Chicago,92887,5,41.72,208.6,Books,Online,62,0,4.4,3.0
CUST08715,42,Male,New York,42987,10,16.31,163.1,Home & Garden,Online,30,2,3.5,4.0
CUST08716,53,Female,New York,88148,13,107.66,1399.58,Groceries,Online,89,2,4.1,4.7
CUST08717,42,Male,New York,22024,15,51.89,778.35,Electronics,Mobile App,2,6,3.0,5.4
CUST08718,29,Male,San Antonio,31173,11,104.53,1149.83,Automotive,Online,3,2,4.6,4.8
CUST08719,30,Male,New York,32045,14,122.56,1715.84,Beauty,Online,6,1,3.1,5.6
CUST08720,38,Male,Los Angeles,40898,10,112.62,1126.2,Groceries,Online,145,1,4.1,3.7
CUST08721,47,Female,San Antonio,30854,12,16.86,202.32,Toys,Mobile App,116,0,3.5,3.9
CUST08722,18,Female,Chicago,32386,8,333.67,2669.36,Home & Garden,Online,43,1,3.7,4.7
CUST08723,25,Female,San Jose,23290,14,59.79,837.06,Home & Garden,In-Store,19,3,3.5,5.1
CUST08724,27,Female,New York,54086,22,151.27,3327.94,Beauty,Online,16,1,4.0,7.6
CUST08725,50,Male,San Jose,122033,11,82.52,907.72,Beauty,Mobile App,11,1,3.8,4.7
CUST08726,21,Female,San Antonio,45068,5,118.52,592.6,Beauty,Online,41,1,3.5,3.3
CUST08727,62,Male,San Diego,126559,12,174.88,2098.56,Health,Online,1,0,4.4,5.4
CUST08728,52,Male,Los Angeles,53258,12,89.15,1069.8,Automotive,Online,3,0,3.6,5.0
CUST08729,34,Male,Chicago,60486,13,53.59,696.67,Books,In-Store,15,1,3.3,4.9
CUST08730,39,Male,Dallas,38381,5,34.63,173.15,Beauty,In-Store,125,1,3.8,2.6
CUST08731,61,Female,Los Angeles,38025,16,38.23,611.68,Health,Online,11,2,4.1,5.4
CUST08732,30,Female,Phoenix,71540,10,53.43,534.3,Clothing,Mobile App,27,1,4.0,4.2
CUST08733,26,Female,Los Angeles,73435,8,386.33,3090.64,Beauty,In-Store,9,0,4.0,5.1
CUST08734,29,Female,New York,47104,12,21.83,261.96,Beauty,Online,7,1,3.6,4.6
CUST08735,41,Female,Houston,88982,14,38.37,537.18,Sports,Online,12,3,3.5,5.0
CUST08736,49,Male,Houston,20619,13,46.9,609.7,Home & Garden,Mobile App,5,1,3.9,4.9
CUST08737,56,Male,Houston,62381,12,109.13,1309.56,Electronics,Online,53,1,3.1,4.7
CUST08738,26,Female,Philadelphia,43921,16,72.32,1157.12,Sports,Online,22,2,3.2,5.6
CUST08739,67,Female,New York,83684,8,36.17,289.36,Electronics,In-Store,55,1,3.8,3.6
CUST08740,38,Female,Phoenix,46373,8,164.67,1317.36,Clothing,Online,8,0,4.3,4.3
CUST08741,40,Non-binary,Houston,27125,12,40.05,480.6,Toys,Mobile App,26,1,3.7,4.6
CUST08742,34,Male,Chicago,124526,12,86.05,1032.6,Clothing,In-Store,10,3,3.4,4.9
CUST08743,44,Male,Phoenix,38505,20,148.07,2961.4,Toys,Online,1,2,4.1,7.2
CUST08744,51,Female,Philadelphia,76256,13,82.06,1066.78,Health,Online,1,4,3.2,5.1
CUST08745,37,Female,Houston,29637,15,83.23,1248.45,Home & Garden,Mobile App,2,3,3.0,5.6
CUST08746,37,Female,San Jose,53752,13,32.15,417.95,Toys,Online,52,4,3.5,4.5
CUST08747,31,Female,Dallas,21514,11,55.31,608.41,Beauty,Online,96,3,3.9,4.0
CUST08748,60,Male,San Antonio,51720,10,28.76,287.6,Health,Online,84,2,3.6,3.8
CUST08749,52,Male,San Jose,29587,19,180.24,3424.56,Clothing,Online,22,1,3.8,7.1
CUST08750,57,Female,San Jose,43538,12,91.35,1096.2,Home & Garden,Online,1,1,3.8,5.0
CUST08751,56,Female,New York,20000,8,92.09,736.72,Beauty,In-Store,51,3,3.8,3.8
CUST08752,43,Female,San Jose,37132,12,108.97,1307.64,Clothing,In-Store,25,2,3.4,4.9
CUST08753,27,Female,Dallas,40052,13,113.5,1475.5,Home & Garden,Online,40,1,4.2,5.1
CUST08754,19,Female,San Diego,27708,11,64.23,706.53,Health,Online,24,2,3.8,4.5
CUST08755,36,Female,Phoenix,28731,8,166.94,1335.52,Toys,Online,53,2,3.7,4.1
CUST08756,42,Female,Phoenix,71891,20,102.88,2057.6,Sports,Online,6,1,4.1,6.8
CUST08757,60,Male,Phoenix,36156,9,88.07,792.63,Beauty,Mobile App,11,1,4.0,4.3
CUST08758,53,Non-binary,Philadelphia,50375,13,78.1,1015.3,Health,Online,2,1,4.1,5.1
CUST08759,35,Female,San Diego,44780,12,208.52,2502.24,Electronics,In-Store,124,0,4.3,4.8
CUST08760,39,Female,San Antonio,79798,8,95.54,764.32,Beauty,Online,5,1,3.9,4.1
CUST08761,26,Male,Chicago,36362,17,24.82,421.94,Electronics,Online,20,1,3.7,5.5
CUST08762,27,Female,Philadelphia,20582,6,23.88,143.28,Books,Online,16,0,4.3,3.4
CUST08763,55,Female,Chicago,33149,9,71.42,642.78,Toys,Online,77,0,4.0,3.8
CUST08764,21,Female,Chicago,168424,15,38.34,575.1,Books,Online,6,0,3.4,5.3
CUST08765,54,Male,San Antonio,115405,16,27.72,443.52,Clothing,Online,30,4,3.8,5.2
CUST08766,24,Male,New York,70069,13,31.81,413.53,Clothing,Online,20,0,5.0,4.7
CUST08767,24,Female,Houston,45633,16,70.02,1120.32,Books,Mobile App,10,4,2.7,5.6
CUST08768,51,Female,Los Angeles,33526,13,19.25,250.25,Health,Online,13,1,4.4,4.7
CUST08769,42,Female,Dallas,86962,12,104.32,1251.84,Clothing,In-Store,15,1,3.6,5.0
CUST08770,43,Male,Houston,51235,13,44.45,577.85,Groceries,Online,1,3,3.3,4.9
CUST08771,39,Male,Chicago,67190,6,21.22,127.32,Automotive,Online,16,0,4.0,3.4
CUST08772,27,Female,Dallas,48029,6,23.28,139.68,Toys,Online,4,0,4.3,3.5
CUST08773,24,Female,San Diego,206703,17,62.97,1070.49,Electronics,Online,6,3,3.4,5.8
CUST08774,32,Female,San Diego,98070,15,107.96,1619.4,Groceries,In-Store,8,0,3.4,5.7
CUST08775,39,Female,Los Angeles,35341,10,128.77,1287.7,Clothing,In-Store,160,0,5.0,3.7
CUST08776,41,Male,San Jose,88724,16,82.87,1325.92,Books,Online,25,3,3.2,5.6
CUST08777,35,Male,San Diego,90337,11,96.91,1066.01,Toys,Online,24,0,3.9,4.6
CUST08778,53,Male,San Jose,165237,6,68.91,413.46,Beauty,Online,46,0,3.5,3.4
CUST08779,64,Female,Los Angeles,23399,12,103.32,1239.84,Health,Mobile App,87,1,3.7,4.5
CUST08780,46,Male,Philadelphia,46476,10,109.84,1098.4,Clothing,Mobile App,37,1,4.0,4.4
CUST08781,42,Male,Houston,58612,15,58.94,884.1,Health,Mobile App,16,2,3.6,5.3
CUST08782,50,Female,Phoenix,45321,15,46.35,695.25,Automotive,In-Store,23,0,3.6,5.2
CUST08783,31,Female,Philadelphia,36478,14,71.99,1007.86,Electronics,Online,26,2,3.3,5.1
CUST08784,49,Male,San Antonio,23697,11,113.86,1252.46,Toys,In-Store,3,1,4.4,4.9
CUST08785,26,Female,Dallas,47194,14,22.29,312.06,Books,In-Store,11,1,4.2,4.9
CUST08786,41,Male,Dallas,23074,10,152.84,1528.4,Clothing,In-Store,67,2,3.4,4.4
CUST08787,44,Female,San Diego,51319,16,51.25,820.0,Toys,Online,3,1,3.5,5.6
CUST08788,58,Male,Phoenix,105038,12,63.72,764.64,Toys,Online,15,1,3.9,4.8
CUST08789,18,Male,San Jose,31183,6,32.82,196.92,Health,In-Store,18,1,4.2,3.4
CUST08790,39,Female,Dallas,96049,15,25.68,385.2,Sports,Online,17,2,2.6,5.1
CUST08791,55,Male,San Antonio,29164,18,34.41,619.38,Health,In-Store,56,1,3.5,5.5
CUST08792,30,Male,Los Angeles,20000,13,180.48,2346.24,Groceries,Online,30,0,4.0,5.5
CUST08793,34,Female,Los Angeles,70059,11,345.61,3801.71,Health,Online,21,1,3.3,5.8
CUST08794,31,Female,Phoenix,20000,9,40.31,362.79,Books,In-Store,70,1,4.0,3.7
CUST08795,24,Male,San Antonio,41939,16,27.78,444.48,Toys,Online,1,2,3.7,5.4
CUST08796,35,Male,San Antonio,79252,11,80.91,890.01,Health,In-Store,9,3,2.7,4.7
CUST08797,18,Male,Houston,99033,15,15.98,239.7,Electronics,Online,13,4,2.8,5.1
CUST08798,25,Male,Dallas,73671,11,111.74,1229.14,Toys,In-Store,187,3,2.7,3.7
CUST08799,40,Male,San Antonio,45251,16,137.32,2197.12,Automotive,Online,1,1,3.8,6.2
CUST08800,44,Female,San Diego,62177,11,175.86,1934.46,Beauty,Online,38,2,3.3,4.9
CUST08801,46,Male,Philadelphia,64729,9,106.92,962.28,Groceries,Online,36,3,3.6,4.2
CUST08802,23,Male,Chicago,22677,11,60.73,668.03,Health,In-Store,35,2,3.5,4.4
CUST08803,29,Female,San Diego,32409,11,71.59,787.49,Sports,Online,21,1,3.0,4.5
CUST08804,44,Male,Chicago,45504,10,62.65,626.5,Automotive,Online,26,1,4.3,4.3
CUST08805,50,Female,San Jose,75618,15,133.5,2002.5,Home & Garden,Online,27,1,4.2,5.7
CUST08806,29,Male,San Diego,56785,13,32.29,419.77,Home & Garden,In-Store,26,1,3.7,4.7
CUST08807,39,Male,Chicago,153544,10,548.98,5489.8,Groceries,In-Store,15,0,3.5,6.4
CUST08808,28,Male,San Diego,103095,7,34.68,242.76,Automotive,Online,7,0,4.6,3.7
CUST08809,26,Female,New York,51982,9,39.23,353.07,Home & Garden,In-Store,1,0,3.9,4.1
CUST08810,32,Male,San Diego,43777,8,101.56,812.48,Beauty,Mobile App,24,3,2.4,4.0
CUST08811,44,Female,New York,100470,15,40.43,606.45,Beauty,Online,39,0,3.8,5.1
CUST08812,38,Female,San Diego,49114,8,66.4,531.2,Toys,In-Store,38,0,4.3,3.8
CUST08813,62,Female,San Diego,29630,12,35.88,430.56,Sports,Online,18,1,4.2,4.6
CUST08814,35,Female,Phoenix,81998,11,39.18,430.98,Home & Garden,Online,140,2,3.4,3.6
CUST08815,39,Male,Philadelphia,20000,8,120.2,961.6,Home & Garden,In-Store,26,2,3.4,4.1
CUST08816,22,Female,Los Angeles,48005,16,21.79,348.64,Beauty,Online,6,1,3.6,5.3
CUST08817,41,Male,San Jose,66719,17,56.79,965.43,Groceries,Mobile App,85,3,4.2,5.3
CUST08818,35,Male,New York,121804,15,19.89,298.35,Health,Online,49,4,2.9,4.9
CUST08819,50,Male,Houston,106627,10,50.63,506.3,Books,In-Store,34,0,3.7,4.2
CUST08820,38,Female,San Diego,67378,14,156.0,2184.0,Beauty,Mobile App,1,2,3.5,5.8
CUST08821,36,Male,San Jose,62948,15,173.23,2598.45,Sports,Online,25,0,4.0,6.0
CUST08822,32,Female,San Antonio,74157,13,77.54,1008.02,Automotive,Online,27,0,4.3,5.0
CUST08823,35,Female,San Diego,32324,15,48.06,720.9,Electronics,Mobile App,15,1,3.7,5.3
CUST08824,29,Female,Philadelphia,47456,7,79.9,559.3,Electronics,Online,1,0,3.7,3.9
CUST08825,41,Female,Houston,28660,9,40.91,368.19,Health,In-Store,96,0,4.7,3.5
CUST08826,23,Male,Los Angeles,94207,13,43.39,564.07,Electronics,In-Store,18,2,3.0,4.8
CUST08827,42,Male,Phoenix,24684,9,183.14,1648.26,Groceries,Mobile App,18,0,4.0,4.6
CUST08828,30,Female,San Jose,49645,10,42.69,426.9,Toys,Online,2,1,3.1,4.3
CUST08829,29,Male,Phoenix,25408,11,53.01,583.11,Health,Online,22,1,2.9,4.5
CUST08830,55,Female,New York,76397,9,30.01,270.09,Clothing,Mobile App,21,1,4.1,4.0
CUST08831,42,Female,Dallas,31075,11,350.53,3855.83,Automotive,Mobile App,17,0,4.2,5.9
CUST08832,27,Female,San Jose,58783,14,66.55,931.7,Health,In-Store,9,1,3.8,5.2
CUST08833,22,Male,Chicago,28255,15,24.29,364.35,Health,Online,8,3,3.3,5.2
CUST08834,24,Male,Philadelphia,55969,17,73.75,1253.75,Home & Garden,In-Store,38,2,4.0,5.7
CUST08835,43,Female,Los Angeles,140021,12,22.97,275.64,Clothing,Online,27,4,2.9,4.5
CUST08836,31,Female,New York,84409,9,46.72,420.48,Home & Garden,Online,37,0,4.4,3.9
CUST08837,29,Male,New York,46035,11,156.56,1722.16,Clothing,Mobile App,3,0,3.3,5.1
CUST08838,18,Female,Phoenix,24833,10,27.37,273.7,Groceries,Online,86,0,3.6,3.7
CUST08839,39,Male,Philadelphia,76228,9,33.47,301.23,Beauty,Online,66,0,4.6,3.7
CUST08840,33,Non-binary,New York,20557,17,52.48,892.16,Groceries,Mobile App,20,4,3.4,5.7
CUST08841,40,Female,Philadelphia,68450,12,56.4,676.8,Sports,In-Store,8,2,4.0,4.8
CUST08842,61,Female,Chicago,26167,14,106.86,1496.04,Groceries,In-Store,1,2,3.8,5.5
CUST08843,49,Female,New York,29473,12,14.26,171.12,Toys,Mobile App,8,2,3.7,4.5
CUST08844,27,Male,San Diego,24314,5,50.46,252.3,Home & Garden,In-Store,33,1,4.1,3.2
CUST08845,34,Male,San Antonio,135090,7,129.16,904.12,Books,Mobile App,8,1,4.2,4.0
CUST08846,56,Female,San Jose,66731,8,170.72,1365.76,Beauty,Mobile App,51,2,2.8,4.1
CUST08847,18,Male,New York,82537,16,176.56,2824.96,Electronics,Online,19,2,3.9,6.3
CUST08848,38,Female,Houston,59327,11,29.4,323.4,Health,In-Store,84,2,3.3,4.0
CUST08849,36,Non-binary,New York,33930,19,95.71,1818.49,Toys,In-Store,4,0,3.6,6.5
CUST08850,46,Female,Los Angeles,30461,12,31.18,374.16,Books,Online,7,0,3.9,4.6
CUST08851,47,Male,Phoenix,63575,9,107.11,963.99,Clothing,In-Store,5,1,3.3,4.4
CUST08852,63,Male,Chicago,49110,13,77.92,1012.96,Groceries,Online,2,0,4.9,5.1
CUST08853,40,Male,Philadelphia,97055,8,29.09,232.72,Books,Online,27,2,3.7,3.7
CUST08854,32,Female,San Jose,26015,17,39.85,677.45,Beauty,Online,17,1,3.8,5.6
CUST08855,43,Female,Los Angeles,33968,11,107.98,1187.78,Automotive,In-Store,73,3,3.7,4.4
CUST08856,48,Female,Phoenix,66777,15,86.08,1291.2,Clothing,Online,57,1,3.5,5.2
CUST08857,53,Female,San Antonio,113934,11,116.01,1276.11,Books,Online,11,0,4.0,4.8
CUST08858,23,Female,Chicago,83621,10,72.51,725.1,Automotive,Online,11,1,3.2,4.4
CUST08859,40,Female,Los Angeles,139975,11,56.38,620.18,Beauty,Mobile App,1,2,4.5,4.6
CUST08860,34,Female,Philadelphia,45097,17,184.5,3136.5,Automotive,Online,29,3,3.0,6.6
CUST08861,41,Female,Los Angeles,29157,9,107.14,964.26,Beauty,In-Store,15,2,4.1,4.3
CUST08862,34,Female,San Jose,20716,10,177.23,1772.3,Electronics,In-Store,16,0,3.8,4.8
CUST08863,50,Male,Phoenix,53098,14,89.49,1252.86,Health,Online,61,2,3.3,5.0
CUST08864,41,Male,San Jose,30767,11,49.26,541.86,Clothing,In-Store,3,0,3.1,4.6
CUST08865,18,Male,Phoenix,20000,17,29.06,494.02,Groceries,In-Store,7,3,4.2,5.6
CUST08866,43,Female,Phoenix,70656,14,117.63,1646.82,Automotive,Online,1,6,2.1,5.6
CUST08867,61,Male,New York,34146,13,30.03,390.39,Clothing,Online,8,2,2.8,4.8
CUST08868,39,Female,Philadelphia,41099,12,102.4,1228.8,Books,Mobile App,62,1,3.6,4.7
CUST08869,64,Female,San Jose,52021,18,35.55,639.9,Clothing,Online,10,1,4.1,5.8
CUST08870,36,Male,Philadelphia,129860,12,53.3,639.6,Groceries,Online,1,0,3.4,4.8
CUST08871,34,Male,Chicago,99642,24,78.19,1876.56,Electronics,Online,14,2,4.1,7.3
CUST08872,25,Male,New York,50587,16,53.15,850.4,Groceries,Online,20,1,3.7,5.5
CUST08873,47,Female,Phoenix,33428,15,43.21,648.15,Sports,Online,12,0,4.5,5.2
CUST08874,53,Non-binary,Dallas,57186,13,60.63,788.19,Automotive,Online,153,2,4.2,4.1
CUST08875,25,Male,Phoenix,93152,7,414.0,2898.0,Automotive,Online,63,1,3.8,4.5
CUST08876,34,Female,San Diego,43579,15,177.27,2659.05,Groceries,Mobile App,19,3,3.9,6.1
CUST08877,58,Female,Houston,22927,11,91.38,1005.18,Books,Online,43,1,2.6,4.5
CUST08878,41,Female,San Jose,25535,14,113.87,1594.18,Clothing,Mobile App,16,2,3.1,5.4
CUST08879,35,Male,Phoenix,87942,13,122.53,1592.89,Health,Online,12,0,3.8,5.3
CUST08880,28,Female,Philadelphia,95401,10,75.58,755.8,Home & Garden,In-Store,42,0,3.1,4.2
CUST08881,18,Female,Dallas,23148,10,24.68,246.8,Electronics,Mobile App,22,0,4.0,4.1
CUST08882,38,Male,New York,74127,10,26.4,264.0,Automotive,Online,67,0,3.3,3.9
CUST08883,47,Male,Los Angeles,59282,8,74.34,594.72,Beauty,Online,20,1,4.4,3.9
CUST08884,25,Female,Chicago,59644,9,55.63,500.67,Home & Garden,Online,36,1,3.7,4.0
CUST08885,39,Female,New York,27051,8,50.48,403.84,Groceries,Online,152,0,4.0,3.0
CUST08886,34,Female,Phoenix,78017,8,13.72,109.76,Books,Online,113,0,4.1,3.2
CUST08887,28,Male,Los Angeles,67846,17,56.66,963.22,Home & Garden,Mobile App,4,2,4.4,5.8
CUST08888,39,Male,Chicago,80408,15,39.55,593.25,Beauty,Online,6,0,4.4,5.3
CUST08889,39,Female,Phoenix,75890,13,43.49,565.37,Groceries,Online,8,1,3.2,4.9
CUST08890,36,Male,New York,150928,10,12.94,129.4,Toys,Online,60,0,4.0,3.8
CUST08891,48,Male,Chicago,36955,10,57.55,575.5,Health,Mobile App,3,0,3.8,4.4
CUST08892,29,Male,San Jose,53375,14,62.14,869.96,Automotive,Online,13,2,3.6,5.2
CUST08893,47,Female,San Antonio,42233,9,22.05,198.45,Books,Mobile App,6,0,4.2,4.0
CUST08894,39,Male,Dallas,32053,25,19.77,494.25,Toys,Online,10,7,3.9,7.0
CUST08895,39,Male,New York,20696,12,43.73,524.76,Toys,In-Store,4,2,3.4,4.7
CUST08896,25,Male,Phoenix,26829,17,120.76,2052.92,Electronics,Online,29,3,3.3,6.1
CUST08897,33,Female,New York,70726,21,105.23,2209.83,Beauty,Mobile App,14,2,3.9,7.0
CUST08898,32,Male,San Jose,36259,5,122.01,610.05,Toys,Mobile App,33,2,2.8,3.3
CUST08899,49,Male,San Diego,158902,11,65.78,723.58,Groceries,Online,91,0,4.2,4.1
CUST08900,41,Male,Philadelphia,31285,16,104.96,1679.36,Sports,Mobile App,31,1,4.6,5.7
CUST08901,45,Male,Dallas,68208,6,43.29,259.74,Health,In-Store,11,0,4.1,3.5
CUST08902,20,Female,San Diego,50243,8,46.44,371.52,Books,In-Store,38,0,4.2,3.7
CUST08903,31,Female,Houston,27265,9,54.4,489.6,Health,In-Store,8,0,4.1,4.2
CUST08904,38,Female,Houston,63131,16,80.34,1285.44,Automotive,In-Store,11,1,4.3,5.7
CUST08905,42,Female,Chicago,20000,13,88.12,1145.56,Automotive,In-Store,20,2,3.7,5.1
CUST08906,19,Female,Houston,35111,14,92.86,1300.04,Groceries,In-Store,13,1,4.8,5.3
CUST08907,41,Male,San Antonio,28756,12,58.85,706.2,Automotive,Online,4,2,4.2,4.8
CUST08908,38,Female,New York,101339,15,60.77,911.55,Sports,Online,29,3,2.2,5.3
CUST08909,42,Female,Philadelphia,73682,18,119.73,2155.14,Toys,In-Store,69,5,2.2,6.1
CUST08910,38,Male,Dallas,73314,12,139.15,1669.8,Health,In-Store,11,2,3.0,5.2
CUST08911,40,Female,Los Angeles,58930,11,210.78,2318.58,Clothing,In-Store,3,2,4.5,5.3
CUST08912,40,Female,San Jose,23173,6,102.96,617.76,Groceries,In-Store,56,1,3.4,3.4
CUST08913,53,Female,Philadelphia,28295,11,32.89,361.79,Home & Garden,Online,7,2,3.6,4.5
CUST08914,34,Male,New York,23131,14,40.2,562.8,Beauty,Online,50,2,4.2,4.8
CUST08915,30,Male,New York,117776,9,56.17,505.53,Toys,Online,124,1,3.7,3.4
CUST08916,47,Male,Dallas,22804,10,27.35,273.5,Automotive,Mobile App,38,0,4.2,4.0
CUST08917,29,Female,San Jose,40651,10,45.0,450.0,Sports,In-Store,50,0,4.2,4.0
CUST08918,38,Female,San Antonio,21403,12,203.64,2443.68,Home & Garden,In-Store,32,3,3.7,5.4
CUST08919,46,Male,Dallas,60938,14,242.15,3390.1,Books,In-Store,2,2,3.8,6.3
CUST08920,37,Male,Los Angeles,79406,11,28.78,316.58,Home & Garden,In-Store,32,1,4.1,4.3
CUST08921,27,Male,Philadelphia,101823,10,33.96,339.6,Health,Online,43,1,3.9,4.0
CUST08922,70,Female,Phoenix,59306,10,138.07,1380.7,Automotive,Online,2,2,4.2,4.7
CUST08923,44,Male,Chicago,39579,11,189.15,2080.65,Groceries,Mobile App,31,1,3.9,5.0
CUST08924,18,Female,Philadelphia,46989,13,15.11,196.43,Clothing,Online,18,2,3.1,4.7
CUST08925,43,Female,Houston,62547,20,189.95,3799.0,Electronics,In-Store,47,1,3.4,7.2
CUST08926,38,Female,Philadelphia,62340,17,63.51,1079.67,Sports,Online,44,1,4.6,5.6
CUST08927,32,Male,Philadelphia,23295,9,42.17,379.53,Clothing,Mobile App,59,1,4.7,3.8
CUST08928,36,Female,Los Angeles,51094,21,25.17,528.57,Electronics,In-Store,9,2,3.8,6.3
CUST08929,29,Female,Philadelphia,30519,15,81.92,1228.8,Clothing,In-Store,45,2,3.2,5.3
CUST08930,21,Non-binary,San Antonio,28737,10,76.08,760.8,Home & Garden,Online,44,1,3.9,4.2
CUST08931,23,Male,San Jose,68015,16,110.47,1767.52,Electronics,Mobile App,1,2,4.0,6.0
CUST08932,30,Male,New York,80956,14,32.52,455.28,Sports,Online,46,2,3.6,4.8
CUST08933,40,Male,Chicago,42728,17,32.23,547.91,Groceries,Online,1,4,3.7,5.6
CUST08934,26,Male,San Diego,29905,9,38.39,345.51,Automotive,In-Store,6,3,3.9,4.1
CUST08935,52,Male,New York,41073,11,53.56,589.16,Home & Garden,Mobile App,5,1,5.0,4.6
CUST08936,39,Female,Chicago,54817,16,64.83,1037.28,Home & Garden,In-Store,34,3,3.3,5.5
CUST08937,48,Female,Chicago,72314,16,92.07,1473.12,Automotive,Online,23,1,3.6,5.7
CUST08938,44,Male,Dallas,42766,9,80.3,722.7,Health,In-Store,98,1,4.0,3.7
CUST08939,53,Female,Houston,46459,13,130.69,1698.97,Beauty,Mobile App,21,0,4.2,5.3
CUST08940,38,Male,San Diego,69244,15,101.28,1519.2,Beauty,Mobile App,32,3,3.6,5.5
CUST08941,38,Female,Los Angeles,51185,7,84.61,592.27,Clothing,Mobile App,1,0,4.2,3.9
CUST08942,35,Male,Philadelphia,39772,10,146.86,1468.6,Health,Online,3,1,4.2,4.8
CUST08943,32,Female,San Diego,33163,13,33.47,435.11,Home & Garden,Online,21,0,3.9,4.7
CUST08944,35,Male,Houston,53193,11,60.84,669.24,Home & Garden,Mobile App,2,2,4.0,4.6
CUST08945,26,Male,New York,56863,11,119.93,1319.23,Automotive,In-Store,46,2,3.0,4.6
CUST08946,54,Male,Houston,90597,10,38.67,386.7,Electronics,Mobile App,13,1,4.0,4.3
CUST08947,46,Female,Philadelphia,117589,14,67.98,951.72,Health,Mobile App,24,1,4.2,5.1
CUST08948,41,Female,New York,57619,9,92.11,828.99,Electronics,Online,129,3,3.9,3.5
CUST08949,18,Female,Los Angeles,61829,11,93.15,1024.65,Automotive,Mobile App,42,1,3.0,4.5
CUST08950,40,Male,San Antonio,80079,16,38.55,616.8,Sports,In-Store,1,2,3.6,5.5
CUST08951,62,Male,Los Angeles,59859,13,59.17,769.21,Electronics,Mobile App,18,2,3.1,4.9
CUST08952,57,Male,Dallas,86858,13,76.56,995.28,Groceries,Online,1,3,2.8,5.1
CUST08953,40,Female,New York,24606,9,235.63,2120.67,Automotive,Online,18,0,4.5,4.8
CUST08954,50,Male,Dallas,56956,12,142.57,1710.84,Sports,Mobile App,2,1,2.7,5.2
CUST08955,33,Male,Dallas,25598,10,29.12,291.2,Toys,In-Store,83,1,4.1,3.8
CUST08956,36,Female,Houston,20000,19,99.54,1891.26,Groceries,In-Store,8,1,4.2,6.5
CUST08957,41,Male,San Jose,42095,11,39.4,433.4,Health,Online,67,2,3.4,4.1
CUST08958,32,Female,New York,44710,17,108.72,1848.24,Home & Garden,In-Store,20,4,3.5,6.1
CUST08959,21,Female,Phoenix,48642,12,47.52,570.24,Home & Garden,In-Store,4,3,3.4,4.7
CUST08960,22,Female,Phoenix,34921,12,40.52,486.24,Home & Garden,In-Store,7,2,3.9,4.7
CUST08961,23,Male,Chicago,60180,12,21.04,252.48,Clothing,Online,14,2,4.1,4.5
CUST08962,18,Male,New York,154033,16,85.64,1370.24,Electronics,Online,4,2,3.6,5.8
CUST08963,54,Male,Los Angeles,82658,9,207.02,1863.18,Electronics,In-Store,68,0,3.6,4.4
CUST08964,18,Male,Los Angeles,56292,11,88.13,969.43,Home & Garden,Online,19,0,3.4,4.6
CUST08965,24,Male,San Diego,20000,11,92.34,1015.74,Health,Online,21,2,3.9,4.6
CUST08966,42,Male,San Diego,68297,7,40.27,281.89,Groceries,In-Store,7,0,4.1,3.7
CUST08967,19,Male,Houston,57730,11,107.83,1186.13,Health,Mobile App,116,0,3.9,4.1
CUST08968,50,Male,San Diego,40738,15,50.39,755.85,Groceries,In-Store,38,0,4.1,5.1
CUST08969,35,Female,Los Angeles,79448,9,135.49,1219.41,Automotive,Mobile App,12,0,3.2,4.4
CUST08970,40,Female,Dallas,119508,10,35.87,358.7,Health,In-Store,17,0,3.3,4.2
CUST08971,53,Female,San Diego,42825,22,61.49,1352.78,Toys,Online,10,1,4.0,6.8
CUST08972,62,Female,Philadelphia,52438,12,14.04,168.48,Clothing,Online,16,3,4.6,4.5
CUST08973,22,Female,Los Angeles,110386,11,31.32,344.52,Groceries,In-Store,81,1,3.9,4.0
CUST08974,54,Female,Los Angeles,66660,15,47.15,707.25,Automotive,Mobile App,1,1,3.4,5.3
CUST08975,51,Male,San Diego,45543,9,51.7,465.3,Groceries,Online,79,2,4.0,3.7
CUST08976,36,Female,Houston,70648,7,11.11,77.77,Electronics,Online,45,0,4.1,3.4
CUST08977,47,Male,Phoenix,20000,7,86.77,607.39,Beauty,Online,11,2,2.8,3.8
CUST08978,34,Female,Dallas,61922,10,150.63,1506.3,Clothing,In-Store,1,0,4.6,4.8
CUST08979,24,Female,Houston,34873,12,60.71,728.52,Sports,Online,27,2,4.3,4.7
CUST08980,35,Female,New York,33469,14,89.53,1253.42,Toys,Mobile App,16,2,2.9,5.3
CUST08981,33,Female,San Antonio,51446,14,43.28,605.92,Sports,In-Store,13,2,4.1,5.0
CUST08982,42,Male,Los Angeles,27880,11,16.16,177.76,Beauty,Mobile App,23,0,5.0,4.3
CUST08983,58,Female,Dallas,44300,7,45.43,318.01,Beauty,In-Store,23,1,3.3,3.6
CUST08984,45,Female,Los Angeles,39603,15,137.21,2058.15,Automotive,In-Store,20,1,3.5,5.8
CUST08985,45,Male,San Antonio,47400,13,81.09,1054.17,Groceries,Online,14,0,4.0,5.1
CUST08986,38,Female,Phoenix,107125,8,16.02,128.16,Health,Online,3,1,3.5,3.9
CUST08987,31,Male,Chicago,21957,15,40.81,612.15,Toys,Online,1,1,3.2,5.3
CUST08988,37,Female,Phoenix,24447,20,16.54,330.8,Electronics,Mobile App,12,1,3.6,6.0
CUST08989,40,Male,Philadelphia,42554,11,90.2,992.2,Books,Mobile App,63,1,3.9,4.4
CUST08990,27,Male,New York,91577,16,32.35,517.6,Toys,Mobile App,34,0,3.5,5.2
CUST08991,36,Male,Philadelphia,71959,15,11.92,178.8,Home & Garden,Online,21,2,3.7,5.0
CUST08992,55,Female,Chicago,25093,10,51.72,517.2,Electronics,In-Store,6,2,2.8,4.4
CUST08993,22,Male,Philadelphia,52788,15,118.91,1783.65,Beauty,In-Store,1,1,4.0,5.8
CUST08994,35,Female,Phoenix,72988,9,168.53,1516.77,Sports,Mobile App,56,1,3.9,4.3
CUST08995,36,Female,San Diego,65476,11,109.13,1200.43,Automotive,In-Store,8,1,4.2,4.8
CUST08996,29,Female,San Diego,45862,16,96.94,1551.04,Toys,In-Store,24,0,4.6,5.7
CUST08997,31,Female,Dallas,45293,9,76.05,684.45,Automotive,Mobile App,1,2,3.6,4.3
CUST08998,18,Female,Chicago,52159,14,86.1,1205.4,Groceries,Mobile App,126,1,5.0,4.6
CUST08999,50,Female,New York,33646,13,61.91,804.83,Electronics,Online,1,2,4.1,5.0
CUST09000,64,Male,New York,94536,10,38.8,388.0,Sports,Online,64,1,4.1,3.9
CUST09001,33,Female,Phoenix,24734,16,49.82,797.12,Toys,In-Store,14,1,4.0,5.5
CUST09002,45,Male,Los Angeles,34998,8,83.26,666.08,Groceries,Online,10,1,4.9,4.0
CUST09003,40,Male,San Diego,57267,13,102.06,1326.78,Beauty,In-Store,30,3,3.3,5.1
CUST09004,20,Female,New York,28436,19,304.93,5793.67,Sports,Online,1,2,3.7,8.2
CUST09005,37,Female,Phoenix,29070,12,116.9,1402.8,Automotive,Online,37,3,3.9,4.9
CUST09006,38,Female,Dallas,33387,9,73.79,664.11,Books,Online,88,0,3.8,3.7
CUST09007,34,Male,San Antonio,55942,14,39.02,546.28,Groceries,In-Store,4,0,3.3,5.1
CUST09008,31,Male,San Diego,57341,10,107.33,1073.3,Electronics,In-Store,35,5,3.8,4.4
CUST09009,56,Female,San Antonio,47105,18,79.51,1431.18,Toys,Online,72,1,3.6,5.7
CUST09010,54,Female,Los Angeles,47117,9,49.24,443.16,Automotive,Online,94,2,3.2,3.6
CUST09011,18,Female,Houston,98512,15,40.28,604.2,Home & Garden,Online,42,1,4.0,5.0
CUST09012,23,Male,New York,36901,16,86.25,1380.0,Sports,In-Store,29,0,4.8,5.6
CUST09013,35,Male,New York,51278,7,65.58,459.06,Toys,Online,1,0,5.0,3.8
CUST09014,42,Male,San Antonio,154518,14,47.11,659.54,Books,In-Store,5,2,3.9,5.1
CUST09015,51,Female,San Jose,78250,9,36.18,325.62,Toys,In-Store,18,1,3.3,4.0
CUST09016,66,Male,New York,41415,10,34.86,348.6,Home & Garden,In-Store,36,0,4.0,4.1
CUST09017,39,Male,Houston,38931,12,24.88,298.56,Automotive,Mobile App,17,1,3.8,4.5
CUST09018,65,Female,San Diego,67106,10,48.69,486.9,Health,In-Store,37,2,4.6,4.1
CUST09019,56,Female,San Jose,87311,11,76.48,841.28,Health,Online,72,2,4.0,4.2
CUST09020,46,Male,San Jose,52022,14,85.6,1198.4,Groceries,Online,21,3,3.2,5.3
CUST09021,36,Male,Dallas,82180,10,38.71,387.1,Clothing,Online,9,0,4.8,4.3
CUST09022,41,Female,Houston,51151,17,623.54,10600.18,Electronics,Online,27,3,4.3,9.7
CUST09023,50,Male,Phoenix,102519,13,63.73,828.49,Home & Garden,Online,33,1,3.8,4.8
CUST09024,34,Male,Phoenix,20752,15,70.36,1055.4,Beauty,In-Store,5,3,4.1,5.5
CUST09025,25,Female,Los Angeles,62081,7,33.74,236.18,Automotive,In-Store,15,0,3.4,3.6
CUST09026,18,Male,Philadelphia,49544,12,59.15,709.8,Health,Online,27,1,3.4,4.7
CUST09027,56,Female,New York,73791,15,82.78,1241.7,Electronics,Online,3,1,3.9,5.6
CUST09028,38,Male,San Diego,90306,10,51.32,513.2,Sports,Online,7,0,3.5,4.3
CUST09029,22,Female,Philadelphia,82787,9,13.19,118.71,Books,Mobile App,68,2,3.3,3.6
CUST09030,31,Male,New York,67023,14,34.12,477.68,Beauty,Online,8,1,3.7,5.0
CUST09031,25,Male,Los Angeles,119187,9,76.36,687.24,Groceries,Online,148,1,3.4,3.4
CUST09032,38,Male,Philadelphia,81782,12,44.65,535.8,Sports,Online,16,1,4.2,4.6
CUST09033,39,Male,San Jose,33806,10,56.03,560.3,Electronics,In-Store,38,0,4.0,4.2
CUST09034,49,Male,New York,52941,8,66.04,528.32,Toys,Online,93,1,3.4,3.5
CUST09035,38,Female,San Jose,80591,13,58.58,761.54,Home & Garden,Online,30,2,3.9,4.8
CUST09036,40,Male,Chicago,75827,20,13.85,277.0,Groceries,Online,7,1,3.8,6.0
CUST09037,28,Female,Phoenix,54653,6,57.71,346.26,Groceries,In-Store,49,3,3.4,3.3
CUST09038,18,Male,San Diego,52513,10,101.1,1011.0,Home & Garden,In-Store,29,1,4.0,4.4
CUST09039,27,Male,Houston,42894,17,71.51,1215.67,Automotive,Online,28,4,3.6,5.7
CUST09040,64,Male,San Antonio,27015,13,162.69,2114.97,Clothing,Online,1,1,4.0,5.6
CUST09041,46,Male,Philadelphia,69014,13,28.31,368.03,Health,In-Store,30,0,4.3,4.7
CUST09042,35,Female,Phoenix,23947,12,45.08,540.96,Groceries,Online,6,0,4.1,4.7
CUST09043,59,Female,Dallas,69084,12,18.38,220.56,Sports,Mobile App,26,0,3.6,4.5
CUST09044,34,Male,Houston,199820,13,90.98,1182.74,Toys,In-Store,14,1,4.1,5.1
CUST09045,38,Non-binary,Philadelphia,37001,12,51.88,622.56,Automotive,Mobile App,23,1,3.5,4.6
CUST09046,34,Male,Chicago,37434,9,53.8,484.2,Health,Online,17,1,3.5,4.1
CUST09047,42,Female,Phoenix,39226,10,19.04,190.4,Health,In-Store,67,1,3.8,3.8
CUST09048,45,Female,Phoenix,73101,16,33.68,538.88,Electronics,Online,78,1,4.2,5.0
CUST09049,43,Male,Houston,20000,14,67.54,945.56,Beauty,In-Store,45,0,3.6,5.0
CUST09050,53,Female,Philadelphia,43096,11,38.78,426.58,Automotive,Online,42,0,3.4,4.3
CUST09051,34,Male,Philadelphia,38418,9,40.07,360.63,Groceries,In-Store,190,0,4.8,3.0
CUST09052,25,Male,New York,20000,14,105.74,1480.36,Toys,Online,8,2,4.0,5.5
CUST09053,49,Female,Dallas,34750,11,133.37,1467.07,Clothing,In-Store,4,1,4.0,4.9
CUST09054,26,Female,San Diego,20000,10,19.09,190.9,Home & Garden,Online,159,1,3.7,3.3
CUST09055,27,Female,Phoenix,41928,15,130.01,1950.15,Groceries,Online,4,0,4.9,5.9
CUST09056,30,Male,San Diego,66555,16,214.61,3433.76,Toys,Online,7,2,3.2,6.6
CUST09057,47,Male,Phoenix,30679,14,23.97,335.58,Health,Online,19,0,3.4,4.9
CUST09058,33,Female,Houston,53841,17,42.9,729.3,Electronics,Online,8,2,3.5,5.7
CUST09059,50,Male,New York,48666,12,62.54,750.48,Electronics,Online,13,1,3.9,4.8
CUST09060,25,Male,Dallas,91826,12,106.33,1275.96,Automotive,Mobile App,10,1,3.8,5.0
CUST09061,38,Male,Dallas,59274,12,291.03,3492.36,Books,Online,16,0,3.9,5.9
CUST09062,49,Female,San Diego,28338,12,68.36,820.32,Beauty,Mobile App,16,2,3.4,4.8
CUST09063,39,Female,San Diego,72095,8,30.46,243.68,Toys,In-Store,27,1,3.8,3.8
CUST09064,39,Female,Dallas,64021,21,73.27,1538.67,Beauty,Mobile App,3,3,3.6,6.7
CUST09065,46,Female,San Antonio,75887,15,17.83,267.45,Electronics,In-Store,72,1,4.6,4.7
CUST09066,18,Male,New York,83875,11,85.32,938.52,Sports,Online,8,1,3.3,4.7
CUST09067,42,Male,Philadelphia,113471,16,68.5,1096.0,Sports,Mobile App,21,2,3.8,5.6
CUST09068,27,Male,Houston,61271,16,64.65,1034.4,Health,Online,7,2,4.0,5.6
CUST09069,27,Male,San Antonio,33356,18,106.27,1912.86,Electronics,In-Store,12,1,3.2,6.3
CUST09070,44,Non-binary,Houston,46363,11,63.94,703.34,Groceries,Mobile App,4,3,3.7,4.6
CUST09071,43,Female,San Diego,41322,10,96.52,965.2,Electronics,Online,9,1,3.7,4.5
CUST09072,42,Male,Chicago,103630,10,64.96,649.6,Beauty,In-Store,23,2,4.0,4.3
CUST09073,36,Female,Los Angeles,108496,18,41.27,742.86,Toys,Online,17,4,3.2,5.8
CUST09074,39,Male,San Antonio,32301,10,33.88,338.8,Electronics,Online,24,0,4.9,4.2
CUST09075,39,Male,Houston,42728,11,129.99,1429.89,Health,Online,34,1,4.1,4.7
CUST09076,18,Female,San Jose,42438,17,79.33,1348.61,Automotive,Mobile App,23,2,3.3,5.8
CUST09077,20,Male,Phoenix,37809,11,96.36,1059.96,Groceries,Online,28,1,3.8,4.6
CUST09078,44,Female,Chicago,47206,15,73.58,1103.7,Home & Garden,Online,3,0,5.0,5.5
CUST09079,45,Female,San Diego,26263,8,271.37,2170.96,Health,Mobile App,2,3,2.8,4.7
CUST09080,40,Female,Phoenix,36759,13,158.43,2059.59,Beauty,Mobile App,45,1,4.1,5.3
CUST09081,45,Male,Philadelphia,60194,15,123.13,1846.95,Health,Online,20,5,4.0,5.7
CUST09082,21,Male,Dallas,26982,13,100.99,1312.87,Clothing,Online,16,0,3.5,5.2
CUST09083,56,Female,Los Angeles,40519,12,133.18,1598.16,Toys,In-Store,1,1,3.2,5.2
CUST09084,24,Male,Chicago,44405,8,245.93,1967.44,Toys,In-Store,20,1,4.0,4.5
CUST09085,27,Female,Chicago,52534,15,47.33,709.95,Groceries,Mobile App,1,3,3.5,5.3
CUST09086,47,Male,New York,61766,8,34.96,279.68,Groceries,Online,85,0,4.2,3.4
CUST09087,21,Female,San Antonio,46190,14,32.58,456.12,Groceries,Online,12,3,4.2,5.0
CUST09088,43,Male,San Antonio,29012,12,175.24,2102.88,Sports,In-Store,24,0,4.2,5.3
CUST09089,36,Female,Phoenix,75674,9,19.16,172.44,Electronics,Online,22,0,4.1,3.9
CUST09090,34,Female,Philadelphia,23095,8,83.88,671.04,Beauty,Online,7,3,2.8,4.1
CUST09091,44,Male,San Antonio,55463,14,51.64,722.96,Home & Garden,In-Store,24,2,3.8,5.0
CUST09092,70,Female,New York,58356,13,46.61,605.93,Beauty,Online,14,3,3.2,4.9
CUST09093,37,Male,Chicago,20000,10,50.69,506.9,Automotive,In-Store,10,2,2.7,4.3
CUST09094,26,Male,San Diego,49015,14,58.11,813.54,Sports,In-Store,67,3,4.0,4.8
CUST09095,31,Male,Philadelphia,45608,13,96.19,1250.47,Groceries,In-Store,12,3,4.3,5.2
CUST09096,45,Female,Chicago,110996,12,138.42,1661.04,Toys,In-Store,8,2,4.4,5.2
CUST09097,34,Female,San Diego,45464,13,71.12,924.56,Toys,In-Store,16,1,4.0,5.0
CUST09098,26,Male,San Jose,95186,16,147.9,2366.4,Home & Garden,Online,50,1,3.5,5.9
CUST09099,46,Male,Houston,45381,23,200.39,4608.97,Toys,Online,32,3,5.0,8.2
CUST09100,53,Female,San Diego,31003,13,41.52,539.76,Automotive,Mobile App,11,0,5.0,4.9
CUST09101,44,Female,San Jose,20000,16,63.01,1008.16,Groceries,Online,8,3,3.1,5.6
CUST09102,43,Female,Los Angeles,22417,16,94.26,1508.16,Electronics,Online,20,2,3.6,5.7
CUST09103,40,Male,San Diego,221306,11,160.82,1769.02,Toys,In-Store,27,0,4.7,4.9
CUST09104,34,Male,Houston,20000,15,43.42,651.3,Sports,Mobile App,26,2,4.2,5.2
CUST09105,52,Female,San Antonio,20000,14,17.15,240.1,Health,In-Store,31,3,3.0,4.8
CUST09106,33,Male,Philadelphia,48597,19,74.85,1422.15,Home & Garden,Mobile App,23,2,4.0,6.2
CUST09107,39,Male,Philadelphia,62821,10,118.86,1188.6,Toys,Online,12,0,4.4,4.6
CUST09108,40,Female,Philadelphia,55532,11,17.55,193.05,Groceries,Online,7,2,3.5,4.4
CUST09109,40,Female,Houston,48873,15,32.74,491.1,Clothing,In-Store,22,2,2.5,5.1
CUST09110,39,Male,San Jose,50788,10,149.68,1496.8,Beauty,Online,21,1,3.7,4.7
CUST09111,40,Female,Houston,38574,17,41.87,711.79,Toys,Online,13,2,3.8,5.6
CUST09112,47,Female,Houston,33896,23,187.08,4302.84,Clothing,Mobile App,9,3,4.3,8.2
CUST09113,68,Female,Houston,54705,6,53.11,318.66,Sports,Mobile App,6,0,4.1,3.6
CUST09114,47,Female,Dallas,20000,14,32.62,456.68,Beauty,Online,10,3,3.4,5.0
CUST09115,61,Non-binary,Chicago,28422,16,84.51,1352.16,Toys,In-Store,4,2,3.5,5.8
CUST09116,45,Non-binary,San Jose,96681,10,39.62,396.2,Electronics,In-Store,78,0,4.2,3.8
CUST09117,52,Male,New York,54695,14,95.69,1339.66,Electronics,In-Store,88,0,3.3,4.9
CUST09118,37,Male,Chicago,38410,13,76.15,989.95,Electronics,In-Store,11,1,4.7,5.0
CUST09119,44,Female,Los Angeles,66323,16,16.25,260.0,Groceries,Mobile App,20,1,3.8,5.2
CUST09120,21,Male,San Jose,58373,16,32.57,521.12,Sports,Online,39,0,3.6,5.2
CUST09121,39,Male,Philadelphia,74070,15,33.24,498.6,Health,Online,26,4,4.1,5.1
CUST09122,48,Male,Houston,86052,15,25.84,387.6,Home & Garden,Online,17,3,3.0,5.1
CUST09123,45,Male,San Jose,35025,12,38.4,460.8,Health,In-Store,10,2,3.0,4.7
CUST09124,29,Male,Philadelphia,27279,12,152.12,1825.44,Clothing,Online,72,1,4.5,4.8
CUST09125,49,Male,San Jose,63451,7,195.8,1370.6,Electronics,Online,14,0,3.9,4.1
CUST09126,53,Male,Dallas,20000,12,44.57,534.84,Automotive,In-Store,49,5,2.5,4.4
CUST09127,56,Female,New York,52621,7,59.51,416.57,Health,Online,86,1,3.8,3.3
CUST09128,38,Male,Philadelphia,67904,11,104.4,1148.4,Electronics,Online,54,1,3.3,4.5
CUST09129,37,Female,Phoenix,78383,13,33.95,441.35,Clothing,Mobile App,1,1,4.4,4.9
CUST09130,23,Female,New York,20000,16,43.66,698.56,Toys,In-Store,19,4,3.0,5.4
CUST09131,37,Female,San Diego,72032,13,69.64,905.32,Beauty,In-Store,55,2,2.9,4.7
CUST09132,42,Female,Philadelphia,33738,14,50.98,713.72,Beauty,In-Store,9,2,3.4,5.1
CUST09133,38,Male,New York,64650,14,199.39,2791.46,Health,Online,28,0,4.2,5.9
CUST09134,47,Female,Phoenix,27135,12,53.32,639.84,Beauty,Online,6,2,3.8,4.8
CUST09135,54,Female,San Diego,21699,11,78.96,868.56,Groceries,Mobile App,28,1,3.2,4.5
CUST09136,39,Male,San Jose,20000,16,35.32,565.12,Sports,In-Store,8,3,4.5,5.4
CUST09137,53,Male,Chicago,28913,12,47.62,571.44,Automotive,Online,6,2,3.5,4.7
CUST09138,24,Male,Dallas,39396,13,80.36,1044.68,Clothing,Online,7,2,4.2,5.1
CUST09139,36,Female,New York,46040,12,115.23,1382.76,Sports,In-Store,209,2,3.5,3.8
CUST09140,35,Female,Dallas,113958,14,21.75,304.5,Sports,In-Store,22,1,4.1,4.9
CUST09141,25,Male,New York,35086,11,21.55,237.05,Sports,Mobile App,1,0,4.2,4.4
CUST09142,40,Male,San Diego,165869,10,49.44,494.4,Books,Online,16,0,3.8,4.3
CUST09143,36,Male,Phoenix,47407,13,209.59,2724.67,Health,Mobile App,22,2,3.8,5.7
CUST09144,31,Female,Phoenix,26630,18,52.54,945.72,Clothing,Online,3,0,5.0,6.0
CUST09145,49,Female,San Antonio,36267,13,52.7,685.1,Toys,Online,9,2,3.9,4.9
CUST09146,25,Male,Dallas,49341,11,77.45,851.95,Automotive,In-Store,97,2,2.6,4.1
CUST09147,32,Female,San Jose,26762,8,256.58,2052.64,Automotive,In-Store,21,0,3.9,4.6
CUST09148,43,Female,Philadelphia,60642,15,23.99,359.85,Automotive,Online,1,0,4.3,5.2
CUST09149,40,Male,Los Angeles,34797,8,65.72,525.76,Clothing,Online,35,0,4.1,3.8
CUST09150,45,Female,San Antonio,56054,9,75.76,681.84,Toys,In-Store,1,3,3.7,4.3
CUST09151,41,Non-binary,Phoenix,61398,20,250.96,5019.2,Clothing,In-Store,2,1,4.0,8.0
CUST09152,25,Female,San Jose,129399,11,40.06,440.66,Toys,In-Store,8,0,3.6,4.5
CUST09153,42,Female,Houston,77083,12,61.59,739.08,Toys,Online,1,0,3.8,4.8
CUST09154,26,Male,Chicago,90194,10,143.9,1439.0,Sports,In-Store,23,0,4.1,4.6
CUST09155,30,Female,Los Angeles,111174,18,65.62,1181.16,Books,In-Store,38,1,4.6,5.8
CUST09156,21,Male,San Jose,49563,10,16.58,165.8,Automotive,Mobile App,37,0,4.4,4.0
CUST09157,43,Female,Phoenix,101126,10,132.47,1324.7,Home & Garden,Mobile App,28,4,3.1,4.6
CUST09158,42,Male,New York,72123,5,29.73,148.65,Sports,Online,46,2,3.2,3.1
CUST09159,43,Male,San Diego,20000,14,84.99,1189.86,Health,Online,55,1,4.4,5.0
CUST09160,23,Male,Dallas,45144,13,61.9,804.7,Toys,Online,35,0,5.0,4.8
CUST09161,34,Female,Chicago,43802,16,57.86,925.76,Books,Mobile App,16,2,3.3,5.5
CUST09162,61,Female,Chicago,190070,7,84.17,589.19,Electronics,Mobile App,77,1,3.6,3.4
CUST09163,38,Female,Houston,47384,11,10,110,Groceries,Online,34,1,2.9,4.2
CUST09164,30,Male,Philadelphia,78291,14,57.65,807.1,Toys,Online,15,1,3.7,5.1
CUST09165,24,Male,San Diego,30789,7,73.84,516.88,Groceries,Mobile App,35,0,4.1,3.6
CUST09166,29,Male,Houston,58665,7,127.23,890.61,Electronics,Online,40,0,4.3,3.8
CUST09167,50,Female,San Diego,36968,12,28.04,336.48,Automotive,Mobile App,1,4,4.0,4.7
CUST09168,25,Male,San Jose,40550,15,89.99,1349.85,Clothing,Online,4,3,3.7,5.6
CUST09169,30,Male,Phoenix,50351,9,51.4,462.6,Groceries,Online,30,1,3.8,4.0
CUST09170,36,Male,New York,64403,11,208.43,2292.73,Electronics,In-Store,6,5,2.5,5.3
CUST09171,32,Female,New York,29829,17,10.92,185.64,Beauty,Mobile App,12,2,4.3,5.4
CUST09172,33,Female,Houston,27323,16,53.47,855.52,Books,In-Store,20,1,4.1,5.5
CUST09173,34,Male,Houston,31968,12,39.32,471.84,Electronics,Online,2,0,4.5,4.7
CUST09174,43,Female,Los Angeles,90235,13,39.18,509.34,Home & Garden,Mobile App,6,0,4.3,4.9
CUST09175,22,Male,Houston,30058,18,225.61,4060.98,Groceries,In-Store,48,1,3.8,7.0
CUST09176,33,Male,Dallas,45180,19,38.68,734.92,Sports,In-Store,10,2,3.6,6.0
CUST09177,35,Female,San Diego,38548,12,36.0,432.0,Toys,Mobile App,62,2,2.9,4.3
CUST09178,35,Male,San Diego,42589,11,62.56,688.16,Electronics,Online,22,4,4.4,4.5
CUST09179,39,Male,Phoenix,33348,11,66.21,728.31,Books,Online,20,2,4.2,4.5
CUST09180,40,Male,Houston,45424,9,289.56,2606.04,Home & Garden,Mobile App,7,2,3.8,5.1
CUST09181,33,Male,New York,56807,9,145.12,1306.08,Sports,In-Store,12,1,3.3,4.5
CUST09182,45,Male,San Diego,42517,11,51.42,565.62,Sports,Mobile App,26,1,3.9,4.4
CUST09183,40,Male,San Antonio,91564,8,95.81,766.48,Automotive,Online,23,1,4.2,4.0
CUST09184,47,Female,San Antonio,20008,13,97.13,1262.69,Home & Garden,In-Store,74,0,4.3,4.8
CUST09185,38,Female,San Antonio,74975,11,270.33,2973.63,Groceries,Mobile App,3,5,3.0,5.6
CUST09186,59,Female,San Diego,82445,9,45.47,409.23,Toys,In-Store,14,2,2.9,4.1
CUST09187,41,Female,Philadelphia,65658,14,228.39,3197.46,Sports,Mobile App,1,3,3.6,6.2
CUST09188,32,Female,San Antonio,27384,12,66.55,798.6,Books,Online,13,1,4.0,4.8
CUST09189,58,Male,Dallas,41996,10,71.4,714.0,Toys,Online,27,0,3.0,4.3
CUST09190,21,Male,San Diego,36773,8,105.17,841.36,Automotive,Online,25,0,4.5,4.0
CUST09191,36,Male,Los Angeles,59324,7,31.83,222.81,Sports,Online,10,0,4.4,3.7
CUST09192,50,Female,Dallas,53079,7,32.6,228.2,Automotive,Online,201,1,3.6,2.5
CUST09193,34,Male,Phoenix,64799,10,46.33,463.3,Health,Online,53,0,3.7,4.0
CUST09194,46,Female,Chicago,20000,7,25.73,180.11,Home & Garden,In-Store,16,0,3.4,3.6
CUST09195,26,Female,San Jose,41971,9,30.45,274.05,Automotive,Mobile App,46,1,3.7,3.8
CUST09196,38,Female,Chicago,42442,11,47.78,525.58,Clothing,Online,10,2,3.8,4.5
CUST09197,18,Female,New York,20218,13,184.35,2396.55,Toys,In-Store,73,2,3.8,5.3
CUST09198,32,Male,Chicago,42154,16,97.09,1553.44,Electronics,Online,19,1,2.9,5.8
CUST09199,61,Male,Dallas,24937,17,146.27,2486.59,Sports,Mobile App,1,1,4.5,6.5
CUST09200,52,Male,San Diego,44052,12,81.01,972.12,Toys,Online,3,0,4.3,4.9
CUST09201,40,Female,Phoenix,97275,11,36.43,400.73,Clothing,In-Store,23,0,3.5,4.4
CUST09202,46,Male,San Antonio,26342,10,113.48,1134.8,Books,Online,29,1,3.8,4.5
CUST09203,18,Male,Dallas,72015,6,139.77,838.62,Health,Mobile App,57,0,4.1,3.5
CUST09204,43,Female,Los Angeles,33688,9,42.07,378.63,Books,In-Store,13,1,3.8,4.1
CUST09205,32,Female,Philadelphia,63537,10,40.06,400.6,Toys,In-Store,18,0,4.3,4.2
CUST09206,64,Female,San Diego,54394,9,12.37,111.33,Books,Mobile App,29,0,4.5,3.9
CUST09207,53,Female,San Antonio,37275,16,172.16,2754.56,Books,Online,56,4,3.9,6.0
CUST09208,43,Male,San Antonio,45290,10,190.51,1905.1,Electronics,In-Store,11,1,3.8,4.9
CUST09209,50,Male,Dallas,80006,12,101.15,1213.8,Beauty,Mobile App,26,2,3.8,4.9
CUST09210,44,Male,San Antonio,48306,11,59.22,651.42,Sports,Online,5,1,3.5,4.6
CUST09211,46,Male,Chicago,46487,15,35.11,526.65,Clothing,Online,2,4,2.9,5.3
CUST09212,31,Male,San Jose,71334,11,137.05,1507.55,Health,In-Store,56,4,4.0,4.6
CUST09213,36,Female,Chicago,171752,10,51.18,511.8,Health,In-Store,46,0,3.3,4.1
CUST09214,38,Female,Chicago,49858,27,134.04,3619.08,Toys,Online,17,2,3.9,8.6
CUST09215,41,Female,Chicago,81381,9,238.23,2144.07,Groceries,Online,25,0,4.1,4.7
CUST09216,41,Male,Dallas,67729,14,241.49,3380.86,Beauty,In-Store,6,5,3.3,6.3
CUST09217,44,Male,San Jose,28899,12,62.59,751.08,Groceries,In-Store,8,0,3.7,4.8
CUST09218,43,Female,Houston,43840,12,234.3,2811.6,Automotive,Online,24,3,2.8,5.6
CUST09219,37,Female,New York,78210,12,37.19,446.28,Electronics,Online,1,0,4.5,4.7
CUST09220,24,Male,Phoenix,69304,9,120.88,1087.92,Books,Mobile App,29,0,3.6,4.3
CUST09221,30,Male,San Jose,23068,20,16.5,330.0,Electronics,Online,36,3,3.3,5.8
CUST09222,32,Female,Los Angeles,24381,9,311.16,2800.44,Sports,Online,4,2,3.4,5.2
CUST09223,68,Male,Dallas,56254,13,127.88,1662.44,Home & Garden,Mobile App,94,1,2.5,4.8
CUST09224,37,Female,Houston,60446,9,29.99,269.91,Home & Garden,Mobile App,45,1,3.2,3.8
CUST09225,18,Female,Los Angeles,29840,10,11.53,115.3,Clothing,Mobile App,47,0,4.1,3.9
CUST09226,66,Female,New York,122359,12,108.08,1296.96,Books,Online,4,1,4.8,5.0
CUST09227,54,Female,Philadelphia,93048,10,97.41,974.1,Beauty,In-Store,33,2,4.2,4.4
CUST09228,21,Male,Chicago,37995,4,29.31,117.24,Sports,Online,3,1,2.9,3.1
CUST09229,25,Female,Los Angeles,63017,13,50.56,657.28,Beauty,Online,15,2,3.9,4.9
CUST09230,33,Male,San Jose,51497,15,23.31,349.65,Toys,Mobile App,1,3,2.7,5.2
CUST09231,43,Male,Dallas,96832,8,206.53,1652.24,Home & Garden,Online,5,2,4.0,4.5
CUST09232,50,Female,San Jose,54059,5,45.38,226.9,Automotive,Online,157,0,3.7,2.4
CUST09233,26,Female,Los Angeles,20000,16,106.73,1707.68,Home & Garden,Online,2,3,3.1,5.9
CUST09234,38,Female,San Antonio,32464,18,47.93,862.74,Health,Online,2,3,4.2,5.9
CUST09235,53,Female,Houston,113095,4,14.26,57.04,Automotive,In-Store,90,0,3.7,2.6
CUST09236,35,Female,Dallas,23720,14,39.38,551.32,Books,In-Store,36,1,4.2,4.9
CUST09237,29,Male,Dallas,125555,13,73.36,953.68,Groceries,Online,17,2,3.7,5.0
CUST09238,47,Female,New York,158102,10,104.62,1046.2,Clothing,In-Store,31,1,3.3,4.4
CUST09239,28,Female,Los Angeles,183180,12,62.87,754.44,Books,Online,16,1,4.1,4.7
CUST09240,32,Female,San Jose,97854,11,85.43,939.73,Sports,In-Store,76,1,3.5,4.3
CUST09241,31,Male,Chicago,42736,16,48.33,773.28,Health,Online,9,2,4.6,5.5
CUST09242,36,Female,Dallas,25770,12,26.39,316.68,Sports,Online,41,2,3.2,4.4
CUST09243,24,Female,Philadelphia,27540,11,113.92,1253.12,Clothing,Online,78,3,3.2,4.4
CUST09244,40,Female,Houston,70049,17,39.5,671.5,Books,Online,8,2,3.7,5.6
CUST09245,38,Female,San Jose,78083,16,160.3,2564.8,Electronics,Online,3,1,5.0,6.3
CUST09246,49,Female,Chicago,50386,8,113.24,905.92,Toys,Mobile App,11,2,3.2,4.1
CUST09247,31,Female,New York,24006,16,165.81,2652.96,Health,Online,29,2,3.2,6.2
CUST09248,56,Female,Chicago,111228,15,21.71,325.65,Electronics,Online,1,5,2.5,5.2
CUST09249,31,Female,San Diego,47372,12,36.91,442.92,Groceries,Online,2,1,4.6,4.7
CUST09250,18,Male,Philadelphia,46636,7,46.08,322.56,Clothing,In-Store,48,0,3.4,3.5
CUST09251,19,Female,Philadelphia,52195,14,31.73,444.22,Books,Online,73,1,4.5,4.6
CUST09252,38,Male,Phoenix,61066,14,213.92,2994.88,Books,In-Store,52,3,3.4,5.8
CUST09253,21,Male,Los Angeles,59743,14,290.2,4062.8,Books,Online,62,1,4.0,6.2
CUST09254,30,Male,Houston,62730,13,104.45,1357.85,Health,Online,31,2,4.0,5.1
CUST09255,34,Female,New York,144110,11,58.49,643.39,Automotive,Online,2,2,2.9,4.6
CUST09256,37,Male,Chicago,21960,12,52.49,629.88,Books,Online,109,2,3.8,4.1
CUST09257,46,Male,Dallas,93660,15,110.64,1659.6,Clothing,Mobile App,29,0,3.5,5.6
CUST09258,40,Male,New York,60805,16,56.79,908.64,Toys,Online,9,5,3.4,5.6
CUST09259,68,Female,San Jose,51018,8,59.15,473.2,Automotive,Mobile App,21,1,3.8,3.9
CUST09260,41,Male,Phoenix,79528,16,22.89,366.24,Groceries,Online,23,3,3.3,5.2
CUST09261,47,Female,Dallas,81873,16,70.3,1124.8,Sports,Online,1,2,3.1,5.7
CUST09262,18,Female,New York,61975,16,28.32,453.12,Toys,Online,15,2,4.3,5.3
CUST09263,29,Male,San Jose,46823,11,87.76,965.36,Home & Garden,In-Store,6,0,4.2,4.7
CUST09264,44,Male,Chicago,86682,12,83.59,1003.08,Automotive,Online,37,1,3.2,4.7
CUST09265,50,Female,San Jose,151005,11,102.31,1125.41,Health,In-Store,74,1,4.8,4.4
CUST09266,62,Male,Phoenix,39814,16,127.33,2037.28,Sports,Online,3,1,4.4,6.1
CUST09267,25,Female,Houston,42713,8,36.99,295.92,Clothing,Online,6,1,3.7,3.9
CUST09268,18,Female,San Diego,60304,13,131.19,1705.47,Toys,Online,5,2,3.1,5.4
CUST09269,43,Female,Houston,29757,9,58.63,527.67,Beauty,In-Store,60,2,4.1,3.8
CUST09270,24,Male,Chicago,31126,13,230.03,2990.39,Toys,Online,1,0,3.5,6.0
CUST09271,28,Female,San Diego,41162,13,175.38,2279.94,Books,Online,45,0,4.8,5.4
CUST09272,43,Male,San Antonio,57760,13,141.5,1839.5,Clothing,Online,14,2,3.9,5.4
CUST09273,65,Male,San Diego,27612,13,88.06,1144.78,Home & Garden,Online,6,2,3.5,5.1
CUST09274,53,Male,Los Angeles,41142,14,62.37,873.18,Sports,Online,1,2,3.3,5.2
CUST09275,23,Male,San Antonio,27668,9,28.09,252.81,Books,Online,85,1,3.1,3.6
CUST09276,29,Male,Houston,85780,15,39.27,589.05,Health,Online,28,1,4.1,5.1
CUST09277,57,Female,Chicago,78403,9,40.01,360.09,Health,Online,54,0,3.5,3.8
CUST09278,40,Male,New York,70170,15,80.6,1209.0,Groceries,Mobile App,35,0,4.6,5.3
CUST09279,56,Male,Los Angeles,80584,12,40.88,490.56,Home & Garden,Mobile App,2,0,4.0,4.7
CUST09280,37,Female,Houston,44628,11,116.89,1285.79,Home & Garden,In-Store,54,0,3.6,4.6
CUST09281,54,Male,San Diego,88906,11,14.52,159.72,Health,Mobile App,38,2,3.7,4.2
CUST09282,33,Female,San Jose,36944,4,28.44,113.76,Beauty,In-Store,174,1,3.8,2.1
CUST09283,33,Female,San Diego,49158,13,103.71,1348.23,Toys,Online,56,0,4.0,4.9
CUST09284,21,Female,San Jose,24908,10,35.34,353.4,Clothing,Mobile App,3,1,3.1,4.3
CUST09285,41,Female,San Jose,59587,10,228.0,2280.0,Electronics,Online,3,2,3.6,5.1
CUST09286,48,Female,San Jose,89236,15,58.49,877.35,Clothing,Online,14,1,5.0,5.3
CUST09287,27,Male,San Jose,78618,16,79.58,1273.28,Home & Garden,In-Store,41,1,4.4,5.5
CUST09288,26,Female,Philadelphia,106230,11,292.38,3216.18,Toys,In-Store,114,1,4.4,5.0
CUST09289,44,Male,Phoenix,20641,7,73.36,513.52,Groceries,Online,210,5,2.2,2.5
CUST09290,28,Female,San Antonio,22129,6,132.06,792.36,Groceries,Mobile App,5,2,2.7,3.8
CUST09291,53,Male,San Antonio,39499,18,113.76,2047.68,Beauty,In-Store,12,5,3.6,6.4
CUST09292,28,Male,Phoenix,83685,15,39.67,595.05,Sports,Online,63,4,3.8,4.9
CUST09293,24,Male,Houston,107404,10,182.84,1828.4,Books,Online,8,3,2.4,4.9
CUST09294,36,Male,Chicago,52136,11,307.96,3387.56,Health,Mobile App,81,3,3.9,5.3
CUST09295,30,Male,Los Angeles,51564,10,44.71,447.1,Sports,Online,118,0,4.0,3.6
CUST09296,45,Female,New York,47165,14,32.75,458.5,Electronics,Online,35,1,4.1,4.8
CUST09297,34,Male,San Diego,50672,5,77.55,387.75,Books,In-Store,47,0,3.6,3.2
CUST09298,49,Male,Chicago,39854,9,72.75,654.75,Toys,In-Store,11,2,3.8,4.2
CUST09299,52,Female,Dallas,156953,13,29.04,377.52,Toys,Mobile App,10,1,4.1,4.8
CUST09300,35,Male,San Diego,81332,8,99.98,799.84,Clothing,Online,3,1,4.0,4.1
CUST09301,28,Female,Houston,40854,11,216.79,2384.69,Automotive,In-Store,110,0,4.5,4.7
CUST09302,43,Male,New York,60749,13,54.69,710.97,Electronics,In-Store,4,0,4.0,5.0
CUST09303,58,Female,San Antonio,27411,10,135.32,1353.2,Home & Garden,In-Store,20,1,4.0,4.6
CUST09304,24,Male,Dallas,33812,16,103.39,1654.24,Books,In-Store,23,2,4.4,5.8
CUST09305,35,Male,San Diego,65786,12,39.26,471.12,Beauty,Online,43,0,3.6,4.5
CUST09306,52,Male,San Antonio,25193,13,27.42,356.46,Clothing,Online,31,1,4.0,4.7
CUST09307,21,Female,Phoenix,29556,8,69.27,554.16,Toys,In-Store,43,1,3.7,3.8
CUST09308,38,Male,Phoenix,56651,17,148.75,2528.75,Books,In-Store,6,3,4.1,6.4
CUST09309,33,Male,Phoenix,37626,12,147.94,1775.28,Books,Online,1,1,3.9,5.3
CUST09310,50,Female,San Antonio,35993,13,65.58,852.54,Automotive,Online,82,0,4.4,4.5
CUST09311,52,Female,Los Angeles,39943,8,105.86,846.88,Beauty,Online,9,2,3.4,4.1
CUST09312,38,Male,Houston,39955,11,89.88,988.68,Beauty,Online,3,2,3.7,4.7
CUST09313,43,Male,Houston,77954,13,36.65,476.45,Beauty,Mobile App,8,5,2.8,4.8
CUST09314,42,Female,Dallas,79047,11,45.57,501.27,Beauty,Online,22,0,4.4,4.4
CUST09315,41,Female,San Diego,36370,13,43.83,569.79,Books,In-Store,9,3,3.3,4.9
CUST09316,44,Male,San Jose,70727,19,455.7,8658.3,Beauty,Mobile App,15,1,4.2,9.3
CUST09317,43,Male,San Antonio,56265,12,21.85,262.2,Electronics,Online,14,1,4.5,4.5
CUST09318,32,Female,Houston,27651,9,38.7,348.3,Home & Garden,Online,20,1,3.9,4.0
CUST09319,36,Male,Chicago,52462,6,52.74,316.44,Health,Mobile App,67,1,3.2,3.2
CUST09320,26,Female,Dallas,157019,10,76.03,760.3,Sports,In-Store,17,1,2.7,4.4
CUST09321,30,Male,San Jose,34426,9,132.88,1195.92,Groceries,Online,7,3,3.5,4.5
CUST09322,49,Female,Philadelphia,198118,9,114.97,1034.73,Clothing,In-Store,40,2,3.1,4.2
CUST09323,59,Male,San Diego,29906,11,67.94,747.34,Health,In-Store,1,1,3.6,4.7
CUST09324,39,Female,Houston,46235,22,11.68,256.96,Toys,In-Store,8,2,5.0,6.3
CUST09325,30,Male,San Antonio,44605,20,106.2,2124.0,Books,Online,16,1,4.1,6.7
CUST09326,30,Male,Chicago,42992,9,82.73,744.57,Books,Online,24,1,4.1,4.2
CUST09327,30,Male,San Jose,87660,7,100.62,704.34,Toys,Online,16,2,3.5,3.8
CUST09328,18,Male,San Diego,25982,18,62.17,1119.06,Groceries,Online,3,2,4.3,6.0
CUST09329,39,Female,Los Angeles,46951,9,29.2,262.8,Electronics,In-Store,20,1,3.4,4.0
CUST09330,25,Male,Chicago,76905,13,270.83,3520.79,Sports,Mobile App,3,1,2.7,6.2
CUST09331,49,Female,San Jose,69789,14,89.29,1250.06,Groceries,Online,11,1,4.2,5.3
CUST09332,18,Female,New York,41989,10,105.1,1051.0,Clothing,In-Store,10,1,3.4,4.6
CUST09333,33,Female,Phoenix,94125,14,63.99,895.86,Health,Online,28,1,3.0,5.1
CUST09334,44,Male,Phoenix,30343,10,50.69,506.9,Electronics,Online,27,1,3.9,4.2
CUST09335,33,Male,San Jose,30866,11,15.12,166.32,Beauty,Online,76,0,3.9,3.9
CUST09336,52,Male,Dallas,81634,13,79.79,1037.27,Toys,In-Store,23,2,3.2,5.0
CUST09337,38,Male,Phoenix,57679,18,50.54,909.72,Toys,Online,2,0,4.9,6.0
CUST09338,18,Female,New York,76791,20,51.1,1022.0,Electronics,Mobile App,5,5,4.3,6.3
CUST09339,19,Male,Chicago,38767,13,122.75,1595.75,Sports,Online,71,2,3.5,4.9
CUST09340,38,Male,San Antonio,58445,14,249.02,3486.28,Books,In-Store,16,2,3.1,6.3
CUST09341,37,Female,Houston,48422,9,98.26,884.34,Books,Mobile App,31,0,4.8,4.2
CUST09342,24,Female,San Jose,25715,17,126.77,2155.09,Sports,Online,55,2,4.8,6.0
CUST09343,22,Male,Chicago,91732,14,90.83,1271.62,Beauty,Mobile App,33,2,3.0,5.2
CUST09344,26,Male,Philadelphia,192854,10,59.93,599.3,Beauty,In-Store,30,3,4.0,4.2
CUST09345,45,Male,San Antonio,26853,12,32.85,394.2,Groceries,In-Store,18,2,3.4,4.6
CUST09346,41,Female,San Antonio,111785,9,95.61,860.49,Books,In-Store,13,2,3.6,4.3
CUST09347,25,Female,Houston,46204,13,76.34,992.42,Groceries,Online,48,1,4.1,4.8
CUST09348,39,Female,Chicago,24097,9,43.68,393.12,Toys,Online,60,1,4.8,3.8
CUST09349,21,Female,San Antonio,105208,7,80.16,561.12,Automotive,Mobile App,24,1,3.9,3.7
CUST09350,42,Female,Chicago,41665,12,113.48,1361.76,Toys,Mobile App,24,0,3.6,4.9
CUST09351,29,Female,Phoenix,22450,12,106.54,1278.48,Toys,Online,75,1,3.4,4.6
CUST09352,54,Female,Houston,46541,6,67.56,405.36,Sports,In-Store,175,0,3.8,2.5
CUST09353,48,Female,San Antonio,27458,14,102.77,1438.78,Books,Online,9,2,3.1,5.4
CUST09354,35,Male,Los Angeles,37978,7,17.49,122.43,Sports,In-Store,53,1,4.2,3.4
CUST09355,39,Female,Los Angeles,76671,8,92.88,743.04,Automotive,Online,40,0,4.7,3.9
CUST09356,18,Male,Dallas,35340,8,22.41,179.28,Books,Online,55,1,4.8,3.5
CUST09357,27,Female,San Antonio,35419,12,44.39,532.68,Automotive,In-Store,89,2,3.9,4.2
CUST09358,22,Female,San Jose,62587,17,30.3,515.1,Groceries,Online,10,2,4.3,5.6
CUST09359,23,Male,Phoenix,86526,15,109.45,1641.75,Electronics,In-Store,33,3,3.4,5.5
CUST09360,24,Female,San Jose,44805,17,77.37,1315.29,Beauty,Online,13,1,3.4,5.9
CUST09361,30,Female,San Jose,34778,14,54.86,768.04,Beauty,Online,193,5,3.7,4.0
CUST09362,18,Male,Phoenix,102851,11,175.22,1927.42,Sports,Online,13,2,3.6,5.1
CUST09363,32,Female,Dallas,41853,5,134.98,674.9,Home & Garden,In-Store,20,0,3.8,3.4
CUST09364,37,Male,Los Angeles,50288,9,38.86,349.74,Automotive,Online,1,1,4.4,4.1
CUST09365,30,Male,San Antonio,121774,10,35.65,356.5,Health,In-Store,14,3,3.5,4.2
CUST09366,33,Male,San Antonio,31833,15,93.35,1400.25,Health,Online,5,1,4.4,5.6
CUST09367,61,Male,Houston,61735,8,194.71,1557.68,Toys,Mobile App,223,2,4.3,3.1
CUST09368,33,Female,Houston,74782,10,32.4,324.0,Health,In-Store,54,0,4.5,4.0
CUST09369,42,Male,Chicago,33127,5,51.1,255.5,Groceries,Mobile App,3,0,3.1,3.4
CUST09370,38,Male,San Antonio,65502,9,42.48,382.32,Home & Garden,Online,17,1,3.7,4.0
CUST09371,23,Female,Chicago,29855,17,67.78,1152.26,Electronics,Online,180,3,3.6,4.8
CUST09372,50,Male,San Jose,70325,15,168.52,2527.8,Clothing,Online,28,1,3.9,5.9
CUST09373,60,Male,Houston,22120,13,118.58,1541.54,Home & Garden,Mobile App,14,1,4.1,5.3
CUST09374,18,Male,Houston,61090,14,57.37,803.18,Clothing,Online,64,1,4.0,4.8
CUST09375,60,Male,Dallas,48578,12,39.67,476.04,Groceries,Online,12,3,3.8,4.6
CUST09376,40,Female,Chicago,67716,11,15.52,170.72,Home & Garden,Online,23,2,3.3,4.3
CUST09377,35,Female,San Antonio,36894,16,408.97,6543.52,Toys,Online,55,2,3.3,7.7
CUST09378,31,Female,Chicago,36069,13,55.7,724.1,Health,Online,19,2,3.4,4.9
CUST09379,47,Male,Houston,48827,11,28.86,317.46,Clothing,In-Store,13,0,5.0,4.4
CUST09380,53,Male,Philadelphia,50393,15,44.6,669.0,Books,Mobile App,21,3,3.3,5.2
CUST09381,24,Female,New York,41777,9,80.93,728.37,Electronics,In-Store,62,0,3.6,3.9
CUST09382,29,Female,San Jose,27061,19,55.05,1045.95,Clothing,Mobile App,24,4,3.2,6.0
CUST09383,18,Male,Philadelphia,42869,19,36.48,693.12,Home & Garden,Mobile App,10,2,3.4,6.0
CUST09384,43,Male,Phoenix,90255,13,367.46,4776.98,Sports,In-Store,14,2,4.3,6.6
CUST09385,35,Male,Houston,63015,15,22.19,332.85,Automotive,Mobile App,17,4,4.0,5.1
CUST09386,38,Female,Philadelphia,54559,12,25.79,309.48,Clothing,Online,37,0,2.7,4.4
CUST09387,41,Female,Phoenix,28943,8,43.52,348.16,Books,In-Store,61,0,4.5,3.6
CUST09388,18,Male,New York,34010,12,64.69,776.28,Automotive,Online,59,3,3.8,4.5
CUST09389,30,Male,Chicago,88254,17,57.5,977.5,Automotive,Mobile App,20,0,5.0,5.7
CUST09390,45,Female,Phoenix,40877,11,18.67,205.37,Electronics,Online,40,0,3.7,4.2
CUST09391,35,Male,Dallas,85004,7,48.14,336.98,Electronics,Mobile App,229,0,3.7,2.3
CUST09392,49,Female,Houston,21665,10,100.48,1004.8,Sports,In-Store,60,2,4.4,4.2
CUST09393,28,Female,Los Angeles,35729,17,233.84,3975.28,Groceries,Mobile App,4,4,4.0,7.1
CUST09394,42,Male,San Antonio,24804,6,17.81,106.86,Electronics,Online,5,1,4.2,3.5
CUST09395,29,Female,Houston,20000,5,75.14,375.7,Groceries,Online,24,0,3.4,3.3
CUST09396,53,Male,Houston,125053,11,84.32,927.52,Groceries,In-Store,45,3,3.8,4.5
CUST09397,56,Female,Chicago,86090,8,17.98,143.84,Toys,Online,74,2,3.7,3.4
CUST09398,23,Male,New York,46070,9,177.29,1595.61,Groceries,Online,25,1,3.5,4.5
CUST09399,46,Male,San Antonio,32440,11,47.26,519.86,Toys,In-Store,14,4,3.0,4.5
CUST09400,18,Female,Chicago,56809,12,32.34,388.08,Automotive,Mobile App,55,0,3.7,4.3
CUST09401,37,Female,Chicago,50229,14,77.13,1079.82,Books,Online,22,2,3.6,5.2
CUST09402,45,Male,Los Angeles,69962,14,88.69,1241.66,Books,Online,15,3,2.5,5.3
CUST09403,25,Male,San Antonio,42442,11,74.68,821.48,Toys,In-Store,20,2,3.5,4.6
CUST09404,31,Female,San Antonio,68082,8,241.75,1934.0,Groceries,Mobile App,79,0,3.7,4.1
CUST09405,57,Male,Philadelphia,24165,16,44.66,714.56,Clothing,Online,61,4,3.6,5.1
CUST09406,23,Female,Phoenix,58344,15,15.34,230.1,Groceries,Online,16,1,3.5,5.0
CUST09407,39,Male,New York,79065,16,95.44,1527.04,Groceries,Online,20,2,3.9,5.7
CUST09408,61,Female,Phoenix,20000,11,110.76,1218.36,Clothing,Online,6,1,3.8,4.8
CUST09409,29,Female,Philadelphia,22016,7,34.9,244.3,Home & Garden,In-Store,42,0,4.2,3.5
CUST09410,36,Male,New York,30417,9,33.35,300.15,Beauty,In-Store,32,1,4.1,3.9
CUST09411,24,Male,Dallas,60459,9,178.66,1607.94,Sports,In-Store,31,2,4.1,4.5
CUST09412,36,Male,Philadelphia,48631,11,82.54,907.94,Electronics,Online,6,0,3.8,4.7
CUST09413,28,Female,New York,26243,12,90.48,1085.76,Automotive,Online,45,2,3.4,4.7
CUST09414,28,Male,Dallas,52840,14,38.07,532.98,Sports,Online,16,1,4.1,5.0
CUST09415,60,Female,New York,67576,16,34.04,544.64,Home & Garden,In-Store,9,3,3.5,5.4
CUST09416,36,Female,San Antonio,33270,10,39.28,392.8,Toys,In-Store,51,2,3.9,4.0
CUST09417,30,Male,New York,59123,11,15.95,175.45,Automotive,In-Store,8,1,4.0,4.4
CUST09418,18,Male,New York,64620,9,60.79,547.11,Toys,Online,68,1,3.9,3.8
CUST09419,18,Female,New York,20000,7,150.35,1052.45,Beauty,Mobile App,119,1,3.5,3.3
CUST09420,42,Male,Philadelphia,53180,7,16.26,113.82,Electronics,Online,104,0,4.3,3.0
CUST09421,26,Female,San Diego,121315,13,102.68,1334.84,Groceries,Online,5,0,2.9,5.2
CUST09422,43,Female,San Diego,20000,8,116.76,934.08,Home & Garden,Mobile App,4,1,4.1,4.2
CUST09423,30,Male,Chicago,86679,10,12.68,126.8,Health,Online,5,0,3.8,4.2
CUST09424,49,Female,Dallas,21261,10,42.47,424.7,Home & Garden,Online,5,0,4.4,4.3
CUST09425,57,Male,Los Angeles,51692,17,77.18,1312.06,Groceries,Online,164,2,4.7,4.9
CUST09426,33,Male,New York,99322,9,67.96,611.64,Books,Mobile App,20,1,4.5,4.1
CUST09427,55,Female,Dallas,36798,15,117.48,1762.2,Electronics,Online,5,2,4.3,5.8
CUST09428,36,Female,New York,28773,10,203.51,2035.1,Beauty,Online,42,1,3.7,4.8
CUST09429,18,Male,San Antonio,47983,15,164.51,2467.65,Beauty,Online,31,2,3.6,5.9
CUST09430,36,Female,Phoenix,70016,16,47.9,766.4,Toys,Mobile App,44,1,4.2,5.3
CUST09431,47,Female,San Diego,33768,12,75.34,904.08,Electronics,In-Store,1,2,3.4,4.9
CUST09432,63,Male,Philadelphia,48919,5,58.3,291.5,Toys,In-Store,60,0,4.5,3.0
CUST09433,29,Female,Dallas,79848,7,136.04,952.28,Books,Mobile App,36,2,3.7,3.8
CUST09434,30,Female,Los Angeles,20000,13,51.33,667.29,Groceries,Mobile App,5,1,4.2,4.9
CUST09435,48,Female,Phoenix,39294,15,79.86,1197.9,Electronics,Online,20,1,2.5,5.4
CUST09436,46,Female,New York,87994,20,84.5,1690.0,Sports,In-Store,1,2,3.9,6.6
CUST09437,29,Female,Los Angeles,43194,13,39.69,515.97,Home & Garden,In-Store,21,2,3.4,4.8
CUST09438,74,Female,Los Angeles,38330,6,59.32,355.92,Health,Online,27,0,3.5,3.4
CUST09439,25,Male,Phoenix,55730,9,48.66,437.94,Beauty,In-Store,43,2,3.6,3.9
CUST09440,18,Female,San Antonio,32204,7,38.15,267.05,Toys,Online,10,0,4.3,3.7
CUST09441,40,Female,San Jose,76117,15,72.47,1087.05,Beauty,Online,3,1,4.0,5.5
CUST09442,44,Female,New York,37303,17,35.09,596.53,Clothing,Online,59,2,3.6,5.3
CUST09443,56,Female,Los Angeles,55178,13,68.31,888.03,Toys,Online,54,2,4.7,4.7
CUST09444,32,Male,San Diego,43690,11,151.29,1664.19,Toys,In-Store,6,0,4.0,5.0
CUST09445,51,Male,Chicago,64314,14,84.85,1187.9,Home & Garden,In-Store,46,4,3.8,5.1
CUST09446,50,Male,Philadelphia,43868,19,34.27,651.13,Home & Garden,Online,19,4,4.1,5.9
CUST09447,29,Female,Chicago,98591,10,300.3,3003.0,Toys,Online,23,1,3.6,5.3
CUST09448,40,Male,Houston,35893,12,28.15,337.8,Groceries,Online,4,1,4.1,4.6
CUST09449,49,Female,San Jose,88575,12,37.64,451.68,Groceries,In-Store,124,0,3.7,3.9
CUST09450,44,Female,Dallas,62070,14,104.66,1465.24,Toys,In-Store,131,1,4.4,4.7
CUST09451,40,Male,Dallas,34903,14,44.72,626.08,Toys,Online,8,2,3.3,5.1
CUST09452,38,Male,Chicago,36751,12,42.97,515.64,Health,In-Store,52,2,3.9,4.4
CUST09453,41,Female,Houston,30062,14,39.93,559.02,Beauty,In-Store,6,1,3.2,5.1
CUST09454,46,Female,New York,76529,12,55.26,663.12,Groceries,In-Store,5,1,4.0,4.8
CUST09455,38,Male,San Jose,55302,14,61.14,855.96,Home & Garden,In-Store,3,1,4.0,5.2
CUST09456,38,Male,San Antonio,66734,13,42.94,558.22,Home & Garden,In-Store,94,1,3.6,4.3
CUST09457,18,Female,Phoenix,49835,14,61.88,866.32,Books,Online,29,4,3.8,5.1
CUST09458,33,Male,Chicago,51540,10,63.24,632.4,Toys,Online,49,1,4.3,4.1
CUST09459,39,Female,Philadelphia,67378,13,89.8,1167.4,Books,In-Store,37,2,3.5,5.0
CUST09460,51,Male,Houston,38053,15,32.96,494.4,Health,Online,53,0,4.4,4.9
CUST09461,52,Female,San Antonio,39175,12,46.6,559.2,Toys,Online,15,2,3.3,4.7
CUST09462,39,Female,Chicago,59095,12,129.25,1551.0,Toys,Online,16,0,3.4,5.1
CUST09463,38,Non-binary,Houston,54570,15,103.93,1558.95,Home & Garden,Mobile App,76,2,3.7,5.2
CUST09464,39,Female,San Antonio,87395,11,79.75,877.25,Groceries,Online,57,0,3.9,4.4
CUST09465,34,Male,San Antonio,38549,17,42.44,721.48,Home & Garden,Online,27,3,3.7,5.5
CUST09466,45,Female,Los Angeles,70470,7,92.78,649.46,Sports,In-Store,6,0,4.7,3.9
CUST09467,47,Male,Philadelphia,30989,7,54.5,381.5,Books,In-Store,199,0,4.0,2.6
CUST09468,34,Male,Philadelphia,55734,7,45.37,317.59,Groceries,Mobile App,109,0,4.6,3.1
CUST09469,21,Male,San Antonio,131664,10,32.86,328.6,Groceries,In-Store,28,2,3.2,4.1
CUST09470,52,Female,San Antonio,26752,7,175.49,1228.43,Groceries,Mobile App,39,1,4.8,3.9
CUST09471,41,Male,San Diego,56062,12,94.74,1136.88,Electronics,Online,17,2,4.2,4.9
CUST09472,28,Male,Philadelphia,88266,7,62.12,434.84,Clothing,In-Store,21,1,3.2,3.7
CUST09473,35,Female,Phoenix,93409,7,50.85,355.95,Home & Garden,Online,48,1,4.4,3.5
CUST09474,57,Male,Chicago,75252,9,51.34,462.06,Clothing,Online,82,1,3.6,3.7
CUST09475,57,Male,Phoenix,48208,16,46.31,740.96,Health,Online,6,2,4.0,5.5
CUST09476,48,Non-binary,Philadelphia,21856,3,79.01,237.03,Toys,In-Store,266,0,3.9,1.4
CUST09477,18,Male,Los Angeles,94379,4,35.74,142.96,Automotive,In-Store,120,0,4.2,2.4
CUST09478,37,Male,Phoenix,21935,13,45.08,586.04,Books,Online,13,0,3.8,4.9
CUST09479,58,Male,Philadelphia,49906,15,11.65,174.75,Clothing,Online,5,0,4.0,5.1
CUST09480,20,Male,San Antonio,45222,8,50.3,402.4,Sports,In-Store,31,1,2.8,3.8
CUST09481,31,Female,Chicago,29011,7,102.03,714.21,Sports,In-Store,7,1,3.8,3.9
CUST09482,18,Male,San Jose,30277,13,164.66,2140.58,Health,Mobile App,3,1,4.0,5.6
CUST09483,47,Non-binary,Chicago,42115,14,88.46,1238.44,Sports,Online,23,2,3.9,5.3
CUST09484,40,Male,Houston,24538,6,55.27,331.62,Health,In-Store,40,1,4.2,3.4
CUST09485,51,Female,Philadelphia,101934,16,52.4,838.4,Health,Mobile App,10,3,3.2,5.5
CUST09486,39,Male,New York,86642,11,40.71,447.81,Electronics,Online,14,1,3.7,4.4
CUST09487,31,Female,Phoenix,29028,7,150.28,1051.96,Beauty,Mobile App,17,1,4.6,4.0
CUST09488,48,Female,Dallas,71519,15,99.21,1488.15,Home & Garden,Mobile App,44,3,4.0,5.4
CUST09489,34,Female,San Jose,24205,14,47.58,666.12,Groceries,Mobile App,21,1,3.6,5.0
CUST09490,38,Female,New York,24925,6,71.24,427.44,Beauty,Mobile App,275,0,4.5,1.9
CUST09491,40,Female,Dallas,66727,10,123.75,1237.5,Groceries,Online,16,1,4.6,4.6
CUST09492,51,Female,Los Angeles,44939,7,69.83,488.81,Electronics,In-Store,196,5,2.8,2.6
CUST09493,37,Male,Phoenix,71510,17,161.43,2744.31,Books,Mobile App,38,4,3.7,6.3
CUST09494,44,Female,Houston,47838,16,26.1,417.6,Toys,In-Store,5,1,4.2,5.4
CUST09495,18,Female,San Antonio,113496,14,57.46,804.44,Groceries,Online,31,0,4.6,5.0
CUST09496,32,Female,Los Angeles,23311,11,65.55,721.05,Sports,In-Store,16,0,4.1,4.6
CUST09497,31,Male,San Antonio,39451,10,37.42,374.2,Health,Online,27,0,4.7,4.2
CUST09498,46,Female,San Antonio,71181,11,19.67,216.37,Health,In-Store,40,2,4.1,4.2
CUST09499,37,Male,San Diego,43160,9,95.97,863.73,Sports,In-Store,33,1,3.3,4.2
CUST09500,64,Female,Chicago,30447,11,47.15,518.65,Clothing,In-Store,49,1,3.4,4.3
CUST09501,20,Female,New York,42287,18,46.12,830.16,Books,Online,1,4,2.6,5.9
CUST09502,23,Male,Phoenix,58551,14,186.98,2617.72,Toys,Online,22,4,3.5,5.8
CUST09503,43,Female,Los Angeles,45970,9,10.21,91.89,Clothing,Mobile App,32,0,3.4,3.8
CUST09504,45,Male,Chicago,35733,13,111.47,1449.11,Home & Garden,Online,59,1,3.7,4.9
CUST09505,45,Male,Phoenix,64370,9,111.56,1004.04,Electronics,Online,30,5,2.8,4.2
CUST09506,51,Non-binary,Chicago,34505,14,109.01,1526.14,Automotive,Mobile App,5,1,3.0,5.5
CUST09507,25,Female,San Antonio,89320,10,58.84,588.4,Automotive,Mobile App,44,1,3.1,4.1
CUST09508,58,Female,Los Angeles,20000,14,76.04,1064.56,Groceries,Online,1,0,5.0,5.3
CUST09509,31,Male,Los Angeles,26083,15,66.07,991.05,Sports,In-Store,5,2,4.5,5.4
CUST09510,48,Female,Phoenix,94977,11,81.16,892.76,Groceries,Online,6,0,3.4,4.7
CUST09511,34,Female,San Jose,43112,17,43.7,742.9,Books,In-Store,16,3,4.3,5.6
CUST09512,49,Female,San Diego,38786,10,67.86,678.6,Automotive,Mobile App,33,1,3.3,4.2
CUST09513,18,Male,New York,20231,11,53.01,583.11,Clothing,Online,33,3,4.3,4.4
CUST09514,18,Male,Phoenix,92563,7,564.76,3953.32,Groceries,Online,38,1,3.3,5.1
CUST09515,20,Male,San Diego,107752,12,20.36,244.32,Home & Garden,Mobile App,28,1,3.9,4.4
CUST09516,33,Male,Dallas,100384,15,97.25,1458.75,Books,Online,27,3,4.2,5.5
CUST09517,46,Non-binary,San Jose,21247,10,32.59,325.9,Beauty,Online,28,3,3.5,4.1
CUST09518,47,Female,Philadelphia,71021,22,70.5,1551.0,Health,In-Store,5,2,3.6,6.9
CUST09519,22,Female,San Diego,60542,11,152.29,1675.19,Beauty,In-Store,23,0,4.7,4.9
CUST09520,21,Female,Houston,20000,9,15.85,142.65,Toys,In-Store,9,0,4.1,4.0
CUST09521,42,Female,Chicago,96173,21,61.0,1281.0,Health,Online,3,5,3.3,6.6
CUST09522,32,Male,San Diego,20000,17,129.89,2208.13,Toys,In-Store,24,0,4.0,6.2
CUST09523,30,Female,San Jose,66718,7,18.92,132.44,Automotive,Mobile App,46,1,3.4,3.4
CUST09524,33,Male,San Diego,104618,12,31.99,383.88,Books,Online,21,2,3.0,4.6
CUST09525,39,Male,Los Angeles,128378,11,92.7,1019.7,Electronics,Online,41,0,3.7,4.5
CUST09526,33,Male,Phoenix,61584,14,58.22,815.08,Automotive,Online,32,3,2.7,5.0
CUST09527,28,Male,Phoenix,45885,7,43.68,305.76,Home & Garden,In-Store,1,0,4.6,3.8
CUST09528,22,Non-binary,Philadelphia,67847,16,109.32,1749.12,Books,In-Store,3,3,3.3,5.9
CUST09529,30,Female,Dallas,61592,9,50.24,452.16,Beauty,In-Store,74,1,3.5,3.7
CUST09530,54,Female,San Jose,31930,16,91.96,1471.36,Books,Online,110,3,4.4,5.2
CUST09531,36,Male,San Jose,20000,8,30.75,246.0,Books,Online,29,0,4.4,3.7
CUST09532,34,Male,San Diego,30673,14,27.15,380.1,Books,Online,23,2,4.6,4.9
CUST09533,18,Female,Los Angeles,107231,15,49.56,743.4,Groceries,Online,2,0,3.7,5.4
CUST09534,49,Male,Phoenix,177253,10,47.74,477.4,Groceries,Online,17,3,2.4,4.3
CUST09535,27,Female,San Antonio,91025,12,41.05,492.6,Sports,Mobile App,33,0,3.9,4.5
CUST09536,21,Male,Los Angeles,68561,19,70.98,1348.62,Automotive,Online,53,1,4.3,6.0
CUST09537,31,Female,Phoenix,26352,13,271.82,3533.66,Beauty,In-Store,35,2,3.3,6.0
CUST09538,64,Male,Philadelphia,55280,15,57.33,859.95,Health,In-Store,23,1,4.6,5.3
CUST09539,45,Male,Philadelphia,56117,12,61.96,743.52,Home & Garden,Online,40,2,3.7,4.6
CUST09540,20,Female,Houston,33155,18,19.88,357.84,Toys,In-Store,21,4,4.7,5.6
CUST09541,18,Female,San Jose,73755,5,59.86,299.3,Beauty,Online,73,0,4.6,3.0
CUST09542,18,Male,San Antonio,56331,13,129.74,1686.62,Beauty,In-Store,4,0,4.8,5.4
CUST09543,37,Male,Houston,45474,9,151.81,1366.29,Toys,Mobile App,44,0,4.5,4.3
CUST09544,21,Male,Philadelphia,111353,14,104.16,1458.24,Groceries,Online,7,0,3.8,5.4
CUST09545,43,Male,Philadelphia,77967,12,100.06,1200.72,Automotive,Mobile App,52,0,4.1,4.7
CUST09546,54,Male,San Jose,92426,5,81.35,406.75,Electronics,Online,192,1,3.3,2.3
CUST09547,39,Female,Philadelphia,68179,14,108.06,1512.84,Groceries,Mobile App,31,1,3.0,5.3
CUST09548,18,Female,San Jose,63825,16,97.98,1567.68,Groceries,In-Store,6,0,3.3,5.9
CUST09549,35,Female,San Antonio,34325,12,190.24,2282.88,Beauty,Mobile App,4,1,3.9,5.5
CUST09550,40,Male,San Jose,67550,9,52.72,474.48,Books,Online,19,1,4.1,4.1
CUST09551,44,Female,San Jose,120816,17,63.47,1078.99,Health,In-Store,13,3,2.6,5.8
CUST09552,54,Male,Houston,168142,12,44.9,538.8,Automotive,Online,60,1,4.6,4.4
CUST09553,43,Male,New York,46999,12,89.83,1077.96,Electronics,In-Store,11,1,2.9,4.9
CUST09554,53,Female,Philadelphia,22558,10,187.75,1877.5,Health,In-Store,14,1,3.1,4.9
CUST09555,49,Female,Phoenix,67867,16,27.09,433.44,Groceries,Online,24,3,3.5,5.3
CUST09556,52,Female,San Diego,56485,11,208.81,2296.91,Beauty,Online,8,2,4.3,5.3
CUST09557,49,Female,Philadelphia,39144,9,76.46,688.14,Clothing,In-Store,2,1,4.3,4.3
CUST09558,39,Male,San Jose,24318,12,287.05,3444.6,Toys,Online,13,0,3.9,5.9
CUST09559,36,Male,Chicago,42560,14,42.82,599.48,Health,Online,16,4,3.2,5.0
CUST09560,31,Male,Chicago,88124,13,46.8,608.4,Books,In-Store,8,1,4.1,4.9
CUST09561,54,Male,New York,54086,8,128.81,1030.48,Automotive,Online,12,3,3.8,4.2
CUST09562,18,Male,Houston,54574,12,56.11,673.32,Home & Garden,Online,30,2,3.1,4.6
CUST09563,27,Male,Los Angeles,41507,12,51.76,621.12,Automotive,In-Store,11,0,4.7,4.7
CUST09564,48,Female,Houston,48128,5,59.47,297.35,Toys,Online,9,0,3.9,3.4
CUST09565,26,Male,San Antonio,38628,8,31.69,253.52,Beauty,Mobile App,60,2,4.1,3.5
CUST09566,31,Female,Houston,55351,12,103.3,1239.6,Home & Garden,In-Store,74,1,3.5,4.6
CUST09567,45,Male,Los Angeles,28463,5,75.63,378.15,Health,Online,21,1,3.0,3.3
CUST09568,29,Male,San Antonio,47668,14,157.42,2203.88,Electronics,Mobile App,6,2,3.3,5.8
CUST09569,47,Male,Houston,110930,12,57.05,684.6,Electronics,In-Store,17,0,4.6,4.7
CUST09570,39,Male,Phoenix,73708,10,112.89,1128.9,Clothing,In-Store,6,0,3.6,4.6
CUST09571,18,Male,San Antonio,20000,12,94.69,1136.28,Books,Online,28,1,3.5,4.8
CUST09572,59,Male,New York,104261,16,17.61,281.76,Health,Mobile App,8,1,4.7,5.3
CUST09573,29,Male,San Diego,75181,9,48.05,432.45,Automotive,In-Store,1,1,4.5,4.2
CUST09574,50,Female,Los Angeles,46128,8,45.68,365.44,Electronics,In-Store,123,0,3.8,3.2
CUST09575,20,Female,San Diego,26058,7,36.74,257.18,Books,Online,180,2,2.7,2.6
CUST09576,30,Male,San Diego,37481,11,112.56,1238.16,Toys,Online,82,1,3.0,4.4
CUST09577,18,Male,San Diego,61570,11,23.93,263.23,Books,Online,4,1,2.9,4.4
CUST09578,40,Male,Philadelphia,75490,14,74.73,1046.22,Health,Mobile App,59,3,3.0,4.9
CUST09579,28,Male,Dallas,82744,23,50.61,1164.03,Clothing,In-Store,6,4,2.5,6.9
CUST09580,28,Female,Phoenix,39450,10,88.03,880.3,Home & Garden,Online,80,2,2.7,4.0
CUST09581,62,Female,Los Angeles,22811,11,68.39,752.29,Clothing,Mobile App,14,2,3.7,4.6
CUST09582,37,Male,San Jose,67212,10,16.8,168.0,Home & Garden,In-Store,13,1,4.5,4.2
CUST09583,46,Male,Houston,38077,18,92.09,1657.62,Electronics,In-Store,22,4,2.9,6.1
CUST09584,18,Female,Chicago,82453,16,43.46,695.36,Home & Garden,In-Store,50,1,4.1,5.2
CUST09585,38,Male,Los Angeles,102770,5,121.46,607.3,Home & Garden,Online,41,0,3.5,3.3
CUST09586,42,Female,Los Angeles,33575,10,185.96,1859.6,Sports,Mobile App,1,0,4.2,5.0
CUST09587,42,Female,Philadelphia,83569,15,57.08,856.2,Electronics,Online,15,1,2.3,5.3
CUST09588,29,Male,Phoenix,39742,10,114.04,1140.4,Electronics,Online,65,2,3.5,4.2
CUST09589,22,Female,San Antonio,63355,17,115.09,1956.53,Electronics,Online,30,2,2.9,6.0
CUST09590,49,Male,Los Angeles,161803,10,52.23,522.3,Beauty,In-Store,79,0,4.4,3.9
CUST09591,18,Male,Phoenix,57812,18,41.26,742.68,Sports,Mobile App,57,3,3.9,5.5
CUST09592,54,Male,Chicago,57644,13,28.54,371.02,Clothing,Mobile App,16,1,4.1,4.8
CUST09593,39,Female,San Antonio,44242,20,49.53,990.6,Sports,In-Store,3,2,4.2,6.3
CUST09594,21,Male,Phoenix,85505,12,108.03,1296.36,Groceries,Online,31,1,3.9,4.9
CUST09595,70,Female,San Jose,37900,13,90.89,1181.57,Toys,Online,26,1,3.8,5.0
CUST09596,56,Male,Phoenix,62720,7,66.42,464.94,Electronics,Online,100,0,4.2,3.2
CUST09597,18,Male,San Diego,33822,11,16.27,178.97,Groceries,Online,3,2,4.6,4.4
CUST09598,51,Female,Chicago,40094,12,141.15,1693.8,Home & Garden,In-Store,35,1,3.9,5.0
CUST09599,41,Female,Philadelphia,24822,8,40.29,322.32,Automotive,In-Store,1,1,3.2,3.9
CUST09600,18,Male,Los Angeles,26682,16,19.89,318.24,Groceries,Online,20,3,2.8,5.2
CUST09601,43,Male,Phoenix,77834,10,50.39,503.9,Automotive,Mobile App,44,0,5.0,4.1
CUST09602,51,Female,Los Angeles,33393,14,62.03,868.42,Health,In-Store,67,1,3.8,4.8
CUST09603,49,Female,San Jose,76864,11,173.58,1909.38,Sports,Mobile App,70,2,3.6,4.7
CUST09604,46,Male,Los Angeles,31581,12,98.97,1187.64,Books,In-Store,16,1,4.3,4.9
CUST09605,53,Male,San Jose,25180,9,31.45,283.05,Clothing,In-Store,2,2,4.2,4.1
CUST09606,54,Female,Phoenix,68559,12,20.17,242.04,Beauty,Mobile App,5,0,4.4,4.6
CUST09607,31,Male,Phoenix,35053,17,31.22,530.74,Sports,Online,13,4,3.5,5.5
CUST09608,36,Female,Chicago,60841,16,61.34,981.44,Home & Garden,Mobile App,18,1,4.7,5.5
CUST09609,66,Male,Phoenix,67656,11,50.87,559.57,Clothing,Mobile App,44,0,4.9,4.3
CUST09610,46,Male,Chicago,190915,12,148.61,1783.32,Automotive,Online,140,1,2.9,4.4
CUST09611,40,Female,Philadelphia,103898,8,30.96,247.68,Sports,Online,38,0,4.0,3.7
CUST09612,29,Male,Los Angeles,98987,17,126.77,2155.09,Automotive,In-Store,5,3,3.8,6.3
CUST09613,24,Female,San Jose,109469,16,64.48,1031.68,Beauty,In-Store,14,1,4.2,5.6
CUST09614,41,Male,Phoenix,44914,12,65.53,786.36,Books,Online,9,1,4.5,4.8
CUST09615,30,Male,San Jose,20000,13,41.33,537.29,Home & Garden,Online,25,2,4.1,4.8
CUST09616,59,Male,Philadelphia,61027,9,71.94,647.46,Electronics,In-Store,11,1,3.8,4.2
CUST09617,34,Female,New York,94527,12,52.08,624.96,Electronics,In-Store,20,1,3.8,4.7
CUST09618,65,Male,Los Angeles,20000,7,30.25,211.75,Toys,Online,55,2,2.9,3.4
CUST09619,31,Female,San Diego,99388,12,51.38,616.56,Home & Garden,Online,1,7,2.8,4.8
CUST09620,26,Female,New York,20130,10,105.64,1056.4,Home & Garden,Online,129,0,3.9,3.8
CUST09621,40,Male,Phoenix,50956,9,40.12,361.08,Electronics,In-Store,100,0,3.2,3.5
CUST09622,41,Female,Chicago,20000,17,60.06,1021.02,Clothing,Online,14,0,4.2,5.7
CUST09623,36,Male,San Diego,71836,8,83.81,670.48,Beauty,Mobile App,67,0,3.9,3.7
CUST09624,61,Female,Phoenix,63525,7,181.43,1270.01,Groceries,In-Store,86,0,4.3,3.6
CUST09625,43,Female,Houston,39446,10,86.53,865.3,Groceries,In-Store,118,2,3.4,3.8
CUST09626,33,Female,San Diego,35554,13,11.92,154.96,Automotive,Online,44,1,2.8,4.5
CUST09627,35,Male,Philadelphia,73395,7,64.22,449.54,Electronics,Online,135,0,4.5,3.0
CUST09628,31,Female,Dallas,45887,11,149.23,1641.53,Automotive,Online,42,1,3.3,4.8
CUST09629,33,Male,San Diego,36607,12,54.43,653.16,Clothing,In-Store,28,1,4.6,4.6
CUST09630,24,Male,San Antonio,72773,12,90.86,1090.32,Books,Online,17,2,3.7,4.9
CUST09631,18,Male,Dallas,32904,9,136.82,1231.38,Health,Mobile App,14,1,3.6,4.4
CUST09632,32,Non-binary,San Jose,58790,13,34.71,451.23,Home & Garden,Online,51,0,4.0,4.6
CUST09633,40,Female,San Antonio,41960,11,122.95,1352.45,Sports,Online,73,1,4.3,4.5
CUST09634,37,Male,San Jose,35369,14,117.13,1639.82,Beauty,Online,6,2,3.3,5.5
CUST09635,28,Female,Los Angeles,80028,20,58.76,1175.2,Clothing,Online,34,1,4.0,6.2
CUST09636,50,Female,San Antonio,20000,14,325.1,4551.4,Home & Garden,Online,25,1,3.6,6.6
CUST09637,35,Male,Philadelphia,107927,7,30.64,214.48,Clothing,In-Store,15,0,4.0,3.6
CUST09638,37,Male,San Jose,148371,11,28.42,312.62,Books,Online,81,0,3.2,4.0
CUST09639,25,Male,Chicago,80165,12,204.34,2452.08,Books,Mobile App,1,1,3.8,5.6
CUST09640,45,Male,Phoenix,59495,10,118.52,1185.2,Automotive,Mobile App,1,1,3.5,4.7
CUST09641,40,Female,San Antonio,130754,12,82.3,987.6,Health,Online,36,3,3.5,4.7
CUST09642,44,Male,San Diego,44479,11,150.25,1652.75,Health,In-Store,13,1,3.9,5.0
CUST09643,35,Female,San Jose,24379,9,166.53,1498.77,Books,In-Store,13,2,3.4,4.5
CUST09644,32,Male,San Antonio,34840,7,115.37,807.59,Home & Garden,Online,26,1,3.7,3.8
CUST09645,43,Male,New York,51459,13,415.59,5402.67,Sports,In-Store,3,2,4.5,7.0
CUST09646,49,Male,Chicago,28407,13,74.97,974.61,Groceries,In-Store,41,3,4.5,4.9
CUST09647,64,Female,Los Angeles,55442,10,54.09,540.9,Books,Online,42,0,4.3,4.1
CUST09648,39,Male,Los Angeles,79666,13,132.0,1716.0,Groceries,Online,4,2,3.8,5.4
CUST09649,38,Male,New York,22296,13,87.16,1133.08,Clothing,Online,11,1,3.2,5.1
CUST09650,40,Male,Los Angeles,41262,11,95.79,1053.69,Health,Online,131,0,4.3,4.0
CUST09651,38,Female,San Antonio,31770,21,13.53,284.13,Home & Garden,Online,16,5,4.1,6.1
CUST09652,51,Female,New York,50954,15,90.18,1352.7,Automotive,Online,54,4,2.7,5.3
CUST09653,36,Male,San Antonio,93803,14,30.85,431.9,Electronics,Online,6,3,3.5,5.0
CUST09654,36,Male,Houston,62216,12,33.12,397.44,Electronics,Online,22,0,4.2,4.6
CUST09655,41,Male,San Diego,71307,14,121.16,1696.24,Home & Garden,In-Store,23,0,4.5,5.4
CUST09656,43,Male,San Diego,176474,12,98.36,1180.32,Beauty,Online,1,0,4.4,5.0
CUST09657,21,Female,Chicago,54756,8,248.48,1987.84,Health,In-Store,12,2,2.9,4.6
CUST09658,43,Female,New York,32601,5,36.17,180.85,Sports,Mobile App,59,0,3.9,3.0
CUST09659,33,Female,New York,33277,13,257.39,3346.07,Home & Garden,Mobile App,26,3,3.4,6.0
CUST09660,40,Male,Houston,45841,17,89.59,1523.03,Electronics,Online,56,4,3.3,5.7
CUST09661,48,Male,Dallas,34489,8,102.54,820.32,Groceries,In-Store,40,1,3.0,3.9
CUST09662,47,Male,San Antonio,47272,19,97.77,1857.63,Home & Garden,In-Store,6,2,3.6,6.5
CUST09663,29,Male,Houston,56518,11,59.29,652.19,Beauty,Mobile App,34,1,3.8,4.4
CUST09664,45,Male,Dallas,33719,10,59.13,591.3,Automotive,In-Store,40,4,2.8,4.2
CUST09665,36,Male,Houston,29835,8,86.25,690.0,Automotive,Online,32,0,3.8,3.9
CUST09666,18,Female,San Jose,56253,12,77.6,931.2,Beauty,In-Store,31,0,3.5,4.7
CUST09667,25,Non-binary,Chicago,68213,8,212.0,1696.0,Clothing,In-Store,41,2,3.5,4.3
CUST09668,35,Male,Los Angeles,56791,16,45.28,724.48,Clothing,Online,16,3,3.4,5.4
CUST09669,32,Female,Dallas,56843,14,131.66,1843.24,Clothing,Online,12,1,4.4,5.6
CUST09670,25,Female,New York,70544,13,44.25,575.25,Home & Garden,In-Store,16,1,3.4,4.8
CUST09671,33,Male,San Antonio,40876,9,55.29,497.61,Home & Garden,Online,16,1,4.4,4.1
CUST09672,39,Female,San Jose,25133,14,44.39,621.46,Sports,Online,109,4,2.6,4.5
CUST09673,18,Female,Houston,36892,13,43.03,559.39,Groceries,Online,25,1,3.1,4.8
CUST09674,34,Female,San Jose,51842,12,41.49,497.88,Automotive,Online,5,3,4.0,4.7
CUST09675,18,Male,Houston,25216,8,67.3,538.4,Toys,In-Store,6,2,4.2,4.0
CUST09676,32,Female,San Jose,42323,15,98.37,1475.55,Sports,Mobile App,4,1,4.3,5.7
CUST09677,33,Male,Houston,70516,12,185.95,2231.4,Toys,Online,31,1,4.5,5.3
CUST09678,38,Male,Houston,33389,13,85.15,1106.95,Clothing,In-Store,11,1,3.3,5.1
CUST09679,33,Male,Phoenix,36946,8,85.12,680.96,Beauty,Online,94,1,3.4,3.5
CUST09680,52,Female,Philadelphia,100234,7,24.61,172.27,Books,Online,30,2,3.7,3.5
CUST09681,40,Male,Philadelphia,195901,10,173.59,1735.9,Electronics,Mobile App,35,0,4.2,4.7
CUST09682,46,Female,Houston,33475,12,60.86,730.32,Electronics,Online,30,1,3.3,4.6
CUST09683,50,Female,Dallas,48015,16,381.12,6097.92,Electronics,Online,17,3,3.5,7.7
CUST09684,26,Male,San Antonio,45371,7,121.47,850.29,Beauty,Online,18,2,3.7,3.9
CUST09685,23,Female,San Jose,41514,13,83.96,1091.48,Sports,In-Store,10,0,4.2,5.1
CUST09686,40,Female,Dallas,55299,13,112.84,1466.92,Beauty,Online,3,3,3.5,5.3
CUST09687,38,Female,Dallas,84009,10,51.72,517.2,Home & Garden,In-Store,8,3,3.8,4.3
CUST09688,47,Female,New York,20000,9,73.54,661.86,Clothing,Online,31,1,3.8,4.1
CUST09689,38,Male,San Diego,30541,10,75.37,753.7,Toys,Online,13,1,3.3,4.4
CUST09690,66,Male,Los Angeles,46412,14,25.89,362.46,Home & Garden,Online,21,0,3.5,4.9
CUST09691,49,Male,Philadelphia,20000,15,52.44,786.6,Toys,Online,29,2,3.7,5.2
CUST09692,18,Male,Dallas,60634,15,210.82,3162.3,Groceries,Mobile App,11,4,3.4,6.3
CUST09693,40,Female,San Antonio,70551,5,47.26,236.3,Clothing,Mobile App,30,1,4.3,3.2
CUST09694,36,Female,Phoenix,20000,14,121.05,1694.7,Health,In-Store,22,0,4.1,5.5
CUST09695,54,Male,Chicago,26286,12,31.74,380.88,Health,Online,18,0,3.5,4.6
CUST09696,33,Female,San Jose,20000,5,26.8,134.0,Sports,Online,164,1,3.6,2.3
CUST09697,57,Female,Phoenix,49803,16,227.76,3644.16,Beauty,Online,8,5,4.1,6.7
CUST09698,53,Female,San Antonio,63507,9,34.74,312.66,Books,Online,3,3,3.3,4.1
CUST09699,26,Female,Dallas,83547,8,73.27,586.16,Automotive,Mobile App,63,0,3.6,3.7
CUST09700,54,Male,Philadelphia,20000,15,95.15,1427.25,Electronics,In-Store,10,2,4.3,5.6
CUST09701,28,Female,New York,150823,13,87.4,1136.2,Health,Mobile App,5,0,3.8,5.1
CUST09702,19,Female,San Jose,85996,11,61.54,676.94,Beauty,In-Store,1,0,4.1,4.6
CUST09703,46,Female,Dallas,38245,17,73.87,1255.79,Home & Garden,Online,113,0,4.4,5.2
CUST09704,23,Male,Philadelphia,24421,9,400.2,3601.8,Health,In-Store,47,1,3.3,5.2
CUST09705,24,Male,New York,64570,12,16.67,200.04,Clothing,In-Store,16,0,3.2,4.5
CUST09706,37,Male,Chicago,106544,12,10.52,126.24,Toys,Online,16,1,3.3,4.5
CUST09707,31,Male,Dallas,66863,12,131.37,1576.44,Beauty,In-Store,36,2,4.2,5.0
CUST09708,49,Male,Dallas,41840,16,28.35,453.6,Toys,In-Store,10,3,3.1,5.4
CUST09709,31,Non-binary,San Diego,35286,10,31.01,310.1,Groceries,Online,1,1,2.9,4.3
CUST09710,25,Male,Houston,69136,14,23.33,326.62,Home & Garden,In-Store,1,3,4.2,5.0
CUST09711,49,Female,Los Angeles,34792,21,201.11,4223.31,Groceries,Online,16,3,3.9,7.8
CUST09712,22,Female,San Jose,50708,14,27.16,380.24,Books,Online,57,4,2.9,4.7
CUST09713,44,Male,Houston,84542,14,28.34,396.76,Toys,Online,19,3,3.9,4.9
CUST09714,36,Male,San Diego,28810,12,69.59,835.08,Home & Garden,Online,12,2,3.4,4.8
CUST09715,32,Male,Houston,45181,21,81.52,1711.92,Books,Online,24,0,4.8,6.7
CUST09716,18,Female,San Diego,35767,13,150.81,1960.53,Clothing,In-Store,37,2,3.9,5.3
CUST09717,26,Female,Philadelphia,52863,16,46.07,737.12,Books,In-Store,10,1,3.9,5.5
CUST09718,53,Male,Phoenix,59266,7,58.65,410.55,Home & Garden,In-Store,76,0,4.1,3.3
CUST09719,48,Female,New York,59502,13,119.55,1554.15,Beauty,Online,21,3,2.7,5.2
CUST09720,32,Female,Houston,147396,12,45.5,546.0,Health,Online,45,1,4.5,4.5
CUST09721,34,Male,San Jose,74837,15,102.47,1537.05,Electronics,In-Store,24,1,4.0,5.6
CUST09722,42,Female,Philadelphia,45700,10,20.88,208.8,Sports,Mobile App,58,1,2.9,3.9
CUST09723,28,Female,Dallas,20000,12,46.54,558.48,Toys,In-Store,26,1,3.6,4.6
CUST09724,40,Male,New York,27317,8,100.85,806.8,Beauty,In-Store,17,2,3.9,4.1
CUST09725,37,Female,Dallas,66391,12,86.01,1032.12,Clothing,Online,41,2,3.4,4.7
CUST09726,30,Male,Houston,51263,5,137.57,687.85,Clothing,Online,240,1,2.7,2.1
CUST09727,24,Female,Chicago,56087,16,81.19,1299.04,Books,Mobile App,16,2,4.0,5.7
CUST09728,49,Male,Philadelphia,35999,10,88.13,881.3,Sports,Mobile App,7,1,3.8,4.5
CUST09729,36,Female,New York,51407,9,674.71,6072.39,Electronics,In-Store,54,1,3.8,6.2
CUST09730,18,Female,Phoenix,219995,17,77.51,1317.67,Electronics,Mobile App,19,1,4.0,5.8
CUST09731,29,Female,San Antonio,31009,6,94.88,569.28,Clothing,Mobile App,7,0,3.6,3.7
CUST09732,36,Female,San Diego,57391,12,30.14,361.68,Electronics,Online,103,2,2.7,4.0
CUST09733,52,Male,San Jose,24130,8,73.73,589.84,Electronics,Mobile App,27,1,3.9,3.9
CUST09734,68,Female,San Diego,27437,13,137.32,1785.16,Home & Garden,In-Store,38,2,2.8,5.2
CUST09735,29,Female,Phoenix,116637,13,67.47,877.11,Books,Online,80,0,3.9,4.6
CUST09736,36,Female,Houston,44366,7,63.46,444.22,Sports,In-Store,81,0,4.5,3.3
CUST09737,75,Male,San Antonio,58786,10,92.62,926.2,Health,Online,36,1,3.7,4.3
CUST09738,25,Female,New York,89932,11,101.3,1114.3,Automotive,In-Store,31,2,3.0,4.6
CUST09739,45,Male,Los Angeles,20000,14,47.19,660.66,Health,In-Store,41,0,4.9,4.9
CUST09740,32,Female,San Antonio,52405,9,26.11,234.99,Toys,Online,3,1,4.0,4.1
CUST09741,47,Male,Los Angeles,51665,15,74.25,1113.75,Home & Garden,Mobile App,9,0,3.9,5.5
CUST09742,27,Male,Chicago,101814,16,73.27,1172.32,Automotive,In-Store,8,5,3.9,5.7
CUST09743,44,Female,Chicago,20000,13,44.67,580.71,Beauty,In-Store,39,6,3.6,4.7
CUST09744,40,Male,San Jose,29289,14,99.25,1389.5,Electronics,Online,18,0,3.8,5.4
CUST09745,41,Male,Phoenix,23359,10,65.55,655.5,Electronics,In-Store,22,0,4.7,4.3
CUST09746,35,Male,San Jose,26413,9,33.87,304.83,Sports,Online,8,3,3.4,4.1
CUST09747,30,Male,San Jose,132192,7,25.61,179.27,Toys,In-Store,63,0,4.3,3.3
CUST09748,47,Female,San Jose,29666,9,34.13,307.17,Electronics,In-Store,28,2,3.9,3.9
CUST09749,44,Male,Chicago,37564,12,173.3,2079.6,Home & Garden,In-Store,41,2,3.2,5.1
CUST09750,18,Female,San Antonio,30162,10,122.39,1223.9,Toys,Online,14,1,4.0,4.6
CUST09751,34,Male,San Antonio,69980,10,139.53,1395.3,Groceries,Mobile App,35,0,4.3,4.5
CUST09752,25,Female,Philadelphia,24449,11,28.75,316.25,Clothing,Mobile App,21,0,4.4,4.3
CUST09753,43,Female,Phoenix,135327,17,101.03,1717.51,Electronics,In-Store,7,3,3.5,6.1
CUST09754,36,Female,San Diego,28245,16,61.58,985.28,Automotive,Online,27,4,3.2,5.5
CUST09755,35,Male,Phoenix,171784,16,66.29,1060.64,Home & Garden,Online,22,1,4.2,5.5
CUST09756,34,Male,Houston,41174,9,13.35,120.15,Books,Online,85,0,3.6,3.5
CUST09757,33,Female,San Jose,52560,10,85.06,850.6,Home & Garden,In-Store,45,3,3.7,4.2
CUST09758,36,Female,San Diego,43668,7,91.17,638.19,Electronics,Online,66,3,3.2,3.5
CUST09759,52,Female,Houston,136070,17,96.04,1632.68,Automotive,Online,48,2,3.5,5.8
CUST09760,23,Male,Los Angeles,45200,14,65.47,916.58,Beauty,Mobile App,4,1,4.7,5.2
CUST09761,45,Female,Dallas,20000,10,188.46,1884.6,Beauty,Online,15,0,3.4,4.9
CUST09762,58,Male,Los Angeles,151912,9,237.93,2141.37,Clothing,Mobile App,41,0,3.1,4.6
CUST09763,33,Female,New York,28513,11,83.31,916.41,Beauty,Online,30,0,4.1,4.5
CUST09764,44,Male,San Diego,20000,10,217.79,2177.9,Toys,Online,9,1,4.1,5.0
CUST09765,40,Male,Dallas,31090,6,50.04,300.24,Automotive,In-Store,3,0,4.0,3.6
CUST09766,40,Female,Houston,107466,10,99.02,990.2,Electronics,Mobile App,54,0,4.3,4.3
CUST09767,35,Female,San Diego,57559,14,36.29,508.06,Beauty,Mobile App,22,2,3.2,5.0
CUST09768,34,Male,Philadelphia,28601,8,130.01,1040.08,Automotive,In-Store,15,2,3.7,4.2
CUST09769,19,Female,Houston,26780,10,32.33,323.3,Electronics,Online,70,0,4.3,3.9
CUST09770,25,Male,San Diego,48299,14,38.28,535.92,Toys,In-Store,20,3,3.4,5.0
CUST09771,22,Male,Chicago,99076,15,14.2,213.0,Sports,In-Store,1,1,3.7,5.1
CUST09772,38,Male,Chicago,42698,17,134.33,2283.61,Books,Online,4,4,3.1,6.3
CUST09773,18,Female,San Diego,43122,14,78.15,1094.1,Clothing,Online,28,4,3.9,5.2
CUST09774,40,Male,San Jose,32227,14,161.39,2259.46,Books,Online,10,4,2.9,5.8
CUST09775,19,Male,Philadelphia,43932,14,117.45,1644.3,Clothing,In-Store,13,0,3.7,5.5
CUST09776,38,Male,Houston,79335,16,69.36,1109.76,Toys,Online,8,1,4.6,5.6
CUST09777,33,Male,San Diego,26541,11,137.08,1507.88,Sports,Mobile App,62,0,4.3,4.6
CUST09778,33,Male,Dallas,38812,17,81.57,1386.69,Automotive,Online,17,1,4.0,5.9
CUST09779,47,Female,Chicago,39153,12,35.54,426.48,Books,In-Store,28,0,5.0,4.5
CUST09780,44,Female,San Jose,82569,13,21.13,274.69,Electronics,In-Store,75,1,4.0,4.3
CUST09781,22,Female,Philadelphia,48278,6,109.77,658.62,Clothing,In-Store,59,1,3.6,3.4
CUST09782,34,Male,Los Angeles,22241,16,15.7,251.2,Beauty,In-Store,20,2,4.1,5.2
CUST09783,54,Male,Houston,39548,5,40.87,204.35,Home & Garden,In-Store,46,0,4.7,3.1
CUST09784,46,Male,Philadelphia,20000,8,78.56,628.48,Toys,Online,23,1,3.8,3.9
CUST09785,30,Female,San Diego,123067,15,58.12,871.8,Electronics,In-Store,4,3,3.4,5.4
CUST09786,37,Male,San Antonio,28621,14,96.23,1347.22,Automotive,Online,13,3,3.8,5.4
CUST09787,37,Female,Houston,45981,10,124.4,1244.0,Automotive,In-Store,1,1,3.7,4.7
CUST09788,37,Non-binary,San Jose,35202,11,183.03,2013.33,Home & Garden,Online,78,0,4.9,4.7
CUST09789,45,Male,New York,50561,11,76.1,837.1,Groceries,In-Store,47,0,3.8,4.4
CUST09790,21,Male,San Antonio,109517,13,54.0,702.0,Electronics,Online,51,0,3.7,4.7
CUST09791,50,Female,Philadelphia,62795,13,137.45,1786.85,Books,Online,31,1,3.8,5.3
CUST09792,52,Male,Houston,68240,8,64.81,518.48,Automotive,In-Store,1,0,3.8,4.0
CUST09793,18,Male,San Jose,157065,10,41.46,414.6,Beauty,Online,20,1,3.9,4.2
CUST09794,25,Female,San Diego,84473,8,163.28,1306.24,Electronics,Online,33,0,3.8,4.2
CUST09795,31,Male,Philadelphia,32943,19,60.5,1149.5,Toys,Mobile App,11,1,2.9,6.2
CUST09796,30,Female,Chicago,85043,18,67.21,1209.78,Books,Online,48,0,3.8,5.8
CUST09797,60,Female,Houston,39546,5,69.62,348.1,Groceries,Mobile App,123,0,3.7,2.7
CUST09798,38,Non-binary,Chicago,28316,16,41.69,667.04,Toys,Online,9,0,3.7,5.5
CUST09799,43,Male,Dallas,50135,15,73.71,1105.65,Books,In-Store,39,1,4.3,5.3
CUST09800,33,Female,Dallas,64311,13,35.04,455.52,Books,In-Store,47,1,5.0,4.6
CUST09801,42,Male,Phoenix,49289,12,71.24,854.88,Toys,Online,87,2,3.4,4.3
CUST09802,42,Female,Houston,121629,12,91.56,1098.72,Toys,Online,28,1,3.1,4.8
CUST09803,18,Female,Philadelphia,45051,16,129.28,2068.48,Sports,Online,7,1,3.3,6.1
CUST09804,54,Female,Chicago,28850,12,46.19,554.28,Books,In-Store,63,1,4.3,4.4
CUST09805,23,Female,Houston,41372,7,38.13,266.91,Clothing,In-Store,18,0,4.4,3.6
CUST09806,29,Male,San Jose,31870,13,93.96,1221.48,Sports,Online,40,1,3.6,5.0
CUST09807,18,Female,Chicago,22306,3,51.3,153.9,Home & Garden,Online,27,1,3.5,2.8
CUST09808,34,Female,New York,58081,14,35.45,496.3,Books,Online,3,0,4.5,5.1
CUST09809,51,Male,San Jose,98096,8,22.62,180.96,Sports,Mobile App,35,2,3.5,3.7
CUST09810,23,Male,Dallas,42187,14,46.99,657.86,Beauty,Online,21,1,4.7,5.0
CUST09811,44,Male,Los Angeles,55308,13,161.61,2100.93,Automotive,In-Store,25,1,3.8,5.4
CUST09812,44,Male,Dallas,65633,10,19.45,194.5,Home & Garden,Online,24,1,3.3,4.1
CUST09813,49,Female,New York,83981,10,29.68,296.8,Home & Garden,Online,40,1,3.7,4.0
CUST09814,21,Male,Houston,50375,5,97.68,488.4,Groceries,In-Store,19,0,4.3,3.4
CUST09815,42,Male,Houston,90805,12,87.62,1051.44,Beauty,In-Store,4,1,2.9,4.9
CUST09816,40,Female,New York,95083,7,21.59,151.13,Sports,Mobile App,58,1,3.4,3.3
CUST09817,29,Female,Dallas,37293,11,60.77,668.47,Books,Online,6,4,3.3,4.6
CUST09818,21,Male,Dallas,35574,17,77.15,1311.55,Health,In-Store,15,0,4.6,5.9
CUST09819,32,Female,Los Angeles,78551,9,134.36,1209.24,Home & Garden,Online,23,0,4.0,4.4
CUST09820,65,Female,Philadelphia,44161,15,111.41,1671.15,Electronics,In-Store,57,2,4.1,5.4
CUST09821,34,Male,Dallas,62008,13,61.46,798.98,Books,Mobile App,15,0,4.1,4.9
CUST09822,18,Male,Phoenix,81025,11,48.55,534.05,Home & Garden,Online,33,2,4.2,4.4
CUST09823,27,Male,Dallas,53197,11,77.82,856.02,Automotive,Online,18,2,3.3,4.6
CUST09824,49,Male,Chicago,22760,9,36.44,327.96,Beauty,In-Store,115,2,3.2,3.4
CUST09825,30,Male,San Jose,39899,8,28.39,227.12,Sports,Online,34,2,3.5,3.7
CUST09826,32,Female,Houston,54507,12,52.82,633.84,Books,Online,74,2,2.7,4.3
CUST09827,30,Male,Houston,64314,9,23.01,207.09,Electronics,Mobile App,24,0,4.1,3.9
CUST09828,51,Male,New York,28282,11,139.2,1531.2,Clothing,Online,16,1,3.8,4.9
CUST09829,53,Female,Chicago,45239,14,62.28,871.92,Automotive,In-Store,6,2,4.1,5.2
CUST09830,38,Male,Houston,101345,8,98.56,788.48,Books,Online,49,0,2.6,3.8
CUST09831,45,Male,Phoenix,32259,14,112.47,1574.58,Toys,Online,1,1,4.0,5.5
CUST09832,24,Male,Los Angeles,76268,9,43.83,394.47,Books,Mobile App,14,1,3.3,4.1
CUST09833,62,Male,Houston,110757,14,11.58,162.12,Electronics,Online,13,3,3.2,4.9
CUST09834,18,Male,Los Angeles,31203,11,82.87,911.57,Books,Online,2,1,3.9,4.7
CUST09835,75,Female,San Antonio,20000,13,116.97,1520.61,Groceries,Mobile App,1,1,4.1,5.3
CUST09836,45,Non-binary,Dallas,68584,8,62.17,497.36,Sports,Online,31,1,3.7,3.8
CUST09837,43,Male,Los Angeles,176212,7,75.1,525.7,Sports,In-Store,157,1,3.9,2.9
CUST09838,37,Female,Philadelphia,49631,19,129.48,2460.12,Toys,In-Store,11,1,4.1,6.7
CUST09839,27,Female,San Antonio,97430,13,123.44,1604.72,Groceries,Online,1,0,4.5,5.4
CUST09840,35,Female,Los Angeles,38674,15,55.53,832.95,Clothing,In-Store,8,4,3.1,5.4
CUST09841,47,Female,Dallas,20000,9,58.58,527.22,Books,Online,146,1,3.8,3.3
CUST09842,41,Male,San Antonio,23732,10,74.19,741.9,Electronics,In-Store,8,1,3.6,4.4
CUST09843,38,Female,Chicago,49101,14,66.41,929.74,Books,Mobile App,9,1,3.2,5.2
CUST09844,46,Male,San Jose,38401,11,13.64,150.04,Electronics,In-Store,11,3,3.6,4.3
CUST09845,49,Male,San Jose,87270,10,52.01,520.1,Beauty,Online,53,0,4.0,4.1
CUST09846,37,Female,San Jose,96978,10,74.04,740.4,Clothing,Mobile App,24,0,3.4,4.3
CUST09847,23,Female,Chicago,102122,16,52.39,838.24,Sports,Online,8,2,4.5,5.5
CUST09848,18,Female,San Antonio,40901,17,141.55,2406.35,Books,In-Store,71,2,3.0,6.0
CUST09849,60,Female,Phoenix,168170,10,17.96,179.6,Beauty,Mobile App,117,2,3.1,3.5
CUST09850,48,Female,Houston,94020,12,85.54,1026.48,Groceries,Mobile App,58,2,3.3,4.6
CUST09851,41,Male,New York,57612,9,89.46,805.14,Groceries,Mobile App,20,0,3.5,4.2
CUST09852,31,Male,Houston,24856,19,119.31,2266.89,Automotive,In-Store,2,0,4.2,6.7
CUST09853,35,Male,Phoenix,54107,15,12.85,192.75,Electronics,Online,2,2,3.5,5.1
CUST09854,35,Female,New York,47164,9,99.45,895.05,Toys,In-Store,72,0,4.4,3.9
CUST09855,33,Female,Philadelphia,32327,15,66.32,994.8,Electronics,Online,1,0,3.4,5.5
CUST09856,24,Female,New York,32112,10,98.92,989.2,Beauty,In-Store,77,1,3.2,4.1
CUST09857,54,Female,San Antonio,78438,12,46.36,556.32,Books,Online,1,1,4.6,4.8
CUST09858,50,Male,Philadelphia,157632,12,36.29,435.48,Home & Garden,Mobile App,85,4,3.7,4.2
CUST09859,21,Female,Los Angeles,23095,12,59.6,715.2,Toys,In-Store,13,0,3.8,4.7
CUST09860,26,Male,San Jose,60596,18,89.44,1609.92,Beauty,Online,6,4,2.6,6.2
CUST09861,43,Female,Los Angeles,71398,8,38.6,308.8,Groceries,In-Store,29,0,4.1,3.8
CUST09862,41,Female,Dallas,89152,13,76.33,992.29,Groceries,Online,81,1,3.1,4.6
CUST09863,36,Female,Chicago,85309,17,92.27,1568.59,Groceries,Online,65,1,4.5,5.7
CUST09864,58,Female,Dallas,36671,16,138.67,2218.72,Automotive,Online,15,3,3.4,6.1
CUST09865,49,Female,Chicago,188936,13,40.16,522.08,Electronics,In-Store,5,2,3.6,4.9
CUST09866,27,Female,Philadelphia,25833,10,320.6,3206.0,Groceries,Online,1,2,3.6,5.5
CUST09867,21,Male,San Antonio,22537,13,33.48,435.24,Automotive,Online,12,1,4.1,4.8
CUST09868,53,Non-binary,Chicago,48014,12,79.98,959.76,Books,In-Store,14,3,4.3,4.8
CUST09869,45,Male,New York,40960,12,80.87,970.44,Beauty,In-Store,6,1,3.1,4.9
CUST09870,48,Male,Houston,20000,9,74.81,673.29,Groceries,Online,46,0,3.1,4.0
CUST09871,33,Female,Los Angeles,82233,12,144.47,1733.64,Home & Garden,Mobile App,17,1,4.0,5.2
CUST09872,48,Male,New York,71893,10,59.79,597.9,Home & Garden,Mobile App,11,0,3.6,4.4
CUST09873,37,Female,Chicago,117346,13,35.22,457.86,Beauty,Online,60,1,3.3,4.5
CUST09874,40,Female,San Diego,46242,7,182.07,1274.49,Sports,In-Store,4,0,3.7,4.2
CUST09875,28,Female,Houston,47854,10,66.92,669.2,Automotive,Online,21,1,4.6,4.3
CUST09876,18,Female,Phoenix,79392,10,145.96,1459.6,Electronics,In-Store,4,2,4.7,4.8
CUST09877,53,Female,Houston,48081,13,62.29,809.77,Toys,In-Store,34,0,4.1,4.8
CUST09878,18,Male,Houston,59717,11,72.82,801.02,Health,In-Store,58,2,2.8,4.3
CUST09879,44,Male,Dallas,20000,17,80.42,1367.14,Beauty,In-Store,15,2,4.2,5.9
CUST09880,44,Male,Houston,36955,8,188.56,1508.48,Electronics,In-Store,52,0,4.5,4.1
CUST09881,39,Female,Los Angeles,65206,5,159.09,795.45,Sports,In-Store,39,0,3.0,3.4
CUST09882,42,Female,Chicago,52746,8,53.27,426.16,Health,In-Store,168,1,3.1,2.9
CUST09883,22,Female,New York,26346,10,100.15,1001.5,Beauty,Mobile App,65,0,3.4,4.2
CUST09884,35,Female,Phoenix,22090,14,54.05,756.7,Automotive,Mobile App,8,3,3.4,5.1
CUST09885,49,Female,Philadelphia,62804,8,137.6,1100.8,Health,Online,52,1,4.0,4.0
CUST09886,67,Male,Dallas,129267,12,93.46,1121.52,Groceries,Mobile App,7,1,4.2,5.0
CUST09887,44,Male,Chicago,34356,8,162.36,1298.88,Clothing,Online,67,1,3.7,3.9
CUST09888,36,Male,Phoenix,29114,19,69.54,1321.26,Sports,Online,6,1,4.8,6.3
CUST09889,30,Female,Houston,57816,12,70.53,846.36,Health,Online,37,1,4.8,4.6
CUST09890,35,Male,Los Angeles,69124,13,86.89,1129.57,Toys,Mobile App,6,0,3.7,5.1
CUST09891,43,Female,New York,30869,15,35.56,533.4,Electronics,Online,14,3,3.4,5.2
CUST09892,28,Male,San Antonio,65362,15,135.4,2031.0,Automotive,In-Store,70,4,3.4,5.5
CUST09893,30,Female,Phoenix,52482,12,127.01,1524.12,Automotive,Online,85,2,3.1,4.6
CUST09894,51,Female,San Diego,29907,15,175.78,2636.7,Home & Garden,Online,45,2,4.1,5.9
CUST09895,28,Female,San Jose,119383,18,138.41,2491.38,Books,Online,44,1,4.2,6.4
CUST09896,18,Female,San Diego,44511,14,87.96,1231.44,Groceries,Online,54,1,3.9,5.1
CUST09897,48,Male,New York,33522,14,252.37,3533.18,Sports,Mobile App,19,1,3.4,6.3
CUST09898,40,Female,Phoenix,48427,10,184.46,1844.6,Clothing,Online,50,3,3.4,4.6
CUST09899,58,Female,Dallas,29839,8,89.53,716.24,Electronics,Online,71,1,4.0,3.7
CUST09900,20,Female,Houston,49847,13,74.69,970.97,Automotive,In-Store,24,2,3.3,5.0
CUST09901,36,Male,Chicago,52734,15,53.51,802.65,Automotive,In-Store,25,1,4.5,5.2
CUST09902,45,Female,Phoenix,175369,12,66.65,799.8,Electronics,Online,13,1,3.3,4.8
CUST09903,27,Female,Philadelphia,66798,19,163.73,3110.87,Clothing,Online,30,3,2.9,6.9
CUST09904,32,Male,San Jose,62255,12,13.81,165.72,Beauty,Online,17,2,2.5,4.5
CUST09905,32,Male,Chicago,40358,13,110.21,1432.73,Books,Online,87,1,3.9,4.8
CUST09906,37,Male,Dallas,47257,12,56.41,676.92,Electronics,Online,1,1,3.6,4.8
CUST09907,21,Female,San Antonio,178385,12,23.38,280.56,Home & Garden,Online,16,5,2.9,4.5
CUST09908,54,Female,San Diego,42512,13,66.56,865.28,Beauty,Online,24,2,3.2,4.9
CUST09909,33,Female,Dallas,98146,9,72.33,650.97,Clothing,Online,2,2,3.3,4.3
CUST09910,18,Male,San Antonio,86162,8,43.85,350.8,Sports,Online,1,1,2.6,4.0
CUST09911,36,Female,Dallas,122241,16,37.12,593.92,Home & Garden,In-Store,45,3,4.0,5.2
CUST09912,30,Male,Houston,80866,13,173.49,2255.37,Health,In-Store,49,1,4.0,5.3
CUST09913,40,Male,San Jose,37507,12,85.24,1022.88,Beauty,Online,24,1,3.8,4.8
CUST09914,39,Female,San Antonio,80504,12,32.12,385.44,Electronics,In-Store,4,2,2.2,4.7
CUST09915,56,Female,Philadelphia,52550,14,32.89,460.46,Home & Garden,Online,75,2,2.7,4.6
CUST09916,40,Female,San Diego,122389,9,20.55,184.95,Home & Garden,Online,75,0,3.6,3.6
CUST09917,40,Female,Los Angeles,180028,18,212.71,3828.78,Clothing,Online,25,4,4.1,7.0
CUST09918,49,Female,San Diego,20000,5,81.13,405.65,Sports,Online,67,0,3.9,3.0
CUST09919,34,Male,San Diego,124788,8,199.02,1592.16,Home & Garden,In-Store,179,1,3.1,3.4
CUST09920,54,Female,San Diego,66363,9,198.52,1786.68,Electronics,Online,22,0,4.2,4.6
CUST09921,54,Female,San Jose,89885,15,27.94,419.1,Electronics,In-Store,1,4,3.2,5.2
CUST09922,44,Male,Dallas,27972,12,21.87,262.44,Clothing,In-Store,36,1,3.2,4.4
CUST09923,25,Male,San Antonio,33218,10,471.27,4712.7,Beauty,In-Store,84,3,4.2,5.6
CUST09924,41,Female,Houston,63430,7,76.06,532.42,Health,Online,13,5,2.1,3.8
CUST09925,41,Female,New York,36090,10,131.59,1315.9,Home & Garden,In-Store,6,1,4.0,4.7
CUST09926,35,Male,Philadelphia,55357,8,65.3,522.4,Toys,Online,3,2,4.0,4.0
CUST09927,30,Female,Dallas,35331,13,65.12,846.56,Health,Online,6,1,3.8,5.0
CUST09928,39,Male,New York,102214,15,55.72,835.8,Sports,Mobile App,13,2,4.5,5.3
CUST09929,48,Female,San Diego,35238,11,57.15,628.65,Beauty,Online,57,1,3.5,4.3
CUST09930,47,Female,Houston,47487,9,16.86,151.74,Electronics,Online,144,1,4.2,3.2
CUST09931,41,Female,Chicago,43654,13,21.72,282.36,Clothing,Mobile App,41,1,2.8,4.6
CUST09932,39,Female,Dallas,108731,11,64.98,714.78,Toys,In-Store,27,3,3.7,4.5
CUST09933,51,Female,San Antonio,20000,14,54.53,763.42,Health,In-Store,8,0,3.7,5.1
CUST09934,40,Male,Dallas,56433,15,106.17,1592.55,Toys,Online,23,1,5.0,5.6
CUST09935,30,Male,Phoenix,30525,12,41.98,503.76,Clothing,Online,21,0,3.8,4.6
CUST09936,32,Male,Philadelphia,45697,9,22.71,204.39,Toys,Mobile App,2,0,3.8,4.1
CUST09937,34,Female,San Antonio,81298,20,46.62,932.4,Toys,Mobile App,10,5,4.0,6.3
CUST09938,18,Male,Chicago,52303,16,100.87,1613.92,Books,Online,37,3,3.0,5.7
CUST09939,36,Male,Chicago,40169,16,66.36,1061.76,Automotive,Mobile App,23,0,4.4,5.5
CUST09940,51,Female,Chicago,56369,17,201.12,3419.04,Health,Mobile App,10,1,4.2,6.8
CUST09941,33,Male,San Diego,78874,22,220.15,4843.3,Automotive,In-Store,29,4,4.0,8.2
CUST09942,18,Female,Dallas,50437,9,30.44,273.96,Beauty,Mobile App,99,2,3.6,3.5
CUST09943,27,Male,San Jose,56358,12,36.52,438.24,Health,Online,1,2,4.2,4.7
CUST09944,43,Female,New York,64353,13,129.09,1678.17,Automotive,Online,82,2,4.1,4.9
CUST09945,46,Female,Philadelphia,45449,9,59.2,532.8,Automotive,In-Store,25,0,4.4,4.1
CUST09946,23,Female,Houston,43849,13,81.18,1055.34,Toys,In-Store,145,2,3.7,4.2
CUST09947,36,Male,Phoenix,37573,12,85.96,1031.52,Home & Garden,Online,14,3,3.9,4.9
CUST09948,28,Male,Los Angeles,57330,9,32.44,291.96,Automotive,Online,6,3,3.2,4.1
CUST09949,55,Female,San Diego,40484,15,96.82,1452.3,Electronics,Online,1,1,4.1,5.7
CUST09950,52,Male,San Jose,101904,9,43.3,389.7,Sports,Online,16,2,2.8,4.1
CUST09951,42,Female,Los Angeles,28768,9,35.64,320.76,Sports,In-Store,34,0,3.6,3.9
CUST09952,18,Male,New York,24749,14,90.16,1262.24,Sports,Online,35,1,3.4,5.2
CUST09953,29,Male,San Antonio,72279,9,114.18,1027.62,Electronics,Online,49,2,4.5,4.1
CUST09954,50,Female,Los Angeles,69476,13,120.24,1563.12,Electronics,In-Store,53,1,3.8,5.0
CUST09955,33,Male,New York,22702,14,120.31,1684.34,Toys,In-Store,10,2,4.0,5.5
CUST09956,29,Female,Chicago,39957,15,97.09,1456.35,Health,Online,17,1,4.4,5.6
CUST09957,36,Female,Chicago,87675,9,29.84,268.56,Automotive,In-Store,63,1,3.4,3.7
CUST09958,50,Female,Phoenix,66186,11,132.42,1456.62,Groceries,Online,40,2,3.6,4.7
CUST09959,32,Male,Phoenix,40060,11,107.03,1177.33,Sports,Mobile App,7,1,3.9,4.8
CUST09960,30,Female,San Jose,75538,11,18.13,199.43,Health,Online,73,0,2.9,4.0
CUST09961,43,Female,Los Angeles,112963,19,54.18,1029.42,Health,Online,3,3,3.8,6.2
CUST09962,42,Male,San Antonio,59399,15,16.33,244.95,Books,In-Store,33,3,3.3,4.9
CUST09963,36,Female,Phoenix,87117,14,39.62,554.68,Toys,In-Store,10,1,3.2,5.0
CUST09964,50,Male,San Diego,38349,11,79.46,874.06,Automotive,In-Store,11,1,3.7,4.6
CUST09965,36,Female,Houston,22515,8,65.21,521.68,Toys,Mobile App,39,0,3.7,3.8
CUST09966,39,Female,Philadelphia,52744,11,172.24,1894.64,Home & Garden,Mobile App,22,0,4.1,5.0
CUST09967,49,Female,Chicago,21602,16,157.32,2517.12,Beauty,In-Store,6,1,3.5,6.3
CUST09968,25,Female,San Antonio,85173,13,161.12,2094.56,Toys,Online,14,1,3.6,5.5
CUST09969,26,Female,Houston,83815,12,32.69,392.28,Books,Online,9,0,3.6,4.6
CUST09970,54,Female,San Diego,50875,9,79.91,719.19,Sports,Mobile App,48,0,4.4,4.0
CUST09971,34,Female,Phoenix,46868,8,193.16,1545.28,Electronics,Mobile App,32,2,3.4,4.3
CUST09972,33,Male,San Antonio,103358,20,60.88,1217.6,Electronics,Online,16,1,4.0,6.3
CUST09973,51,Male,Los Angeles,138688,4,35.5,142.0,Books,In-Store,95,0,3.7,2.6
CUST09974,26,Female,San Diego,20000,21,74.8,1570.8,Beauty,Online,66,3,3.0,6.4
CUST09975,42,Female,New York,20000,5,101.8,509.0,Toys,Online,7,1,3.0,3.5
CUST09976,26,Male,San Diego,40534,16,42.0,672.0,Health,Mobile App,12,2,3.1,5.4
CUST09977,49,Female,San Diego,30262,9,116.84,1051.56,Clothing,Online,54,0,4.4,4.1
CUST09978,26,Male,Philadelphia,20000,19,113.44,2155.36,Electronics,Online,13,1,4.4,6.6
CUST09979,37,Female,Phoenix,38438,13,87.05,1131.65,Groceries,Mobile App,51,2,3.3,4.9
CUST09980,23,Male,San Jose,90769,13,42.38,550.94,Health,Mobile App,7,1,5.0,4.9
CUST09981,31,Female,Houston,30970,14,73.96,1035.44,Automotive,In-Store,2,1,4.3,5.3
CUST09982,66,Male,San Antonio,56392,14,109.05,1526.7,Toys,Online,11,2,3.5,5.5
CUST09983,31,Female,Chicago,46238,8,91.61,732.88,Toys,Online,58,0,3.9,3.8
CUST09984,41,Female,Phoenix,37117,12,79.87,958.44,Home & Garden,Mobile App,15,2,3.2,4.8
CUST09985,45,Male,Houston,53604,13,109.81,1427.53,Health,Online,45,0,3.9,5.0
CUST09986,45,Female,San Antonio,21978,15,468.69,7030.35,Sports,Mobile App,3,1,4.2,8.0
CUST09987,32,Male,San Antonio,55299,8,218.22,1745.76,Electronics,Mobile App,48,0,3.6,4.3
CUST09988,43,Male,San Diego,28258,9,44.9,404.1,Automotive,Online,17,0,4.4,4.1
CUST09989,28,Female,Houston,91804,11,19.09,209.99,Books,In-Store,31,1,3.9,4.2
CUST09990,53,Male,Los Angeles,36281,12,127.67,1532.04,Beauty,In-Store,33,0,4.1,5.0
CUST09991,40,Female,New York,41612,14,247.56,3465.84,Groceries,Online,21,1,3.4,6.2
CUST09992,49,Male,Phoenix,101396,13,90.35,1174.55,Electronics,In-Store,113,1,4.3,4.5
CUST09993,25,Female,San Diego,65453,10,83.11,831.1,Home & Garden,Online,16,1,4.5,4.4
CUST09994,39,Male,New York,20000,12,152.1,1825.2,Books,Online,13,2,2.7,5.2
CUST09995,37,Male,Philadelphia,20000,18,28.75,517.5,Sports,In-Store,1,4,3.7,5.8
CUST09996,24,Male,Chicago,67722,13,104.34,1356.42,Sports,Online,57,1,3.3,4.9
CUST09997,49,Non-binary,Los Angeles,82077,11,43.3,476.3,Books,Mobile App,47,2,2.9,4.3
CUST09998,52,Male,Philadelphia,20305,10,56.01,560.1,Home & Garden,In-Store,37,2,3.7,4.2
CUST09999,46,Female,Dallas,84171,12,18.34,220.08,Books,Mobile App,20,4,4.1,4.5
CUST10000,45,Male,New York,53563,12,213.01,2556.12,Beauty,In-Store,7,2,4.0,5.6
